ISO-10303-21;
HEADER;
/* Generated by software containing ST-Developer
 * from STEP Tools, Inc. (www.steptools.com) 
 */
/* OPTION: using custom schema-name function */

FILE_DESCRIPTION(
/* description */ (''),
/* implementation_level */ '2;1');

FILE_NAME(
/* name */ 'MusashinoLibrary_FloorPlate',
/* time_stamp */ '2026-05-08T11:52:21-07:00',
/* author */ (''),
/* organization */ (''),
/* preprocessor_version */ 'ST-DEVELOPER v19.2',
/* originating_system */ 'Rhino 8.30',
/* authorisation */ '');

FILE_SCHEMA (('AP242_MANAGED_MODEL_BASED_3D_ENGINEERING_MIM_LF { 1 0 10303 442 3 1 4 }'));
ENDSEC;

DATA;
#10=SHAPE_REPRESENTATION_RELATIONSHIP('','',#2172,#22);
#11=COLOUR_RGB('',1.,0.,0.705882352941176);
#12=FILL_AREA_STYLE_COLOUR('',#11);
#13=FILL_AREA_STYLE('',(#12));
#14=SURFACE_STYLE_FILL_AREA(#13);
#15=SURFACE_SIDE_STYLE('',(#14));
#16=SURFACE_STYLE_USAGE(.BOTH.,#15);
#17=MECHANICAL_DESIGN_GEOMETRIC_PRESENTATION_REPRESENTATION('',(#19),#2171);
#18=PRESENTATION_STYLE_ASSIGNMENT((#16));
#19=STYLED_ITEM('',(#18),#21);
#20=PRESENTATION_LAYER_ASSIGNMENT('floor plate_shelves','',(#21));
#21=SHELL_BASED_SURFACE_MODEL('shell_1',(#23));
#22=MANIFOLD_SURFACE_SHAPE_REPRESENTATION('shell_rep_0',(#21,#2175),#2171);
#23=OPEN_SHELL('',(#24));
#24=ADVANCED_FACE('',(#80,#25,#26,#27,#28,#29,#30,#31,#32,#33,#34,#35,#36,
#37,#38,#39,#40,#41,#42,#43,#44,#45,#46,#47,#48,#49,#50,#51,#52,#53,#54,
#55,#56,#57,#58,#59,#60,#61,#62,#63,#64,#65,#66,#67,#68,#69,#70,#71,#72,
#73,#74,#75,#76,#77,#78,#79),#2153,.T.);
#25=FACE_BOUND('',#82,.T.);
#26=FACE_BOUND('',#83,.T.);
#27=FACE_BOUND('',#84,.T.);
#28=FACE_BOUND('',#85,.T.);
#29=FACE_BOUND('',#86,.T.);
#30=FACE_BOUND('',#87,.T.);
#31=FACE_BOUND('',#88,.T.);
#32=FACE_BOUND('',#89,.T.);
#33=FACE_BOUND('',#90,.T.);
#34=FACE_BOUND('',#91,.T.);
#35=FACE_BOUND('',#92,.T.);
#36=FACE_BOUND('',#93,.T.);
#37=FACE_BOUND('',#94,.T.);
#38=FACE_BOUND('',#95,.T.);
#39=FACE_BOUND('',#96,.T.);
#40=FACE_BOUND('',#97,.T.);
#41=FACE_BOUND('',#98,.T.);
#42=FACE_BOUND('',#99,.T.);
#43=FACE_BOUND('',#100,.T.);
#44=FACE_BOUND('',#101,.T.);
#45=FACE_BOUND('',#102,.T.);
#46=FACE_BOUND('',#103,.T.);
#47=FACE_BOUND('',#104,.T.);
#48=FACE_BOUND('',#105,.T.);
#49=FACE_BOUND('',#106,.T.);
#50=FACE_BOUND('',#107,.T.);
#51=FACE_BOUND('',#108,.T.);
#52=FACE_BOUND('',#109,.T.);
#53=FACE_BOUND('',#110,.T.);
#54=FACE_BOUND('',#111,.T.);
#55=FACE_BOUND('',#112,.T.);
#56=FACE_BOUND('',#113,.T.);
#57=FACE_BOUND('',#114,.T.);
#58=FACE_BOUND('',#115,.T.);
#59=FACE_BOUND('',#116,.T.);
#60=FACE_BOUND('',#117,.T.);
#61=FACE_BOUND('',#118,.T.);
#62=FACE_BOUND('',#119,.T.);
#63=FACE_BOUND('',#120,.T.);
#64=FACE_BOUND('',#121,.T.);
#65=FACE_BOUND('',#122,.T.);
#66=FACE_BOUND('',#123,.T.);
#67=FACE_BOUND('',#124,.T.);
#68=FACE_BOUND('',#125,.T.);
#69=FACE_BOUND('',#126,.T.);
#70=FACE_BOUND('',#127,.T.);
#71=FACE_BOUND('',#128,.T.);
#72=FACE_BOUND('',#129,.T.);
#73=FACE_BOUND('',#130,.T.);
#74=FACE_BOUND('',#131,.T.);
#75=FACE_BOUND('',#132,.T.);
#76=FACE_BOUND('',#133,.T.);
#77=FACE_BOUND('',#134,.T.);
#78=FACE_BOUND('',#135,.T.);
#79=FACE_BOUND('',#136,.T.);
#80=FACE_OUTER_BOUND('',#81,.T.);
#81=EDGE_LOOP('',(#137,#138,#139,#140,#141,#142,#143,#144,#145,#146,#147,
#148,#149,#150,#151,#152,#153,#154,#155,#156,#157,#158,#159,#160,#161,#162,
#163,#164,#165,#166,#167,#168,#169,#170,#171,#172,#173,#174,#175,#176,#177,
#178,#179,#180,#181,#182,#183,#184,#185,#186,#187,#188,#189,#190,#191,#192,
#193,#194,#195,#196,#197,#198,#199,#200,#201,#202,#203,#204,#205,#206,#207,
#208,#209,#210,#211,#212,#213,#214,#215,#216,#217,#218,#219,#220,#221,#222,
#223,#224,#225,#226,#227,#228,#229,#230,#231,#232,#233,#234,#235,#236,#237,
#238,#239,#240,#241,#242,#243,#244,#245,#246,#247,#248,#249,#250,#251,#252,
#253,#254,#255,#256,#257,#258,#259,#260,#261,#262,#263,#264,#265,#266,#267,
#268,#269,#270,#271,#272,#273,#274,#275,#276,#277,#278,#279,#280,#281,#282,
#283,#284,#285,#286,#287,#288,#289,#290,#291,#292,#293,#294,#295,#296,#297,
#298,#299,#300,#301,#302,#303,#304,#305,#306,#307,#308,#309,#310,#311,#312,
#313,#314,#315,#316,#317,#318,#319,#320,#321,#322,#323,#324,#325,#326,#327,
#328,#329,#330,#331,#332,#333,#334,#335,#336,#337,#338,#339,#340,#341,#342,
#343,#344,#345,#346,#347,#348,#349,#350,#351,#352,#353,#354,#355,#356));
#82=EDGE_LOOP('',(#357,#358,#359,#360,#361,#362));
#83=EDGE_LOOP('',(#363,#364,#365,#366,#367,#368,#369,#370,#371,#372,#373,
#374,#375,#376,#377,#378,#379,#380,#381,#382,#383,#384));
#84=EDGE_LOOP('',(#385,#386,#387,#388,#389,#390));
#85=EDGE_LOOP('',(#391,#392,#393,#394,#395,#396,#397,#398,#399,#400,#401));
#86=EDGE_LOOP('',(#402,#403,#404,#405,#406,#407,#408,#409,#410,#411,#412));
#87=EDGE_LOOP('',(#413,#414,#415,#416,#417,#418));
#88=EDGE_LOOP('',(#419,#420,#421,#422));
#89=EDGE_LOOP('',(#423,#424,#425,#426));
#90=EDGE_LOOP('',(#427,#428,#429,#430));
#91=EDGE_LOOP('',(#431,#432,#433,#434,#435,#436,#437,#438,#439,#440,#441,
#442,#443,#444,#445,#446,#447,#448,#449,#450));
#92=EDGE_LOOP('',(#451,#452,#453,#454));
#93=EDGE_LOOP('',(#455,#456,#457,#458));
#94=EDGE_LOOP('',(#459,#460,#461,#462,#463,#464));
#95=EDGE_LOOP('',(#465,#466,#467,#468));
#96=EDGE_LOOP('',(#469,#470,#471,#472));
#97=EDGE_LOOP('',(#473,#474,#475,#476,#477,#478));
#98=EDGE_LOOP('',(#479,#480,#481,#482,#483,#484));
#99=EDGE_LOOP('',(#485,#486,#487,#488,#489,#490));
#100=EDGE_LOOP('',(#491,#492,#493,#494));
#101=EDGE_LOOP('',(#495,#496,#497,#498));
#102=EDGE_LOOP('',(#499,#500,#501,#502));
#103=EDGE_LOOP('',(#503,#504,#505,#506));
#104=EDGE_LOOP('',(#507,#508,#509,#510,#511,#512));
#105=EDGE_LOOP('',(#513,#514,#515,#516));
#106=EDGE_LOOP('',(#517,#518,#519,#520));
#107=EDGE_LOOP('',(#521,#522,#523,#524));
#108=EDGE_LOOP('',(#525,#526,#527,#528));
#109=EDGE_LOOP('',(#529,#530,#531,#532));
#110=EDGE_LOOP('',(#533,#534,#535,#536));
#111=EDGE_LOOP('',(#537,#538,#539,#540));
#112=EDGE_LOOP('',(#541,#542,#543,#544));
#113=EDGE_LOOP('',(#545,#546,#547,#548));
#114=EDGE_LOOP('',(#549,#550,#551,#552));
#115=EDGE_LOOP('',(#553,#554,#555,#556));
#116=EDGE_LOOP('',(#557,#558,#559,#560));
#117=EDGE_LOOP('',(#561,#562,#563,#564));
#118=EDGE_LOOP('',(#565,#566,#567,#568));
#119=EDGE_LOOP('',(#569,#570,#571,#572));
#120=EDGE_LOOP('',(#573,#574,#575,#576));
#121=EDGE_LOOP('',(#577,#578,#579,#580));
#122=EDGE_LOOP('',(#581,#582,#583,#584));
#123=EDGE_LOOP('',(#585,#586,#587,#588));
#124=EDGE_LOOP('',(#589,#590,#591,#592));
#125=EDGE_LOOP('',(#593,#594,#595,#596));
#126=EDGE_LOOP('',(#597,#598,#599,#600));
#127=EDGE_LOOP('',(#601,#602,#603,#604));
#128=EDGE_LOOP('',(#605,#606,#607,#608));
#129=EDGE_LOOP('',(#609,#610,#611,#612));
#130=EDGE_LOOP('',(#613,#614,#615,#616));
#131=EDGE_LOOP('',(#617,#618,#619,#620));
#132=EDGE_LOOP('',(#621,#622,#623,#624));
#133=EDGE_LOOP('',(#625,#626,#627,#628));
#134=EDGE_LOOP('',(#629,#630,#631,#632));
#135=EDGE_LOOP('',(#633,#634,#635,#636));
#136=EDGE_LOOP('',(#637,#638,#639,#640));
#137=ORIENTED_EDGE('',*,*,#641,.T.);
#138=ORIENTED_EDGE('',*,*,#915,.T.);
#139=ORIENTED_EDGE('',*,*,#914,.T.);
#140=ORIENTED_EDGE('',*,*,#913,.T.);
#141=ORIENTED_EDGE('',*,*,#912,.T.);
#142=ORIENTED_EDGE('',*,*,#911,.T.);
#143=ORIENTED_EDGE('',*,*,#910,.T.);
#144=ORIENTED_EDGE('',*,*,#909,.T.);
#145=ORIENTED_EDGE('',*,*,#908,.T.);
#146=ORIENTED_EDGE('',*,*,#907,.T.);
#147=ORIENTED_EDGE('',*,*,#906,.T.);
#148=ORIENTED_EDGE('',*,*,#905,.T.);
#149=ORIENTED_EDGE('',*,*,#904,.T.);
#150=ORIENTED_EDGE('',*,*,#903,.T.);
#151=ORIENTED_EDGE('',*,*,#902,.T.);
#152=ORIENTED_EDGE('',*,*,#901,.T.);
#153=ORIENTED_EDGE('',*,*,#900,.T.);
#154=ORIENTED_EDGE('',*,*,#899,.T.);
#155=ORIENTED_EDGE('',*,*,#898,.T.);
#156=ORIENTED_EDGE('',*,*,#897,.T.);
#157=ORIENTED_EDGE('',*,*,#896,.T.);
#158=ORIENTED_EDGE('',*,*,#895,.T.);
#159=ORIENTED_EDGE('',*,*,#894,.T.);
#160=ORIENTED_EDGE('',*,*,#893,.T.);
#161=ORIENTED_EDGE('',*,*,#892,.T.);
#162=ORIENTED_EDGE('',*,*,#891,.T.);
#163=ORIENTED_EDGE('',*,*,#890,.T.);
#164=ORIENTED_EDGE('',*,*,#889,.T.);
#165=ORIENTED_EDGE('',*,*,#888,.T.);
#166=ORIENTED_EDGE('',*,*,#887,.T.);
#167=ORIENTED_EDGE('',*,*,#886,.T.);
#168=ORIENTED_EDGE('',*,*,#885,.T.);
#169=ORIENTED_EDGE('',*,*,#884,.T.);
#170=ORIENTED_EDGE('',*,*,#883,.T.);
#171=ORIENTED_EDGE('',*,*,#882,.T.);
#172=ORIENTED_EDGE('',*,*,#881,.T.);
#173=ORIENTED_EDGE('',*,*,#880,.T.);
#174=ORIENTED_EDGE('',*,*,#879,.T.);
#175=ORIENTED_EDGE('',*,*,#878,.T.);
#176=ORIENTED_EDGE('',*,*,#877,.T.);
#177=ORIENTED_EDGE('',*,*,#876,.T.);
#178=ORIENTED_EDGE('',*,*,#875,.T.);
#179=ORIENTED_EDGE('',*,*,#874,.T.);
#180=ORIENTED_EDGE('',*,*,#873,.T.);
#181=ORIENTED_EDGE('',*,*,#872,.T.);
#182=ORIENTED_EDGE('',*,*,#871,.T.);
#183=ORIENTED_EDGE('',*,*,#870,.T.);
#184=ORIENTED_EDGE('',*,*,#869,.T.);
#185=ORIENTED_EDGE('',*,*,#868,.T.);
#186=ORIENTED_EDGE('',*,*,#867,.T.);
#187=ORIENTED_EDGE('',*,*,#866,.T.);
#188=ORIENTED_EDGE('',*,*,#865,.T.);
#189=ORIENTED_EDGE('',*,*,#864,.T.);
#190=ORIENTED_EDGE('',*,*,#863,.T.);
#191=ORIENTED_EDGE('',*,*,#862,.T.);
#192=ORIENTED_EDGE('',*,*,#861,.T.);
#193=ORIENTED_EDGE('',*,*,#860,.T.);
#194=ORIENTED_EDGE('',*,*,#859,.T.);
#195=ORIENTED_EDGE('',*,*,#858,.T.);
#196=ORIENTED_EDGE('',*,*,#857,.T.);
#197=ORIENTED_EDGE('',*,*,#856,.T.);
#198=ORIENTED_EDGE('',*,*,#855,.T.);
#199=ORIENTED_EDGE('',*,*,#854,.T.);
#200=ORIENTED_EDGE('',*,*,#853,.T.);
#201=ORIENTED_EDGE('',*,*,#852,.T.);
#202=ORIENTED_EDGE('',*,*,#851,.T.);
#203=ORIENTED_EDGE('',*,*,#850,.T.);
#204=ORIENTED_EDGE('',*,*,#849,.T.);
#205=ORIENTED_EDGE('',*,*,#848,.T.);
#206=ORIENTED_EDGE('',*,*,#847,.T.);
#207=ORIENTED_EDGE('',*,*,#846,.T.);
#208=ORIENTED_EDGE('',*,*,#845,.T.);
#209=ORIENTED_EDGE('',*,*,#844,.T.);
#210=ORIENTED_EDGE('',*,*,#843,.T.);
#211=ORIENTED_EDGE('',*,*,#842,.T.);
#212=ORIENTED_EDGE('',*,*,#841,.T.);
#213=ORIENTED_EDGE('',*,*,#840,.T.);
#214=ORIENTED_EDGE('',*,*,#839,.T.);
#215=ORIENTED_EDGE('',*,*,#838,.T.);
#216=ORIENTED_EDGE('',*,*,#837,.T.);
#217=ORIENTED_EDGE('',*,*,#836,.T.);
#218=ORIENTED_EDGE('',*,*,#835,.T.);
#219=ORIENTED_EDGE('',*,*,#834,.T.);
#220=ORIENTED_EDGE('',*,*,#833,.T.);
#221=ORIENTED_EDGE('',*,*,#832,.T.);
#222=ORIENTED_EDGE('',*,*,#831,.T.);
#223=ORIENTED_EDGE('',*,*,#830,.T.);
#224=ORIENTED_EDGE('',*,*,#829,.T.);
#225=ORIENTED_EDGE('',*,*,#828,.T.);
#226=ORIENTED_EDGE('',*,*,#827,.T.);
#227=ORIENTED_EDGE('',*,*,#826,.T.);
#228=ORIENTED_EDGE('',*,*,#825,.T.);
#229=ORIENTED_EDGE('',*,*,#824,.T.);
#230=ORIENTED_EDGE('',*,*,#823,.T.);
#231=ORIENTED_EDGE('',*,*,#822,.T.);
#232=ORIENTED_EDGE('',*,*,#821,.T.);
#233=ORIENTED_EDGE('',*,*,#820,.T.);
#234=ORIENTED_EDGE('',*,*,#819,.T.);
#235=ORIENTED_EDGE('',*,*,#818,.T.);
#236=ORIENTED_EDGE('',*,*,#817,.T.);
#237=ORIENTED_EDGE('',*,*,#816,.T.);
#238=ORIENTED_EDGE('',*,*,#815,.T.);
#239=ORIENTED_EDGE('',*,*,#814,.T.);
#240=ORIENTED_EDGE('',*,*,#813,.T.);
#241=ORIENTED_EDGE('',*,*,#812,.T.);
#242=ORIENTED_EDGE('',*,*,#811,.T.);
#243=ORIENTED_EDGE('',*,*,#810,.T.);
#244=ORIENTED_EDGE('',*,*,#809,.T.);
#245=ORIENTED_EDGE('',*,*,#808,.T.);
#246=ORIENTED_EDGE('',*,*,#807,.T.);
#247=ORIENTED_EDGE('',*,*,#806,.T.);
#248=ORIENTED_EDGE('',*,*,#805,.T.);
#249=ORIENTED_EDGE('',*,*,#804,.T.);
#250=ORIENTED_EDGE('',*,*,#803,.T.);
#251=ORIENTED_EDGE('',*,*,#802,.T.);
#252=ORIENTED_EDGE('',*,*,#801,.T.);
#253=ORIENTED_EDGE('',*,*,#800,.T.);
#254=ORIENTED_EDGE('',*,*,#799,.T.);
#255=ORIENTED_EDGE('',*,*,#798,.T.);
#256=ORIENTED_EDGE('',*,*,#797,.T.);
#257=ORIENTED_EDGE('',*,*,#796,.T.);
#258=ORIENTED_EDGE('',*,*,#795,.T.);
#259=ORIENTED_EDGE('',*,*,#794,.T.);
#260=ORIENTED_EDGE('',*,*,#793,.T.);
#261=ORIENTED_EDGE('',*,*,#792,.T.);
#262=ORIENTED_EDGE('',*,*,#791,.T.);
#263=ORIENTED_EDGE('',*,*,#790,.T.);
#264=ORIENTED_EDGE('',*,*,#789,.T.);
#265=ORIENTED_EDGE('',*,*,#788,.T.);
#266=ORIENTED_EDGE('',*,*,#787,.T.);
#267=ORIENTED_EDGE('',*,*,#786,.T.);
#268=ORIENTED_EDGE('',*,*,#785,.T.);
#269=ORIENTED_EDGE('',*,*,#784,.T.);
#270=ORIENTED_EDGE('',*,*,#783,.T.);
#271=ORIENTED_EDGE('',*,*,#782,.T.);
#272=ORIENTED_EDGE('',*,*,#781,.T.);
#273=ORIENTED_EDGE('',*,*,#780,.T.);
#274=ORIENTED_EDGE('',*,*,#779,.T.);
#275=ORIENTED_EDGE('',*,*,#778,.T.);
#276=ORIENTED_EDGE('',*,*,#777,.T.);
#277=ORIENTED_EDGE('',*,*,#776,.T.);
#278=ORIENTED_EDGE('',*,*,#775,.T.);
#279=ORIENTED_EDGE('',*,*,#774,.T.);
#280=ORIENTED_EDGE('',*,*,#773,.T.);
#281=ORIENTED_EDGE('',*,*,#772,.T.);
#282=ORIENTED_EDGE('',*,*,#771,.T.);
#283=ORIENTED_EDGE('',*,*,#770,.T.);
#284=ORIENTED_EDGE('',*,*,#769,.T.);
#285=ORIENTED_EDGE('',*,*,#768,.T.);
#286=ORIENTED_EDGE('',*,*,#767,.T.);
#287=ORIENTED_EDGE('',*,*,#766,.T.);
#288=ORIENTED_EDGE('',*,*,#765,.T.);
#289=ORIENTED_EDGE('',*,*,#764,.T.);
#290=ORIENTED_EDGE('',*,*,#763,.T.);
#291=ORIENTED_EDGE('',*,*,#762,.T.);
#292=ORIENTED_EDGE('',*,*,#761,.T.);
#293=ORIENTED_EDGE('',*,*,#760,.T.);
#294=ORIENTED_EDGE('',*,*,#759,.T.);
#295=ORIENTED_EDGE('',*,*,#758,.T.);
#296=ORIENTED_EDGE('',*,*,#757,.T.);
#297=ORIENTED_EDGE('',*,*,#756,.T.);
#298=ORIENTED_EDGE('',*,*,#755,.T.);
#299=ORIENTED_EDGE('',*,*,#754,.T.);
#300=ORIENTED_EDGE('',*,*,#753,.T.);
#301=ORIENTED_EDGE('',*,*,#752,.T.);
#302=ORIENTED_EDGE('',*,*,#751,.T.);
#303=ORIENTED_EDGE('',*,*,#750,.T.);
#304=ORIENTED_EDGE('',*,*,#749,.T.);
#305=ORIENTED_EDGE('',*,*,#748,.T.);
#306=ORIENTED_EDGE('',*,*,#747,.T.);
#307=ORIENTED_EDGE('',*,*,#746,.T.);
#308=ORIENTED_EDGE('',*,*,#745,.T.);
#309=ORIENTED_EDGE('',*,*,#744,.T.);
#310=ORIENTED_EDGE('',*,*,#743,.T.);
#311=ORIENTED_EDGE('',*,*,#742,.T.);
#312=ORIENTED_EDGE('',*,*,#741,.T.);
#313=ORIENTED_EDGE('',*,*,#740,.T.);
#314=ORIENTED_EDGE('',*,*,#739,.T.);
#315=ORIENTED_EDGE('',*,*,#738,.T.);
#316=ORIENTED_EDGE('',*,*,#737,.T.);
#317=ORIENTED_EDGE('',*,*,#736,.T.);
#318=ORIENTED_EDGE('',*,*,#735,.T.);
#319=ORIENTED_EDGE('',*,*,#734,.T.);
#320=ORIENTED_EDGE('',*,*,#733,.T.);
#321=ORIENTED_EDGE('',*,*,#732,.T.);
#322=ORIENTED_EDGE('',*,*,#731,.T.);
#323=ORIENTED_EDGE('',*,*,#730,.T.);
#324=ORIENTED_EDGE('',*,*,#729,.T.);
#325=ORIENTED_EDGE('',*,*,#728,.T.);
#326=ORIENTED_EDGE('',*,*,#727,.T.);
#327=ORIENTED_EDGE('',*,*,#726,.T.);
#328=ORIENTED_EDGE('',*,*,#725,.T.);
#329=ORIENTED_EDGE('',*,*,#724,.T.);
#330=ORIENTED_EDGE('',*,*,#723,.T.);
#331=ORIENTED_EDGE('',*,*,#722,.T.);
#332=ORIENTED_EDGE('',*,*,#721,.T.);
#333=ORIENTED_EDGE('',*,*,#720,.T.);
#334=ORIENTED_EDGE('',*,*,#719,.T.);
#335=ORIENTED_EDGE('',*,*,#718,.T.);
#336=ORIENTED_EDGE('',*,*,#717,.T.);
#337=ORIENTED_EDGE('',*,*,#716,.T.);
#338=ORIENTED_EDGE('',*,*,#715,.T.);
#339=ORIENTED_EDGE('',*,*,#714,.T.);
#340=ORIENTED_EDGE('',*,*,#713,.T.);
#341=ORIENTED_EDGE('',*,*,#712,.T.);
#342=ORIENTED_EDGE('',*,*,#711,.T.);
#343=ORIENTED_EDGE('',*,*,#710,.T.);
#344=ORIENTED_EDGE('',*,*,#709,.T.);
#345=ORIENTED_EDGE('',*,*,#708,.T.);
#346=ORIENTED_EDGE('',*,*,#707,.T.);
#347=ORIENTED_EDGE('',*,*,#706,.T.);
#348=ORIENTED_EDGE('',*,*,#705,.T.);
#349=ORIENTED_EDGE('',*,*,#704,.T.);
#350=ORIENTED_EDGE('',*,*,#703,.T.);
#351=ORIENTED_EDGE('',*,*,#702,.T.);
#352=ORIENTED_EDGE('',*,*,#701,.T.);
#353=ORIENTED_EDGE('',*,*,#700,.T.);
#354=ORIENTED_EDGE('',*,*,#699,.T.);
#355=ORIENTED_EDGE('',*,*,#698,.T.);
#356=ORIENTED_EDGE('',*,*,#697,.T.);
#357=ORIENTED_EDGE('',*,*,#642,.T.);
#358=ORIENTED_EDGE('',*,*,#920,.T.);
#359=ORIENTED_EDGE('',*,*,#919,.T.);
#360=ORIENTED_EDGE('',*,*,#918,.T.);
#361=ORIENTED_EDGE('',*,*,#917,.T.);
#362=ORIENTED_EDGE('',*,*,#916,.T.);
#363=ORIENTED_EDGE('',*,*,#921,.F.);
#364=ORIENTED_EDGE('',*,*,#922,.F.);
#365=ORIENTED_EDGE('',*,*,#923,.F.);
#366=ORIENTED_EDGE('',*,*,#924,.F.);
#367=ORIENTED_EDGE('',*,*,#925,.F.);
#368=ORIENTED_EDGE('',*,*,#926,.F.);
#369=ORIENTED_EDGE('',*,*,#927,.F.);
#370=ORIENTED_EDGE('',*,*,#928,.F.);
#371=ORIENTED_EDGE('',*,*,#929,.F.);
#372=ORIENTED_EDGE('',*,*,#930,.F.);
#373=ORIENTED_EDGE('',*,*,#931,.F.);
#374=ORIENTED_EDGE('',*,*,#932,.F.);
#375=ORIENTED_EDGE('',*,*,#933,.F.);
#376=ORIENTED_EDGE('',*,*,#934,.F.);
#377=ORIENTED_EDGE('',*,*,#935,.F.);
#378=ORIENTED_EDGE('',*,*,#936,.F.);
#379=ORIENTED_EDGE('',*,*,#937,.F.);
#380=ORIENTED_EDGE('',*,*,#938,.F.);
#381=ORIENTED_EDGE('',*,*,#939,.F.);
#382=ORIENTED_EDGE('',*,*,#940,.F.);
#383=ORIENTED_EDGE('',*,*,#941,.F.);
#384=ORIENTED_EDGE('',*,*,#643,.F.);
#385=ORIENTED_EDGE('',*,*,#644,.T.);
#386=ORIENTED_EDGE('',*,*,#946,.T.);
#387=ORIENTED_EDGE('',*,*,#945,.T.);
#388=ORIENTED_EDGE('',*,*,#944,.T.);
#389=ORIENTED_EDGE('',*,*,#943,.T.);
#390=ORIENTED_EDGE('',*,*,#942,.T.);
#391=ORIENTED_EDGE('',*,*,#645,.T.);
#392=ORIENTED_EDGE('',*,*,#956,.T.);
#393=ORIENTED_EDGE('',*,*,#955,.T.);
#394=ORIENTED_EDGE('',*,*,#954,.T.);
#395=ORIENTED_EDGE('',*,*,#953,.T.);
#396=ORIENTED_EDGE('',*,*,#952,.T.);
#397=ORIENTED_EDGE('',*,*,#951,.T.);
#398=ORIENTED_EDGE('',*,*,#950,.T.);
#399=ORIENTED_EDGE('',*,*,#949,.T.);
#400=ORIENTED_EDGE('',*,*,#948,.T.);
#401=ORIENTED_EDGE('',*,*,#947,.T.);
#402=ORIENTED_EDGE('',*,*,#957,.F.);
#403=ORIENTED_EDGE('',*,*,#958,.F.);
#404=ORIENTED_EDGE('',*,*,#959,.F.);
#405=ORIENTED_EDGE('',*,*,#960,.F.);
#406=ORIENTED_EDGE('',*,*,#961,.F.);
#407=ORIENTED_EDGE('',*,*,#962,.F.);
#408=ORIENTED_EDGE('',*,*,#963,.F.);
#409=ORIENTED_EDGE('',*,*,#964,.F.);
#410=ORIENTED_EDGE('',*,*,#965,.F.);
#411=ORIENTED_EDGE('',*,*,#966,.F.);
#412=ORIENTED_EDGE('',*,*,#646,.F.);
#413=ORIENTED_EDGE('',*,*,#647,.T.);
#414=ORIENTED_EDGE('',*,*,#971,.T.);
#415=ORIENTED_EDGE('',*,*,#970,.T.);
#416=ORIENTED_EDGE('',*,*,#969,.T.);
#417=ORIENTED_EDGE('',*,*,#968,.T.);
#418=ORIENTED_EDGE('',*,*,#967,.T.);
#419=ORIENTED_EDGE('',*,*,#648,.T.);
#420=ORIENTED_EDGE('',*,*,#974,.T.);
#421=ORIENTED_EDGE('',*,*,#973,.T.);
#422=ORIENTED_EDGE('',*,*,#972,.T.);
#423=ORIENTED_EDGE('',*,*,#649,.T.);
#424=ORIENTED_EDGE('',*,*,#977,.T.);
#425=ORIENTED_EDGE('',*,*,#976,.T.);
#426=ORIENTED_EDGE('',*,*,#975,.T.);
#427=ORIENTED_EDGE('',*,*,#650,.T.);
#428=ORIENTED_EDGE('',*,*,#980,.T.);
#429=ORIENTED_EDGE('',*,*,#979,.T.);
#430=ORIENTED_EDGE('',*,*,#978,.T.);
#431=ORIENTED_EDGE('',*,*,#651,.T.);
#432=ORIENTED_EDGE('',*,*,#999,.T.);
#433=ORIENTED_EDGE('',*,*,#998,.T.);
#434=ORIENTED_EDGE('',*,*,#997,.T.);
#435=ORIENTED_EDGE('',*,*,#996,.T.);
#436=ORIENTED_EDGE('',*,*,#995,.T.);
#437=ORIENTED_EDGE('',*,*,#994,.T.);
#438=ORIENTED_EDGE('',*,*,#993,.T.);
#439=ORIENTED_EDGE('',*,*,#992,.T.);
#440=ORIENTED_EDGE('',*,*,#991,.T.);
#441=ORIENTED_EDGE('',*,*,#990,.T.);
#442=ORIENTED_EDGE('',*,*,#989,.T.);
#443=ORIENTED_EDGE('',*,*,#988,.T.);
#444=ORIENTED_EDGE('',*,*,#987,.T.);
#445=ORIENTED_EDGE('',*,*,#986,.T.);
#446=ORIENTED_EDGE('',*,*,#985,.T.);
#447=ORIENTED_EDGE('',*,*,#984,.T.);
#448=ORIENTED_EDGE('',*,*,#983,.T.);
#449=ORIENTED_EDGE('',*,*,#982,.T.);
#450=ORIENTED_EDGE('',*,*,#981,.T.);
#451=ORIENTED_EDGE('',*,*,#652,.T.);
#452=ORIENTED_EDGE('',*,*,#1002,.T.);
#453=ORIENTED_EDGE('',*,*,#1001,.T.);
#454=ORIENTED_EDGE('',*,*,#1000,.T.);
#455=ORIENTED_EDGE('',*,*,#653,.T.);
#456=ORIENTED_EDGE('',*,*,#1005,.T.);
#457=ORIENTED_EDGE('',*,*,#1004,.T.);
#458=ORIENTED_EDGE('',*,*,#1003,.T.);
#459=ORIENTED_EDGE('',*,*,#654,.T.);
#460=ORIENTED_EDGE('',*,*,#1010,.T.);
#461=ORIENTED_EDGE('',*,*,#1009,.T.);
#462=ORIENTED_EDGE('',*,*,#1008,.T.);
#463=ORIENTED_EDGE('',*,*,#1007,.T.);
#464=ORIENTED_EDGE('',*,*,#1006,.T.);
#465=ORIENTED_EDGE('',*,*,#655,.T.);
#466=ORIENTED_EDGE('',*,*,#1013,.T.);
#467=ORIENTED_EDGE('',*,*,#1012,.T.);
#468=ORIENTED_EDGE('',*,*,#1011,.T.);
#469=ORIENTED_EDGE('',*,*,#656,.T.);
#470=ORIENTED_EDGE('',*,*,#1016,.T.);
#471=ORIENTED_EDGE('',*,*,#1015,.T.);
#472=ORIENTED_EDGE('',*,*,#1014,.T.);
#473=ORIENTED_EDGE('',*,*,#657,.T.);
#474=ORIENTED_EDGE('',*,*,#1021,.T.);
#475=ORIENTED_EDGE('',*,*,#1020,.T.);
#476=ORIENTED_EDGE('',*,*,#1019,.T.);
#477=ORIENTED_EDGE('',*,*,#1018,.T.);
#478=ORIENTED_EDGE('',*,*,#1017,.T.);
#479=ORIENTED_EDGE('',*,*,#658,.T.);
#480=ORIENTED_EDGE('',*,*,#1026,.T.);
#481=ORIENTED_EDGE('',*,*,#1025,.T.);
#482=ORIENTED_EDGE('',*,*,#1024,.T.);
#483=ORIENTED_EDGE('',*,*,#1023,.T.);
#484=ORIENTED_EDGE('',*,*,#1022,.T.);
#485=ORIENTED_EDGE('',*,*,#659,.T.);
#486=ORIENTED_EDGE('',*,*,#1031,.T.);
#487=ORIENTED_EDGE('',*,*,#1030,.T.);
#488=ORIENTED_EDGE('',*,*,#1029,.T.);
#489=ORIENTED_EDGE('',*,*,#1028,.T.);
#490=ORIENTED_EDGE('',*,*,#1027,.T.);
#491=ORIENTED_EDGE('',*,*,#660,.T.);
#492=ORIENTED_EDGE('',*,*,#1034,.T.);
#493=ORIENTED_EDGE('',*,*,#1033,.T.);
#494=ORIENTED_EDGE('',*,*,#1032,.T.);
#495=ORIENTED_EDGE('',*,*,#661,.T.);
#496=ORIENTED_EDGE('',*,*,#1037,.T.);
#497=ORIENTED_EDGE('',*,*,#1036,.T.);
#498=ORIENTED_EDGE('',*,*,#1035,.T.);
#499=ORIENTED_EDGE('',*,*,#662,.T.);
#500=ORIENTED_EDGE('',*,*,#1040,.T.);
#501=ORIENTED_EDGE('',*,*,#1039,.T.);
#502=ORIENTED_EDGE('',*,*,#1038,.T.);
#503=ORIENTED_EDGE('',*,*,#663,.T.);
#504=ORIENTED_EDGE('',*,*,#1043,.T.);
#505=ORIENTED_EDGE('',*,*,#1042,.T.);
#506=ORIENTED_EDGE('',*,*,#1041,.T.);
#507=ORIENTED_EDGE('',*,*,#664,.T.);
#508=ORIENTED_EDGE('',*,*,#1048,.T.);
#509=ORIENTED_EDGE('',*,*,#1047,.T.);
#510=ORIENTED_EDGE('',*,*,#1046,.T.);
#511=ORIENTED_EDGE('',*,*,#1045,.T.);
#512=ORIENTED_EDGE('',*,*,#1044,.T.);
#513=ORIENTED_EDGE('',*,*,#665,.T.);
#514=ORIENTED_EDGE('',*,*,#1051,.T.);
#515=ORIENTED_EDGE('',*,*,#1050,.T.);
#516=ORIENTED_EDGE('',*,*,#1049,.T.);
#517=ORIENTED_EDGE('',*,*,#666,.T.);
#518=ORIENTED_EDGE('',*,*,#1054,.T.);
#519=ORIENTED_EDGE('',*,*,#1053,.T.);
#520=ORIENTED_EDGE('',*,*,#1052,.T.);
#521=ORIENTED_EDGE('',*,*,#667,.T.);
#522=ORIENTED_EDGE('',*,*,#1057,.T.);
#523=ORIENTED_EDGE('',*,*,#1056,.T.);
#524=ORIENTED_EDGE('',*,*,#1055,.T.);
#525=ORIENTED_EDGE('',*,*,#668,.T.);
#526=ORIENTED_EDGE('',*,*,#1060,.T.);
#527=ORIENTED_EDGE('',*,*,#1059,.T.);
#528=ORIENTED_EDGE('',*,*,#1058,.T.);
#529=ORIENTED_EDGE('',*,*,#669,.T.);
#530=ORIENTED_EDGE('',*,*,#1063,.T.);
#531=ORIENTED_EDGE('',*,*,#1062,.T.);
#532=ORIENTED_EDGE('',*,*,#1061,.T.);
#533=ORIENTED_EDGE('',*,*,#670,.T.);
#534=ORIENTED_EDGE('',*,*,#1066,.T.);
#535=ORIENTED_EDGE('',*,*,#1065,.T.);
#536=ORIENTED_EDGE('',*,*,#1064,.T.);
#537=ORIENTED_EDGE('',*,*,#671,.T.);
#538=ORIENTED_EDGE('',*,*,#1069,.T.);
#539=ORIENTED_EDGE('',*,*,#1068,.T.);
#540=ORIENTED_EDGE('',*,*,#1067,.T.);
#541=ORIENTED_EDGE('',*,*,#672,.T.);
#542=ORIENTED_EDGE('',*,*,#1072,.T.);
#543=ORIENTED_EDGE('',*,*,#1071,.T.);
#544=ORIENTED_EDGE('',*,*,#1070,.T.);
#545=ORIENTED_EDGE('',*,*,#673,.T.);
#546=ORIENTED_EDGE('',*,*,#1075,.T.);
#547=ORIENTED_EDGE('',*,*,#1074,.T.);
#548=ORIENTED_EDGE('',*,*,#1073,.T.);
#549=ORIENTED_EDGE('',*,*,#674,.T.);
#550=ORIENTED_EDGE('',*,*,#1078,.T.);
#551=ORIENTED_EDGE('',*,*,#1077,.T.);
#552=ORIENTED_EDGE('',*,*,#1076,.T.);
#553=ORIENTED_EDGE('',*,*,#675,.T.);
#554=ORIENTED_EDGE('',*,*,#1081,.T.);
#555=ORIENTED_EDGE('',*,*,#1080,.T.);
#556=ORIENTED_EDGE('',*,*,#1079,.T.);
#557=ORIENTED_EDGE('',*,*,#676,.T.);
#558=ORIENTED_EDGE('',*,*,#1084,.T.);
#559=ORIENTED_EDGE('',*,*,#1083,.T.);
#560=ORIENTED_EDGE('',*,*,#1082,.T.);
#561=ORIENTED_EDGE('',*,*,#677,.T.);
#562=ORIENTED_EDGE('',*,*,#1087,.T.);
#563=ORIENTED_EDGE('',*,*,#1086,.T.);
#564=ORIENTED_EDGE('',*,*,#1085,.T.);
#565=ORIENTED_EDGE('',*,*,#678,.T.);
#566=ORIENTED_EDGE('',*,*,#1090,.T.);
#567=ORIENTED_EDGE('',*,*,#1089,.T.);
#568=ORIENTED_EDGE('',*,*,#1088,.T.);
#569=ORIENTED_EDGE('',*,*,#679,.T.);
#570=ORIENTED_EDGE('',*,*,#1093,.T.);
#571=ORIENTED_EDGE('',*,*,#1092,.T.);
#572=ORIENTED_EDGE('',*,*,#1091,.T.);
#573=ORIENTED_EDGE('',*,*,#680,.T.);
#574=ORIENTED_EDGE('',*,*,#1096,.T.);
#575=ORIENTED_EDGE('',*,*,#1095,.T.);
#576=ORIENTED_EDGE('',*,*,#1094,.T.);
#577=ORIENTED_EDGE('',*,*,#681,.T.);
#578=ORIENTED_EDGE('',*,*,#1099,.T.);
#579=ORIENTED_EDGE('',*,*,#1098,.T.);
#580=ORIENTED_EDGE('',*,*,#1097,.T.);
#581=ORIENTED_EDGE('',*,*,#682,.T.);
#582=ORIENTED_EDGE('',*,*,#1102,.T.);
#583=ORIENTED_EDGE('',*,*,#1101,.T.);
#584=ORIENTED_EDGE('',*,*,#1100,.T.);
#585=ORIENTED_EDGE('',*,*,#683,.T.);
#586=ORIENTED_EDGE('',*,*,#1105,.T.);
#587=ORIENTED_EDGE('',*,*,#1104,.T.);
#588=ORIENTED_EDGE('',*,*,#1103,.T.);
#589=ORIENTED_EDGE('',*,*,#684,.T.);
#590=ORIENTED_EDGE('',*,*,#1108,.T.);
#591=ORIENTED_EDGE('',*,*,#1107,.T.);
#592=ORIENTED_EDGE('',*,*,#1106,.T.);
#593=ORIENTED_EDGE('',*,*,#685,.T.);
#594=ORIENTED_EDGE('',*,*,#1111,.T.);
#595=ORIENTED_EDGE('',*,*,#1110,.T.);
#596=ORIENTED_EDGE('',*,*,#1109,.T.);
#597=ORIENTED_EDGE('',*,*,#686,.T.);
#598=ORIENTED_EDGE('',*,*,#1114,.T.);
#599=ORIENTED_EDGE('',*,*,#1113,.T.);
#600=ORIENTED_EDGE('',*,*,#1112,.T.);
#601=ORIENTED_EDGE('',*,*,#687,.T.);
#602=ORIENTED_EDGE('',*,*,#1117,.T.);
#603=ORIENTED_EDGE('',*,*,#1116,.T.);
#604=ORIENTED_EDGE('',*,*,#1115,.T.);
#605=ORIENTED_EDGE('',*,*,#688,.T.);
#606=ORIENTED_EDGE('',*,*,#1120,.T.);
#607=ORIENTED_EDGE('',*,*,#1119,.T.);
#608=ORIENTED_EDGE('',*,*,#1118,.T.);
#609=ORIENTED_EDGE('',*,*,#1121,.F.);
#610=ORIENTED_EDGE('',*,*,#1122,.F.);
#611=ORIENTED_EDGE('',*,*,#1123,.F.);
#612=ORIENTED_EDGE('',*,*,#689,.F.);
#613=ORIENTED_EDGE('',*,*,#1124,.F.);
#614=ORIENTED_EDGE('',*,*,#1125,.F.);
#615=ORIENTED_EDGE('',*,*,#1126,.F.);
#616=ORIENTED_EDGE('',*,*,#690,.F.);
#617=ORIENTED_EDGE('',*,*,#1127,.F.);
#618=ORIENTED_EDGE('',*,*,#1128,.F.);
#619=ORIENTED_EDGE('',*,*,#1129,.F.);
#620=ORIENTED_EDGE('',*,*,#691,.F.);
#621=ORIENTED_EDGE('',*,*,#1130,.F.);
#622=ORIENTED_EDGE('',*,*,#1131,.F.);
#623=ORIENTED_EDGE('',*,*,#1132,.F.);
#624=ORIENTED_EDGE('',*,*,#692,.F.);
#625=ORIENTED_EDGE('',*,*,#1133,.F.);
#626=ORIENTED_EDGE('',*,*,#1134,.F.);
#627=ORIENTED_EDGE('',*,*,#1135,.F.);
#628=ORIENTED_EDGE('',*,*,#693,.F.);
#629=ORIENTED_EDGE('',*,*,#1136,.F.);
#630=ORIENTED_EDGE('',*,*,#1137,.F.);
#631=ORIENTED_EDGE('',*,*,#1138,.F.);
#632=ORIENTED_EDGE('',*,*,#694,.F.);
#633=ORIENTED_EDGE('',*,*,#695,.T.);
#634=ORIENTED_EDGE('',*,*,#1141,.T.);
#635=ORIENTED_EDGE('',*,*,#1140,.T.);
#636=ORIENTED_EDGE('',*,*,#1139,.T.);
#637=ORIENTED_EDGE('',*,*,#696,.T.);
#638=ORIENTED_EDGE('',*,*,#1144,.T.);
#639=ORIENTED_EDGE('',*,*,#1143,.T.);
#640=ORIENTED_EDGE('',*,*,#1142,.T.);
#641=EDGE_CURVE('',#1649,#1923,#1145,.T.);
#642=EDGE_CURVE('',#1650,#1928,#1146,.T.);
#643=EDGE_CURVE('',#1651,#1949,#1147,.T.);
#644=EDGE_CURVE('',#1652,#1954,#1148,.T.);
#645=EDGE_CURVE('',#1653,#1964,#1149,.T.);
#646=EDGE_CURVE('',#1654,#1974,#1150,.T.);
#647=EDGE_CURVE('',#1655,#1979,#1151,.T.);
#648=EDGE_CURVE('',#1656,#1982,#1152,.T.);
#649=EDGE_CURVE('',#1657,#1985,#1153,.T.);
#650=EDGE_CURVE('',#1658,#1988,#1154,.T.);
#651=EDGE_CURVE('',#1659,#2007,#1155,.T.);
#652=EDGE_CURVE('',#1660,#2010,#1156,.T.);
#653=EDGE_CURVE('',#1661,#2013,#1157,.T.);
#654=EDGE_CURVE('',#1662,#2018,#1158,.T.);
#655=EDGE_CURVE('',#1663,#2021,#1159,.T.);
#656=EDGE_CURVE('',#1664,#2024,#1160,.T.);
#657=EDGE_CURVE('',#1665,#2029,#1161,.T.);
#658=EDGE_CURVE('',#1666,#2034,#1162,.T.);
#659=EDGE_CURVE('',#1667,#2039,#1163,.T.);
#660=EDGE_CURVE('',#1668,#2042,#1164,.T.);
#661=EDGE_CURVE('',#1669,#2045,#1165,.T.);
#662=EDGE_CURVE('',#1670,#2048,#1166,.T.);
#663=EDGE_CURVE('',#1671,#2051,#1167,.T.);
#664=EDGE_CURVE('',#1672,#2056,#1168,.T.);
#665=EDGE_CURVE('',#1673,#2059,#1169,.T.);
#666=EDGE_CURVE('',#1674,#2062,#1170,.T.);
#667=EDGE_CURVE('',#1675,#2065,#1171,.T.);
#668=EDGE_CURVE('',#1676,#2068,#1172,.T.);
#669=EDGE_CURVE('',#1677,#2071,#1173,.T.);
#670=EDGE_CURVE('',#1678,#2074,#1174,.T.);
#671=EDGE_CURVE('',#1679,#2077,#1175,.T.);
#672=EDGE_CURVE('',#1680,#2080,#1176,.T.);
#673=EDGE_CURVE('',#1681,#2083,#1177,.T.);
#674=EDGE_CURVE('',#1682,#2086,#1178,.T.);
#675=EDGE_CURVE('',#1683,#2089,#1179,.T.);
#676=EDGE_CURVE('',#1684,#2092,#1180,.T.);
#677=EDGE_CURVE('',#1685,#2095,#1181,.T.);
#678=EDGE_CURVE('',#1686,#2098,#1182,.T.);
#679=EDGE_CURVE('',#1687,#2101,#1183,.T.);
#680=EDGE_CURVE('',#1688,#2104,#1184,.T.);
#681=EDGE_CURVE('',#1689,#2107,#1185,.T.);
#682=EDGE_CURVE('',#1690,#2110,#1186,.T.);
#683=EDGE_CURVE('',#1691,#2113,#1187,.T.);
#684=EDGE_CURVE('',#1692,#2116,#1188,.T.);
#685=EDGE_CURVE('',#1693,#2119,#1189,.T.);
#686=EDGE_CURVE('',#1694,#2122,#1190,.T.);
#687=EDGE_CURVE('',#1695,#2125,#1191,.T.);
#688=EDGE_CURVE('',#1696,#2128,#1192,.T.);
#689=EDGE_CURVE('',#1697,#2131,#1193,.T.);
#690=EDGE_CURVE('',#1698,#2134,#1194,.T.);
#691=EDGE_CURVE('',#1699,#2137,#1195,.T.);
#692=EDGE_CURVE('',#1700,#2140,#1196,.T.);
#693=EDGE_CURVE('',#1701,#2143,#1197,.T.);
#694=EDGE_CURVE('',#1702,#2146,#1198,.T.);
#695=EDGE_CURVE('',#1703,#2149,#1199,.T.);
#696=EDGE_CURVE('',#1704,#2152,#1200,.T.);
#697=EDGE_CURVE('',#1705,#1649,#1201,.T.);
#698=EDGE_CURVE('',#1706,#1705,#1202,.T.);
#699=EDGE_CURVE('',#1707,#1706,#1203,.T.);
#700=EDGE_CURVE('',#1708,#1707,#1204,.T.);
#701=EDGE_CURVE('',#1709,#1708,#1205,.T.);
#702=EDGE_CURVE('',#1710,#1709,#1206,.T.);
#703=EDGE_CURVE('',#1711,#1710,#1207,.T.);
#704=EDGE_CURVE('',#1712,#1711,#1208,.T.);
#705=EDGE_CURVE('',#1713,#1712,#1209,.T.);
#706=EDGE_CURVE('',#1714,#1713,#1210,.T.);
#707=EDGE_CURVE('',#1715,#1714,#1211,.T.);
#708=EDGE_CURVE('',#1716,#1715,#1212,.T.);
#709=EDGE_CURVE('',#1717,#1716,#1213,.T.);
#710=EDGE_CURVE('',#1718,#1717,#1214,.T.);
#711=EDGE_CURVE('',#1719,#1718,#1215,.T.);
#712=EDGE_CURVE('',#1720,#1719,#1216,.T.);
#713=EDGE_CURVE('',#1721,#1720,#1217,.T.);
#714=EDGE_CURVE('',#1722,#1721,#1218,.T.);
#715=EDGE_CURVE('',#1723,#1722,#1219,.T.);
#716=EDGE_CURVE('',#1724,#1723,#1220,.T.);
#717=EDGE_CURVE('',#1725,#1724,#1221,.T.);
#718=EDGE_CURVE('',#1726,#1725,#1222,.T.);
#719=EDGE_CURVE('',#1727,#1726,#1223,.T.);
#720=EDGE_CURVE('',#1728,#1727,#1224,.T.);
#721=EDGE_CURVE('',#1729,#1728,#1225,.T.);
#722=EDGE_CURVE('',#1730,#1729,#1226,.T.);
#723=EDGE_CURVE('',#1731,#1730,#1227,.T.);
#724=EDGE_CURVE('',#1732,#1731,#1228,.T.);
#725=EDGE_CURVE('',#1733,#1732,#1229,.T.);
#726=EDGE_CURVE('',#1734,#1733,#1230,.T.);
#727=EDGE_CURVE('',#1735,#1734,#1231,.T.);
#728=EDGE_CURVE('',#1736,#1735,#1232,.T.);
#729=EDGE_CURVE('',#1737,#1736,#1233,.T.);
#730=EDGE_CURVE('',#1738,#1737,#1234,.T.);
#731=EDGE_CURVE('',#1739,#1738,#1235,.T.);
#732=EDGE_CURVE('',#1740,#1739,#1236,.T.);
#733=EDGE_CURVE('',#1741,#1740,#1237,.T.);
#734=EDGE_CURVE('',#1742,#1741,#1238,.T.);
#735=EDGE_CURVE('',#1743,#1742,#1239,.T.);
#736=EDGE_CURVE('',#1744,#1743,#1240,.T.);
#737=EDGE_CURVE('',#1745,#1744,#1241,.T.);
#738=EDGE_CURVE('',#1746,#1745,#1242,.T.);
#739=EDGE_CURVE('',#1747,#1746,#1243,.T.);
#740=EDGE_CURVE('',#1748,#1747,#1244,.T.);
#741=EDGE_CURVE('',#1749,#1748,#1245,.T.);
#742=EDGE_CURVE('',#1750,#1749,#1246,.T.);
#743=EDGE_CURVE('',#1751,#1750,#1247,.T.);
#744=EDGE_CURVE('',#1752,#1751,#1248,.T.);
#745=EDGE_CURVE('',#1753,#1752,#1249,.T.);
#746=EDGE_CURVE('',#1754,#1753,#1250,.T.);
#747=EDGE_CURVE('',#1755,#1754,#1251,.T.);
#748=EDGE_CURVE('',#1756,#1755,#1252,.T.);
#749=EDGE_CURVE('',#1757,#1756,#1253,.T.);
#750=EDGE_CURVE('',#1758,#1757,#1254,.T.);
#751=EDGE_CURVE('',#1759,#1758,#1255,.T.);
#752=EDGE_CURVE('',#1760,#1759,#1256,.T.);
#753=EDGE_CURVE('',#1761,#1760,#1257,.T.);
#754=EDGE_CURVE('',#1762,#1761,#1258,.T.);
#755=EDGE_CURVE('',#1763,#1762,#1259,.T.);
#756=EDGE_CURVE('',#1764,#1763,#1260,.T.);
#757=EDGE_CURVE('',#1765,#1764,#1261,.T.);
#758=EDGE_CURVE('',#1766,#1765,#1262,.T.);
#759=EDGE_CURVE('',#1767,#1766,#1263,.T.);
#760=EDGE_CURVE('',#1768,#1767,#1264,.T.);
#761=EDGE_CURVE('',#1769,#1768,#1265,.T.);
#762=EDGE_CURVE('',#1770,#1769,#1266,.T.);
#763=EDGE_CURVE('',#1771,#1770,#1267,.T.);
#764=EDGE_CURVE('',#1772,#1771,#1268,.T.);
#765=EDGE_CURVE('',#1773,#1772,#1269,.T.);
#766=EDGE_CURVE('',#1774,#1773,#1270,.T.);
#767=EDGE_CURVE('',#1775,#1774,#1271,.T.);
#768=EDGE_CURVE('',#1776,#1775,#1272,.T.);
#769=EDGE_CURVE('',#1777,#1776,#1273,.T.);
#770=EDGE_CURVE('',#1778,#1777,#1274,.T.);
#771=EDGE_CURVE('',#1779,#1778,#1275,.T.);
#772=EDGE_CURVE('',#1780,#1779,#1276,.T.);
#773=EDGE_CURVE('',#1781,#1780,#1277,.T.);
#774=EDGE_CURVE('',#1782,#1781,#1278,.T.);
#775=EDGE_CURVE('',#1783,#1782,#1279,.T.);
#776=EDGE_CURVE('',#1784,#1783,#1280,.T.);
#777=EDGE_CURVE('',#1785,#1784,#1281,.T.);
#778=EDGE_CURVE('',#1786,#1785,#1282,.T.);
#779=EDGE_CURVE('',#1787,#1786,#1283,.T.);
#780=EDGE_CURVE('',#1788,#1787,#1284,.T.);
#781=EDGE_CURVE('',#1789,#1788,#1285,.T.);
#782=EDGE_CURVE('',#1790,#1789,#1286,.T.);
#783=EDGE_CURVE('',#1791,#1790,#1287,.T.);
#784=EDGE_CURVE('',#1792,#1791,#1288,.T.);
#785=EDGE_CURVE('',#1793,#1792,#1289,.T.);
#786=EDGE_CURVE('',#1794,#1793,#1290,.T.);
#787=EDGE_CURVE('',#1795,#1794,#1291,.T.);
#788=EDGE_CURVE('',#1796,#1795,#1292,.T.);
#789=EDGE_CURVE('',#1797,#1796,#1293,.T.);
#790=EDGE_CURVE('',#1798,#1797,#1294,.T.);
#791=EDGE_CURVE('',#1799,#1798,#1295,.T.);
#792=EDGE_CURVE('',#1800,#1799,#1296,.T.);
#793=EDGE_CURVE('',#1801,#1800,#1297,.T.);
#794=EDGE_CURVE('',#1802,#1801,#1298,.T.);
#795=EDGE_CURVE('',#1803,#1802,#1299,.T.);
#796=EDGE_CURVE('',#1804,#1803,#1300,.T.);
#797=EDGE_CURVE('',#1805,#1804,#1301,.T.);
#798=EDGE_CURVE('',#1806,#1805,#1302,.T.);
#799=EDGE_CURVE('',#1807,#1806,#1303,.T.);
#800=EDGE_CURVE('',#1808,#1807,#1304,.T.);
#801=EDGE_CURVE('',#1809,#1808,#1305,.T.);
#802=EDGE_CURVE('',#1810,#1809,#1306,.T.);
#803=EDGE_CURVE('',#1811,#1810,#1307,.T.);
#804=EDGE_CURVE('',#1812,#1811,#1308,.T.);
#805=EDGE_CURVE('',#1813,#1812,#1309,.T.);
#806=EDGE_CURVE('',#1814,#1813,#1310,.T.);
#807=EDGE_CURVE('',#1815,#1814,#1311,.T.);
#808=EDGE_CURVE('',#1816,#1815,#1312,.T.);
#809=EDGE_CURVE('',#1817,#1816,#1313,.T.);
#810=EDGE_CURVE('',#1818,#1817,#1314,.T.);
#811=EDGE_CURVE('',#1819,#1818,#1315,.T.);
#812=EDGE_CURVE('',#1820,#1819,#1316,.T.);
#813=EDGE_CURVE('',#1821,#1820,#1317,.T.);
#814=EDGE_CURVE('',#1822,#1821,#1318,.T.);
#815=EDGE_CURVE('',#1823,#1822,#1319,.T.);
#816=EDGE_CURVE('',#1824,#1823,#1320,.T.);
#817=EDGE_CURVE('',#1825,#1824,#1321,.T.);
#818=EDGE_CURVE('',#1826,#1825,#1322,.T.);
#819=EDGE_CURVE('',#1827,#1826,#1323,.T.);
#820=EDGE_CURVE('',#1828,#1827,#1324,.T.);
#821=EDGE_CURVE('',#1829,#1828,#1325,.T.);
#822=EDGE_CURVE('',#1830,#1829,#1326,.T.);
#823=EDGE_CURVE('',#1831,#1830,#1327,.T.);
#824=EDGE_CURVE('',#1832,#1831,#1328,.T.);
#825=EDGE_CURVE('',#1833,#1832,#1329,.T.);
#826=EDGE_CURVE('',#1834,#1833,#1330,.T.);
#827=EDGE_CURVE('',#1835,#1834,#1331,.T.);
#828=EDGE_CURVE('',#1836,#1835,#1332,.T.);
#829=EDGE_CURVE('',#1837,#1836,#1333,.T.);
#830=EDGE_CURVE('',#1838,#1837,#1334,.T.);
#831=EDGE_CURVE('',#1839,#1838,#1335,.T.);
#832=EDGE_CURVE('',#1840,#1839,#1336,.T.);
#833=EDGE_CURVE('',#1841,#1840,#1337,.T.);
#834=EDGE_CURVE('',#1842,#1841,#1338,.T.);
#835=EDGE_CURVE('',#1843,#1842,#1339,.T.);
#836=EDGE_CURVE('',#1844,#1843,#1340,.T.);
#837=EDGE_CURVE('',#1845,#1844,#1341,.T.);
#838=EDGE_CURVE('',#1846,#1845,#1342,.T.);
#839=EDGE_CURVE('',#1847,#1846,#1343,.T.);
#840=EDGE_CURVE('',#1848,#1847,#1344,.T.);
#841=EDGE_CURVE('',#1849,#1848,#1345,.T.);
#842=EDGE_CURVE('',#1850,#1849,#1346,.T.);
#843=EDGE_CURVE('',#1851,#1850,#1347,.T.);
#844=EDGE_CURVE('',#1852,#1851,#1348,.T.);
#845=EDGE_CURVE('',#1853,#1852,#1349,.T.);
#846=EDGE_CURVE('',#1854,#1853,#1350,.T.);
#847=EDGE_CURVE('',#1855,#1854,#1351,.T.);
#848=EDGE_CURVE('',#1856,#1855,#1352,.T.);
#849=EDGE_CURVE('',#1857,#1856,#1353,.T.);
#850=EDGE_CURVE('',#1858,#1857,#1354,.T.);
#851=EDGE_CURVE('',#1859,#1858,#1355,.T.);
#852=EDGE_CURVE('',#1860,#1859,#1356,.T.);
#853=EDGE_CURVE('',#1861,#1860,#1357,.T.);
#854=EDGE_CURVE('',#1862,#1861,#1358,.T.);
#855=EDGE_CURVE('',#1863,#1862,#1359,.T.);
#856=EDGE_CURVE('',#1864,#1863,#1360,.T.);
#857=EDGE_CURVE('',#1865,#1864,#1361,.T.);
#858=EDGE_CURVE('',#1866,#1865,#1362,.T.);
#859=EDGE_CURVE('',#1867,#1866,#1363,.T.);
#860=EDGE_CURVE('',#1868,#1867,#1364,.T.);
#861=EDGE_CURVE('',#1869,#1868,#1365,.T.);
#862=EDGE_CURVE('',#1870,#1869,#1366,.T.);
#863=EDGE_CURVE('',#1871,#1870,#1367,.T.);
#864=EDGE_CURVE('',#1872,#1871,#1368,.T.);
#865=EDGE_CURVE('',#1873,#1872,#1369,.T.);
#866=EDGE_CURVE('',#1874,#1873,#1370,.T.);
#867=EDGE_CURVE('',#1875,#1874,#1371,.T.);
#868=EDGE_CURVE('',#1876,#1875,#1372,.T.);
#869=EDGE_CURVE('',#1877,#1876,#1373,.T.);
#870=EDGE_CURVE('',#1878,#1877,#1374,.T.);
#871=EDGE_CURVE('',#1879,#1878,#1375,.T.);
#872=EDGE_CURVE('',#1880,#1879,#1376,.T.);
#873=EDGE_CURVE('',#1881,#1880,#1377,.T.);
#874=EDGE_CURVE('',#1882,#1881,#1378,.T.);
#875=EDGE_CURVE('',#1883,#1882,#1379,.T.);
#876=EDGE_CURVE('',#1884,#1883,#1380,.T.);
#877=EDGE_CURVE('',#1885,#1884,#1381,.T.);
#878=EDGE_CURVE('',#1886,#1885,#1382,.T.);
#879=EDGE_CURVE('',#1887,#1886,#1383,.T.);
#880=EDGE_CURVE('',#1888,#1887,#1384,.T.);
#881=EDGE_CURVE('',#1889,#1888,#1385,.T.);
#882=EDGE_CURVE('',#1890,#1889,#1386,.T.);
#883=EDGE_CURVE('',#1891,#1890,#1387,.T.);
#884=EDGE_CURVE('',#1892,#1891,#1388,.T.);
#885=EDGE_CURVE('',#1893,#1892,#1389,.T.);
#886=EDGE_CURVE('',#1894,#1893,#1390,.T.);
#887=EDGE_CURVE('',#1895,#1894,#1391,.T.);
#888=EDGE_CURVE('',#1896,#1895,#1392,.T.);
#889=EDGE_CURVE('',#1897,#1896,#1393,.T.);
#890=EDGE_CURVE('',#1898,#1897,#1394,.T.);
#891=EDGE_CURVE('',#1899,#1898,#1395,.T.);
#892=EDGE_CURVE('',#1900,#1899,#1396,.T.);
#893=EDGE_CURVE('',#1901,#1900,#1397,.T.);
#894=EDGE_CURVE('',#1902,#1901,#1398,.T.);
#895=EDGE_CURVE('',#1903,#1902,#1399,.T.);
#896=EDGE_CURVE('',#1904,#1903,#1400,.T.);
#897=EDGE_CURVE('',#1905,#1904,#1401,.T.);
#898=EDGE_CURVE('',#1906,#1905,#1402,.T.);
#899=EDGE_CURVE('',#1907,#1906,#1403,.T.);
#900=EDGE_CURVE('',#1908,#1907,#1404,.T.);
#901=EDGE_CURVE('',#1909,#1908,#1405,.T.);
#902=EDGE_CURVE('',#1910,#1909,#1406,.T.);
#903=EDGE_CURVE('',#1911,#1910,#1407,.T.);
#904=EDGE_CURVE('',#1912,#1911,#1408,.T.);
#905=EDGE_CURVE('',#1913,#1912,#1409,.T.);
#906=EDGE_CURVE('',#1914,#1913,#1410,.T.);
#907=EDGE_CURVE('',#1915,#1914,#1411,.T.);
#908=EDGE_CURVE('',#1916,#1915,#1412,.T.);
#909=EDGE_CURVE('',#1917,#1916,#1413,.T.);
#910=EDGE_CURVE('',#1918,#1917,#1414,.T.);
#911=EDGE_CURVE('',#1919,#1918,#1415,.T.);
#912=EDGE_CURVE('',#1920,#1919,#1416,.T.);
#913=EDGE_CURVE('',#1921,#1920,#1417,.T.);
#914=EDGE_CURVE('',#1922,#1921,#1418,.T.);
#915=EDGE_CURVE('',#1923,#1922,#1419,.T.);
#916=EDGE_CURVE('',#1924,#1650,#1420,.T.);
#917=EDGE_CURVE('',#1925,#1924,#1421,.T.);
#918=EDGE_CURVE('',#1926,#1925,#1422,.T.);
#919=EDGE_CURVE('',#1927,#1926,#1423,.T.);
#920=EDGE_CURVE('',#1928,#1927,#1424,.T.);
#921=EDGE_CURVE('',#1929,#1651,#1425,.T.);
#922=EDGE_CURVE('',#1930,#1929,#1426,.T.);
#923=EDGE_CURVE('',#1931,#1930,#1427,.T.);
#924=EDGE_CURVE('',#1932,#1931,#1428,.T.);
#925=EDGE_CURVE('',#1933,#1932,#1429,.T.);
#926=EDGE_CURVE('',#1934,#1933,#1430,.T.);
#927=EDGE_CURVE('',#1935,#1934,#1431,.T.);
#928=EDGE_CURVE('',#1936,#1935,#1432,.T.);
#929=EDGE_CURVE('',#1937,#1936,#1433,.T.);
#930=EDGE_CURVE('',#1938,#1937,#1434,.T.);
#931=EDGE_CURVE('',#1939,#1938,#1435,.T.);
#932=EDGE_CURVE('',#1940,#1939,#1436,.T.);
#933=EDGE_CURVE('',#1941,#1940,#1437,.T.);
#934=EDGE_CURVE('',#1942,#1941,#1438,.T.);
#935=EDGE_CURVE('',#1943,#1942,#1439,.T.);
#936=EDGE_CURVE('',#1944,#1943,#1440,.T.);
#937=EDGE_CURVE('',#1945,#1944,#1441,.T.);
#938=EDGE_CURVE('',#1946,#1945,#1442,.T.);
#939=EDGE_CURVE('',#1947,#1946,#1443,.T.);
#940=EDGE_CURVE('',#1948,#1947,#1444,.T.);
#941=EDGE_CURVE('',#1949,#1948,#1445,.T.);
#942=EDGE_CURVE('',#1950,#1652,#1446,.T.);
#943=EDGE_CURVE('',#1951,#1950,#1447,.T.);
#944=EDGE_CURVE('',#1952,#1951,#1448,.T.);
#945=EDGE_CURVE('',#1953,#1952,#1449,.T.);
#946=EDGE_CURVE('',#1954,#1953,#1450,.T.);
#947=EDGE_CURVE('',#1955,#1653,#1451,.T.);
#948=EDGE_CURVE('',#1956,#1955,#1452,.T.);
#949=EDGE_CURVE('',#1957,#1956,#1453,.T.);
#950=EDGE_CURVE('',#1958,#1957,#1454,.T.);
#951=EDGE_CURVE('',#1959,#1958,#1455,.T.);
#952=EDGE_CURVE('',#1960,#1959,#1456,.T.);
#953=EDGE_CURVE('',#1961,#1960,#1457,.T.);
#954=EDGE_CURVE('',#1962,#1961,#1458,.T.);
#955=EDGE_CURVE('',#1963,#1962,#1459,.T.);
#956=EDGE_CURVE('',#1964,#1963,#1460,.T.);
#957=EDGE_CURVE('',#1965,#1654,#1461,.T.);
#958=EDGE_CURVE('',#1966,#1965,#1462,.T.);
#959=EDGE_CURVE('',#1967,#1966,#1463,.T.);
#960=EDGE_CURVE('',#1968,#1967,#1464,.T.);
#961=EDGE_CURVE('',#1969,#1968,#1465,.T.);
#962=EDGE_CURVE('',#1970,#1969,#1466,.T.);
#963=EDGE_CURVE('',#1971,#1970,#1467,.T.);
#964=EDGE_CURVE('',#1972,#1971,#1468,.T.);
#965=EDGE_CURVE('',#1973,#1972,#1469,.T.);
#966=EDGE_CURVE('',#1974,#1973,#1470,.T.);
#967=EDGE_CURVE('',#1975,#1655,#1471,.T.);
#968=EDGE_CURVE('',#1976,#1975,#1472,.T.);
#969=EDGE_CURVE('',#1977,#1976,#1473,.T.);
#970=EDGE_CURVE('',#1978,#1977,#1474,.T.);
#971=EDGE_CURVE('',#1979,#1978,#1475,.T.);
#972=EDGE_CURVE('',#1980,#1656,#1476,.T.);
#973=EDGE_CURVE('',#1981,#1980,#1477,.T.);
#974=EDGE_CURVE('',#1982,#1981,#1478,.T.);
#975=EDGE_CURVE('',#1983,#1657,#1479,.T.);
#976=EDGE_CURVE('',#1984,#1983,#1480,.T.);
#977=EDGE_CURVE('',#1985,#1984,#1481,.T.);
#978=EDGE_CURVE('',#1986,#1658,#1482,.T.);
#979=EDGE_CURVE('',#1987,#1986,#1483,.T.);
#980=EDGE_CURVE('',#1988,#1987,#1484,.T.);
#981=EDGE_CURVE('',#1989,#1659,#1485,.T.);
#982=EDGE_CURVE('',#1990,#1989,#1486,.T.);
#983=EDGE_CURVE('',#1991,#1990,#1487,.T.);
#984=EDGE_CURVE('',#1992,#1991,#1488,.T.);
#985=EDGE_CURVE('',#1993,#1992,#1489,.T.);
#986=EDGE_CURVE('',#1994,#1993,#1490,.T.);
#987=EDGE_CURVE('',#1995,#1994,#1491,.T.);
#988=EDGE_CURVE('',#1996,#1995,#1492,.T.);
#989=EDGE_CURVE('',#1997,#1996,#1493,.T.);
#990=EDGE_CURVE('',#1998,#1997,#1494,.T.);
#991=EDGE_CURVE('',#1999,#1998,#1495,.T.);
#992=EDGE_CURVE('',#2000,#1999,#1496,.T.);
#993=EDGE_CURVE('',#2001,#2000,#1497,.T.);
#994=EDGE_CURVE('',#2002,#2001,#1498,.T.);
#995=EDGE_CURVE('',#2003,#2002,#1499,.T.);
#996=EDGE_CURVE('',#2004,#2003,#1500,.T.);
#997=EDGE_CURVE('',#2005,#2004,#1501,.T.);
#998=EDGE_CURVE('',#2006,#2005,#1502,.T.);
#999=EDGE_CURVE('',#2007,#2006,#1503,.T.);
#1000=EDGE_CURVE('',#2008,#1660,#1504,.T.);
#1001=EDGE_CURVE('',#2009,#2008,#1505,.T.);
#1002=EDGE_CURVE('',#2010,#2009,#1506,.T.);
#1003=EDGE_CURVE('',#2011,#1661,#1507,.T.);
#1004=EDGE_CURVE('',#2012,#2011,#1508,.T.);
#1005=EDGE_CURVE('',#2013,#2012,#1509,.T.);
#1006=EDGE_CURVE('',#2014,#1662,#1510,.T.);
#1007=EDGE_CURVE('',#2015,#2014,#1511,.T.);
#1008=EDGE_CURVE('',#2016,#2015,#1512,.T.);
#1009=EDGE_CURVE('',#2017,#2016,#1513,.T.);
#1010=EDGE_CURVE('',#2018,#2017,#1514,.T.);
#1011=EDGE_CURVE('',#2019,#1663,#1515,.T.);
#1012=EDGE_CURVE('',#2020,#2019,#1516,.T.);
#1013=EDGE_CURVE('',#2021,#2020,#1517,.T.);
#1014=EDGE_CURVE('',#2022,#1664,#1518,.T.);
#1015=EDGE_CURVE('',#2023,#2022,#1519,.T.);
#1016=EDGE_CURVE('',#2024,#2023,#1520,.T.);
#1017=EDGE_CURVE('',#2025,#1665,#1521,.T.);
#1018=EDGE_CURVE('',#2026,#2025,#1522,.T.);
#1019=EDGE_CURVE('',#2027,#2026,#1523,.T.);
#1020=EDGE_CURVE('',#2028,#2027,#1524,.T.);
#1021=EDGE_CURVE('',#2029,#2028,#1525,.T.);
#1022=EDGE_CURVE('',#2030,#1666,#1526,.T.);
#1023=EDGE_CURVE('',#2031,#2030,#1527,.T.);
#1024=EDGE_CURVE('',#2032,#2031,#1528,.T.);
#1025=EDGE_CURVE('',#2033,#2032,#1529,.T.);
#1026=EDGE_CURVE('',#2034,#2033,#1530,.T.);
#1027=EDGE_CURVE('',#2035,#1667,#1531,.T.);
#1028=EDGE_CURVE('',#2036,#2035,#1532,.T.);
#1029=EDGE_CURVE('',#2037,#2036,#1533,.T.);
#1030=EDGE_CURVE('',#2038,#2037,#1534,.T.);
#1031=EDGE_CURVE('',#2039,#2038,#1535,.T.);
#1032=EDGE_CURVE('',#2040,#1668,#1536,.T.);
#1033=EDGE_CURVE('',#2041,#2040,#1537,.T.);
#1034=EDGE_CURVE('',#2042,#2041,#1538,.T.);
#1035=EDGE_CURVE('',#2043,#1669,#1539,.T.);
#1036=EDGE_CURVE('',#2044,#2043,#1540,.T.);
#1037=EDGE_CURVE('',#2045,#2044,#1541,.T.);
#1038=EDGE_CURVE('',#2046,#1670,#1542,.T.);
#1039=EDGE_CURVE('',#2047,#2046,#1543,.T.);
#1040=EDGE_CURVE('',#2048,#2047,#1544,.T.);
#1041=EDGE_CURVE('',#2049,#1671,#1545,.T.);
#1042=EDGE_CURVE('',#2050,#2049,#1546,.T.);
#1043=EDGE_CURVE('',#2051,#2050,#1547,.T.);
#1044=EDGE_CURVE('',#2052,#1672,#1548,.T.);
#1045=EDGE_CURVE('',#2053,#2052,#1549,.T.);
#1046=EDGE_CURVE('',#2054,#2053,#1550,.T.);
#1047=EDGE_CURVE('',#2055,#2054,#1551,.T.);
#1048=EDGE_CURVE('',#2056,#2055,#1552,.T.);
#1049=EDGE_CURVE('',#2057,#1673,#1553,.T.);
#1050=EDGE_CURVE('',#2058,#2057,#1554,.T.);
#1051=EDGE_CURVE('',#2059,#2058,#1555,.T.);
#1052=EDGE_CURVE('',#2060,#1674,#1556,.T.);
#1053=EDGE_CURVE('',#2061,#2060,#1557,.T.);
#1054=EDGE_CURVE('',#2062,#2061,#1558,.T.);
#1055=EDGE_CURVE('',#2063,#1675,#1559,.T.);
#1056=EDGE_CURVE('',#2064,#2063,#1560,.T.);
#1057=EDGE_CURVE('',#2065,#2064,#1561,.T.);
#1058=EDGE_CURVE('',#2066,#1676,#1562,.T.);
#1059=EDGE_CURVE('',#2067,#2066,#1563,.T.);
#1060=EDGE_CURVE('',#2068,#2067,#1564,.T.);
#1061=EDGE_CURVE('',#2069,#1677,#1565,.T.);
#1062=EDGE_CURVE('',#2070,#2069,#1566,.T.);
#1063=EDGE_CURVE('',#2071,#2070,#1567,.T.);
#1064=EDGE_CURVE('',#2072,#1678,#1568,.T.);
#1065=EDGE_CURVE('',#2073,#2072,#1569,.T.);
#1066=EDGE_CURVE('',#2074,#2073,#1570,.T.);
#1067=EDGE_CURVE('',#2075,#1679,#1571,.T.);
#1068=EDGE_CURVE('',#2076,#2075,#1572,.T.);
#1069=EDGE_CURVE('',#2077,#2076,#1573,.T.);
#1070=EDGE_CURVE('',#2078,#1680,#1574,.T.);
#1071=EDGE_CURVE('',#2079,#2078,#1575,.T.);
#1072=EDGE_CURVE('',#2080,#2079,#1576,.T.);
#1073=EDGE_CURVE('',#2081,#1681,#1577,.T.);
#1074=EDGE_CURVE('',#2082,#2081,#1578,.T.);
#1075=EDGE_CURVE('',#2083,#2082,#1579,.T.);
#1076=EDGE_CURVE('',#2084,#1682,#1580,.T.);
#1077=EDGE_CURVE('',#2085,#2084,#1581,.T.);
#1078=EDGE_CURVE('',#2086,#2085,#1582,.T.);
#1079=EDGE_CURVE('',#2087,#1683,#1583,.T.);
#1080=EDGE_CURVE('',#2088,#2087,#1584,.T.);
#1081=EDGE_CURVE('',#2089,#2088,#1585,.T.);
#1082=EDGE_CURVE('',#2090,#1684,#1586,.T.);
#1083=EDGE_CURVE('',#2091,#2090,#1587,.T.);
#1084=EDGE_CURVE('',#2092,#2091,#1588,.T.);
#1085=EDGE_CURVE('',#2093,#1685,#1589,.T.);
#1086=EDGE_CURVE('',#2094,#2093,#1590,.T.);
#1087=EDGE_CURVE('',#2095,#2094,#1591,.T.);
#1088=EDGE_CURVE('',#2096,#1686,#1592,.T.);
#1089=EDGE_CURVE('',#2097,#2096,#1593,.T.);
#1090=EDGE_CURVE('',#2098,#2097,#1594,.T.);
#1091=EDGE_CURVE('',#2099,#1687,#1595,.T.);
#1092=EDGE_CURVE('',#2100,#2099,#1596,.T.);
#1093=EDGE_CURVE('',#2101,#2100,#1597,.T.);
#1094=EDGE_CURVE('',#2102,#1688,#1598,.T.);
#1095=EDGE_CURVE('',#2103,#2102,#1599,.T.);
#1096=EDGE_CURVE('',#2104,#2103,#1600,.T.);
#1097=EDGE_CURVE('',#2105,#1689,#1601,.T.);
#1098=EDGE_CURVE('',#2106,#2105,#1602,.T.);
#1099=EDGE_CURVE('',#2107,#2106,#1603,.T.);
#1100=EDGE_CURVE('',#2108,#1690,#1604,.T.);
#1101=EDGE_CURVE('',#2109,#2108,#1605,.T.);
#1102=EDGE_CURVE('',#2110,#2109,#1606,.T.);
#1103=EDGE_CURVE('',#2111,#1691,#1607,.T.);
#1104=EDGE_CURVE('',#2112,#2111,#1608,.T.);
#1105=EDGE_CURVE('',#2113,#2112,#1609,.T.);
#1106=EDGE_CURVE('',#2114,#1692,#1610,.T.);
#1107=EDGE_CURVE('',#2115,#2114,#1611,.T.);
#1108=EDGE_CURVE('',#2116,#2115,#1612,.T.);
#1109=EDGE_CURVE('',#2117,#1693,#1613,.T.);
#1110=EDGE_CURVE('',#2118,#2117,#1614,.T.);
#1111=EDGE_CURVE('',#2119,#2118,#1615,.T.);
#1112=EDGE_CURVE('',#2120,#1694,#1616,.T.);
#1113=EDGE_CURVE('',#2121,#2120,#1617,.T.);
#1114=EDGE_CURVE('',#2122,#2121,#1618,.T.);
#1115=EDGE_CURVE('',#2123,#1695,#1619,.T.);
#1116=EDGE_CURVE('',#2124,#2123,#1620,.T.);
#1117=EDGE_CURVE('',#2125,#2124,#1621,.T.);
#1118=EDGE_CURVE('',#2126,#1696,#1622,.T.);
#1119=EDGE_CURVE('',#2127,#2126,#1623,.T.);
#1120=EDGE_CURVE('',#2128,#2127,#1624,.T.);
#1121=EDGE_CURVE('',#2129,#1697,#1625,.T.);
#1122=EDGE_CURVE('',#2130,#2129,#1626,.T.);
#1123=EDGE_CURVE('',#2131,#2130,#1627,.T.);
#1124=EDGE_CURVE('',#2132,#1698,#1628,.T.);
#1125=EDGE_CURVE('',#2133,#2132,#1629,.T.);
#1126=EDGE_CURVE('',#2134,#2133,#1630,.T.);
#1127=EDGE_CURVE('',#2135,#1699,#1631,.T.);
#1128=EDGE_CURVE('',#2136,#2135,#1632,.T.);
#1129=EDGE_CURVE('',#2137,#2136,#1633,.T.);
#1130=EDGE_CURVE('',#2138,#1700,#1634,.T.);
#1131=EDGE_CURVE('',#2139,#2138,#1635,.T.);
#1132=EDGE_CURVE('',#2140,#2139,#1636,.T.);
#1133=EDGE_CURVE('',#2141,#1701,#1637,.T.);
#1134=EDGE_CURVE('',#2142,#2141,#1638,.T.);
#1135=EDGE_CURVE('',#2143,#2142,#1639,.T.);
#1136=EDGE_CURVE('',#2144,#1702,#1640,.T.);
#1137=EDGE_CURVE('',#2145,#2144,#1641,.T.);
#1138=EDGE_CURVE('',#2146,#2145,#1642,.T.);
#1139=EDGE_CURVE('',#2147,#1703,#1643,.T.);
#1140=EDGE_CURVE('',#2148,#2147,#1644,.T.);
#1141=EDGE_CURVE('',#2149,#2148,#1645,.T.);
#1142=EDGE_CURVE('',#2150,#1704,#1646,.T.);
#1143=EDGE_CURVE('',#2151,#2150,#1647,.T.);
#1144=EDGE_CURVE('',#2152,#2151,#1648,.T.);
#1145=B_SPLINE_CURVE_WITH_KNOTS('',1,(#2687,#2688),.UNSPECIFIED.,.F.,.F.,
(2,2),(0.,0.924021834398786),.UNSPECIFIED.);
#1146=B_SPLINE_CURVE_WITH_KNOTS('',1,(#2689,#2690),.UNSPECIFIED.,.F.,.F.,
(2,2),(0.,2.19573430157659),.UNSPECIFIED.);
#1147=B_SPLINE_CURVE_WITH_KNOTS('',1,(#2691,#2692),.UNSPECIFIED.,.F.,.F.,
(2,2),(0.,1.3060935884178),.UNSPECIFIED.);
#1148=B_SPLINE_CURVE_WITH_KNOTS('',1,(#2693,#2694),.UNSPECIFIED.,.F.,.F.,
(2,2),(-2.08453981385734,-1.01923474663911),.UNSPECIFIED.);
#1149=B_SPLINE_CURVE_WITH_KNOTS('',1,(#2695,#2696),.UNSPECIFIED.,.F.,.F.,
(2,2),(0.,6.28897647844831),.UNSPECIFIED.);
#1150=B_SPLINE_CURVE_WITH_KNOTS('',1,(#2697,#2698),.UNSPECIFIED.,.F.,.F.,
(2,2),(0.,1.2),.UNSPECIFIED.);
#1151=B_SPLINE_CURVE_WITH_KNOTS('',1,(#2699,#2700),.UNSPECIFIED.,.F.,.F.,
(2,2),(-5.25005759227714,-1.01306117610659),.UNSPECIFIED.);
#1152=B_SPLINE_CURVE_WITH_KNOTS('',1,(#2701,#2702),.UNSPECIFIED.,.F.,.F.,
(2,2),(-5.93210794146142,0.),.UNSPECIFIED.);
#1153=B_SPLINE_CURVE_WITH_KNOTS('',1,(#2703,#2704),.UNSPECIFIED.,.F.,.F.,
(2,2),(-5.93210794146142,0.),.UNSPECIFIED.);
#1154=B_SPLINE_CURVE_WITH_KNOTS('',1,(#2705,#2706),.UNSPECIFIED.,.F.,.F.,
(2,2),(-8.28577629680701,0.),.UNSPECIFIED.);
#1155=B_SPLINE_CURVE_WITH_KNOTS('',1,(#2707,#2708),.UNSPECIFIED.,.F.,.F.,
(2,2),(0.,3.28054646498607),.UNSPECIFIED.);
#1156=B_SPLINE_CURVE_WITH_KNOTS('',1,(#2709,#2710),.UNSPECIFIED.,.F.,.F.,
(2,2),(0.,2.23531471439313),.UNSPECIFIED.);
#1157=B_SPLINE_CURVE_WITH_KNOTS('',1,(#2711,#2712),.UNSPECIFIED.,.F.,.F.,
(2,2),(0.,3.20189168076),.UNSPECIFIED.);
#1158=B_SPLINE_CURVE_WITH_KNOTS('',1,(#2713,#2714),.UNSPECIFIED.,.F.,.F.,
(2,2),(0.,1.33483474385999),.UNSPECIFIED.);
#1159=B_SPLINE_CURVE_WITH_KNOTS('',1,(#2715,#2716),.UNSPECIFIED.,.F.,.F.,
(2,2),(0.,4.17912224569399),.UNSPECIFIED.);
#1160=B_SPLINE_CURVE_WITH_KNOTS('',1,(#2717,#2718),.UNSPECIFIED.,.F.,.F.,
(2,2),(0.,3.12668221591923),.UNSPECIFIED.);
#1161=B_SPLINE_CURVE_WITH_KNOTS('',1,(#2719,#2720),.UNSPECIFIED.,.F.,.F.,
(2,2),(0.,1.1),.UNSPECIFIED.);
#1162=B_SPLINE_CURVE_WITH_KNOTS('',1,(#2721,#2722),.UNSPECIFIED.,.F.,.F.,
(2,2),(0.,3.23937349472922),.UNSPECIFIED.);
#1163=B_SPLINE_CURVE_WITH_KNOTS('',1,(#2723,#2724),.UNSPECIFIED.,.F.,.F.,
(2,2),(0.,2.78673507326912),.UNSPECIFIED.);
#1164=B_SPLINE_CURVE_WITH_KNOTS('',1,(#2725,#2726),.UNSPECIFIED.,.F.,.F.,
(2,2),(0.,1.09999999999999),.UNSPECIFIED.);
#1165=B_SPLINE_CURVE_WITH_KNOTS('',1,(#2727,#2728),.UNSPECIFIED.,.F.,.F.,
(2,2),(0.,4.84952870904868),.UNSPECIFIED.);
#1166=B_SPLINE_CURVE_WITH_KNOTS('',1,(#2729,#2730),.UNSPECIFIED.,.F.,.F.,
(2,2),(0.,1.1),.UNSPECIFIED.);
#1167=B_SPLINE_CURVE_WITH_KNOTS('',1,(#2731,#2732),.UNSPECIFIED.,.F.,.F.,
(2,2),(0.,1.1),.UNSPECIFIED.);
#1168=B_SPLINE_CURVE_WITH_KNOTS('',1,(#2733,#2734),.UNSPECIFIED.,.F.,.F.,
(2,2),(0.,1.1),.UNSPECIFIED.);
#1169=B_SPLINE_CURVE_WITH_KNOTS('',1,(#2735,#2736),.UNSPECIFIED.,.F.,.F.,
(2,2),(0.,0.559754395036215),.UNSPECIFIED.);
#1170=B_SPLINE_CURVE_WITH_KNOTS('',1,(#2737,#2738),.UNSPECIFIED.,.F.,.F.,
(2,2),(0.,0.559754395036215),.UNSPECIFIED.);
#1171=B_SPLINE_CURVE_WITH_KNOTS('',1,(#2739,#2740),.UNSPECIFIED.,.F.,.F.,
(2,2),(0.,0.559754395036215),.UNSPECIFIED.);
#1172=B_SPLINE_CURVE_WITH_KNOTS('',1,(#2741,#2742),.UNSPECIFIED.,.F.,.F.,
(2,2),(0.,0.559754395036215),.UNSPECIFIED.);
#1173=B_SPLINE_CURVE_WITH_KNOTS('',1,(#2743,#2744),.UNSPECIFIED.,.F.,.F.,
(2,2),(0.,0.559754395036215),.UNSPECIFIED.);
#1174=B_SPLINE_CURVE_WITH_KNOTS('',1,(#2745,#2746),.UNSPECIFIED.,.F.,.F.,
(2,2),(0.,0.559754395036215),.UNSPECIFIED.);
#1175=B_SPLINE_CURVE_WITH_KNOTS('',1,(#2747,#2748),.UNSPECIFIED.,.F.,.F.,
(2,2),(0.,0.559754395036215),.UNSPECIFIED.);
#1176=B_SPLINE_CURVE_WITH_KNOTS('',1,(#2749,#2750),.UNSPECIFIED.,.F.,.F.,
(2,2),(0.,0.559754395036215),.UNSPECIFIED.);
#1177=B_SPLINE_CURVE_WITH_KNOTS('',1,(#2751,#2752),.UNSPECIFIED.,.F.,.F.,
(2,2),(0.,0.559754395036215),.UNSPECIFIED.);
#1178=B_SPLINE_CURVE_WITH_KNOTS('',1,(#2753,#2754),.UNSPECIFIED.,.F.,.F.,
(2,2),(0.,0.559754395036215),.UNSPECIFIED.);
#1179=B_SPLINE_CURVE_WITH_KNOTS('',1,(#2755,#2756),.UNSPECIFIED.,.F.,.F.,
(2,2),(0.,0.559754395036215),.UNSPECIFIED.);
#1180=B_SPLINE_CURVE_WITH_KNOTS('',1,(#2757,#2758),.UNSPECIFIED.,.F.,.F.,
(2,2),(0.,0.559754395036215),.UNSPECIFIED.);
#1181=B_SPLINE_CURVE_WITH_KNOTS('',1,(#2759,#2760),.UNSPECIFIED.,.F.,.F.,
(2,2),(0.,0.559754395036215),.UNSPECIFIED.);
#1182=B_SPLINE_CURVE_WITH_KNOTS('',1,(#2761,#2762),.UNSPECIFIED.,.F.,.F.,
(2,2),(0.,0.559754395036215),.UNSPECIFIED.);
#1183=B_SPLINE_CURVE_WITH_KNOTS('',1,(#2763,#2764),.UNSPECIFIED.,.F.,.F.,
(2,2),(0.,0.559754395036215),.UNSPECIFIED.);
#1184=B_SPLINE_CURVE_WITH_KNOTS('',1,(#2765,#2766),.UNSPECIFIED.,.F.,.F.,
(2,2),(0.,0.559754395036215),.UNSPECIFIED.);
#1185=B_SPLINE_CURVE_WITH_KNOTS('',1,(#2767,#2768),.UNSPECIFIED.,.F.,.F.,
(2,2),(0.,0.559754395036215),.UNSPECIFIED.);
#1186=B_SPLINE_CURVE_WITH_KNOTS('',1,(#2769,#2770),.UNSPECIFIED.,.F.,.F.,
(2,2),(0.,0.559754395036215),.UNSPECIFIED.);
#1187=B_SPLINE_CURVE_WITH_KNOTS('',1,(#2771,#2772),.UNSPECIFIED.,.F.,.F.,
(2,2),(0.,0.559754395036215),.UNSPECIFIED.);
#1188=B_SPLINE_CURVE_WITH_KNOTS('',1,(#2773,#2774),.UNSPECIFIED.,.F.,.F.,
(2,2),(0.,0.559754395036215),.UNSPECIFIED.);
#1189=B_SPLINE_CURVE_WITH_KNOTS('',1,(#2775,#2776),.UNSPECIFIED.,.F.,.F.,
(2,2),(0.,0.559754395036215),.UNSPECIFIED.);
#1190=B_SPLINE_CURVE_WITH_KNOTS('',1,(#2777,#2778),.UNSPECIFIED.,.F.,.F.,
(2,2),(0.,0.559754395036215),.UNSPECIFIED.);
#1191=B_SPLINE_CURVE_WITH_KNOTS('',1,(#2779,#2780),.UNSPECIFIED.,.F.,.F.,
(2,2),(0.,7.20217321613258),.UNSPECIFIED.);
#1192=B_SPLINE_CURVE_WITH_KNOTS('',1,(#2781,#2782),.UNSPECIFIED.,.F.,.F.,
(2,2),(0.,7.20217321613258),.UNSPECIFIED.);
#1193=B_SPLINE_CURVE_WITH_KNOTS('',1,(#2783,#2784),.UNSPECIFIED.,.F.,.F.,
(2,2),(0.,7.20217321613258),.UNSPECIFIED.);
#1194=B_SPLINE_CURVE_WITH_KNOTS('',1,(#2785,#2786),.UNSPECIFIED.,.F.,.F.,
(2,2),(0.,7.20217321613258),.UNSPECIFIED.);
#1195=B_SPLINE_CURVE_WITH_KNOTS('',1,(#2787,#2788),.UNSPECIFIED.,.F.,.F.,
(2,2),(0.,7.20217321613258),.UNSPECIFIED.);
#1196=B_SPLINE_CURVE_WITH_KNOTS('',1,(#2789,#2790),.UNSPECIFIED.,.F.,.F.,
(2,2),(0.,7.20217321613258),.UNSPECIFIED.);
#1197=B_SPLINE_CURVE_WITH_KNOTS('',1,(#2791,#2792),.UNSPECIFIED.,.F.,.F.,
(2,2),(0.,7.20217321613258),.UNSPECIFIED.);
#1198=B_SPLINE_CURVE_WITH_KNOTS('',1,(#2793,#2794),.UNSPECIFIED.,.F.,.F.,
(2,2),(0.,7.20217321613258),.UNSPECIFIED.);
#1199=B_SPLINE_CURVE_WITH_KNOTS('',1,(#2795,#2796),.UNSPECIFIED.,.F.,.F.,
(2,2),(0.,7.20217321613258),.UNSPECIFIED.);
#1200=B_SPLINE_CURVE_WITH_KNOTS('',1,(#2797,#2798),.UNSPECIFIED.,.F.,.F.,
(2,2),(0.,7.20217321613258),.UNSPECIFIED.);
#1201=B_SPLINE_CURVE_WITH_KNOTS('',1,(#2799,#2800),.UNSPECIFIED.,.F.,.F.,
(2,2),(762.838427546231,764.274280183253),.UNSPECIFIED.);
#1202=B_SPLINE_CURVE_WITH_KNOTS('',1,(#2801,#2802),.UNSPECIFIED.,.F.,.F.,
(2,2),(760.584455199293,762.838427546231),.UNSPECIFIED.);
#1203=B_SPLINE_CURVE_WITH_KNOTS('',1,(#2803,#2804),.UNSPECIFIED.,.F.,.F.,
(2,2),(759.148602562271,760.584455199293),.UNSPECIFIED.);
#1204=B_SPLINE_CURVE_WITH_KNOTS('',1,(#2805,#2806),.UNSPECIFIED.,.F.,.F.,
(2,2),(758.078308242943,759.148602562271),.UNSPECIFIED.);
#1205=B_SPLINE_CURVE_WITH_KNOTS('',1,(#2807,#2808),.UNSPECIFIED.,.F.,.F.,
(2,2),(752.019751986782,758.078308242943),.UNSPECIFIED.);
#1206=B_SPLINE_CURVE_WITH_KNOTS('',1,(#2809,#2810),.UNSPECIFIED.,.F.,.F.,
(2,2),(741.782404316508,752.019751986782),.UNSPECIFIED.);
#1207=B_SPLINE_CURVE_WITH_KNOTS('',1,(#2811,#2812),.UNSPECIFIED.,.F.,.F.,
(2,2),(738.744859004233,741.782404316508),.UNSPECIFIED.);
#1208=B_SPLINE_CURVE_WITH_KNOTS('',1,(#2813,#2814),.UNSPECIFIED.,.F.,.F.,
(2,2),(734.82489408287,738.744859004233),.UNSPECIFIED.);
#1209=B_SPLINE_CURVE_WITH_KNOTS('',1,(#2815,#2816),.UNSPECIFIED.,.F.,.F.,
(2,2),(732.849248446396,734.82489408287),.UNSPECIFIED.);
#1210=B_SPLINE_CURVE_WITH_KNOTS('',1,(#2817,#2818),.UNSPECIFIED.,.F.,.F.,
(2,2),(731.749248446396,732.849248446396),.UNSPECIFIED.);
#1211=B_SPLINE_CURVE_WITH_KNOTS('',1,(#2819,#2820),.UNSPECIFIED.,.F.,.F.,
(2,2),(730.683137740866,731.749248446396),.UNSPECIFIED.);
#1212=B_SPLINE_CURVE_WITH_KNOTS('',1,(#2821,#2822),.UNSPECIFIED.,.F.,.F.,
(2,2),(728.60549110479,730.683137740866),.UNSPECIFIED.);
#1213=B_SPLINE_CURVE_WITH_KNOTS('',1,(#2823,#2824),.UNSPECIFIED.,.F.,.F.,
(2,2),(720.545154669848,728.60549110479),.UNSPECIFIED.);
#1214=B_SPLINE_CURVE_WITH_KNOTS('',1,(#2825,#2826),.UNSPECIFIED.,.F.,.F.,
(2,2),(712.544602008354,720.545154669848),.UNSPECIFIED.);
#1215=B_SPLINE_CURVE_WITH_KNOTS('',1,(#2827,#2828),.UNSPECIFIED.,.F.,.F.,
(2,2),(704.480155431528,712.544602008354),.UNSPECIFIED.);
#1216=B_SPLINE_CURVE_WITH_KNOTS('',1,(#2829,#2830),.UNSPECIFIED.,.F.,.F.,
(2,2),(697.01272595438,704.480155431528),.UNSPECIFIED.);
#1217=B_SPLINE_CURVE_WITH_KNOTS('',1,(#2831,#2832),.UNSPECIFIED.,.F.,.F.,
(2,2),(659.82570686107,697.01272595438),.UNSPECIFIED.);
#1218=B_SPLINE_CURVE_WITH_KNOTS('',1,(#2833,#2834),.UNSPECIFIED.,.F.,.F.,
(2,2),(646.309947502446,659.82570686107),.UNSPECIFIED.);
#1219=B_SPLINE_CURVE_WITH_KNOTS('',1,(#2835,#2836),.UNSPECIFIED.,.F.,.F.,
(2,2),(624.983068760388,646.309947502446),.UNSPECIFIED.);
#1220=B_SPLINE_CURVE_WITH_KNOTS('',1,(#2837,#2838),.UNSPECIFIED.,.F.,.F.,
(2,2),(613.487458764071,624.983068760388),.UNSPECIFIED.);
#1221=B_SPLINE_CURVE_WITH_KNOTS('',1,(#2839,#2840),.UNSPECIFIED.,.F.,.F.,
(2,2),(592.764661874007,613.487458764071),.UNSPECIFIED.);
#1222=B_SPLINE_CURVE_WITH_KNOTS('',1,(#2841,#2842),.UNSPECIFIED.,.F.,.F.,
(2,2),(572.544738022059,592.764661874007),.UNSPECIFIED.);
#1223=B_SPLINE_CURVE_WITH_KNOTS('',1,(#2843,#2844),.UNSPECIFIED.,.F.,.F.,
(2,2),(550.931501207167,572.544738022059),.UNSPECIFIED.);
#1224=B_SPLINE_CURVE_WITH_KNOTS('',1,(#2845,#2846),.UNSPECIFIED.,.F.,.F.,
(2,2),(535.937583717117,550.931501207167),.UNSPECIFIED.);
#1225=B_SPLINE_CURVE_WITH_KNOTS('',1,(#2847,#2848),.UNSPECIFIED.,.F.,.F.,
(2,2),(534.837583717117,535.937583717117),.UNSPECIFIED.);
#1226=B_SPLINE_CURVE_WITH_KNOTS('',1,(#2849,#2850),.UNSPECIFIED.,.F.,.F.,
(2,2),(520.01705055583,534.837583717117),.UNSPECIFIED.);
#1227=B_SPLINE_CURVE_WITH_KNOTS('',1,(#2851,#2852),.UNSPECIFIED.,.F.,.F.,
(2,2),(500.554745237116,520.01705055583),.UNSPECIFIED.);
#1228=B_SPLINE_CURVE_WITH_KNOTS('',1,(#2853,#2854),.UNSPECIFIED.,.F.,.F.,
(2,2),(498.144591082505,500.554745237116),.UNSPECIFIED.);
#1229=B_SPLINE_CURVE_WITH_KNOTS('',1,(#2855,#2856),.UNSPECIFIED.,.F.,.F.,
(2,2),(487.87932309439,498.144591082505),.UNSPECIFIED.);
#1230=B_SPLINE_CURVE_WITH_KNOTS('',1,(#2857,#2858),.UNSPECIFIED.,.F.,.F.,
(2,2),(485.574061613477,487.87932309439),.UNSPECIFIED.);
#1231=B_SPLINE_CURVE_WITH_KNOTS('',1,(#2859,#2860),.UNSPECIFIED.,.F.,.F.,
(2,2),(478.407437823141,485.574061613477),.UNSPECIFIED.);
#1232=B_SPLINE_CURVE_WITH_KNOTS('',1,(#2861,#2862),.UNSPECIFIED.,.F.,.F.,
(2,2),(470.655474994293,478.407437823141),.UNSPECIFIED.);
#1233=B_SPLINE_CURVE_WITH_KNOTS('',1,(#2863,#2864),.UNSPECIFIED.,.F.,.F.,
(2,2),(468.282196101956,470.655474994293),.UNSPECIFIED.);
#1234=B_SPLINE_CURVE_WITH_KNOTS('',1,(#2865,#2866),.UNSPECIFIED.,.F.,.F.,
(2,2),(461.344566536051,468.282196101956),.UNSPECIFIED.);
#1235=B_SPLINE_CURVE_WITH_KNOTS('',1,(#2867,#2868),.UNSPECIFIED.,.F.,.F.,
(2,2),(455.125717597375,461.344566536051),.UNSPECIFIED.);
#1236=B_SPLINE_CURVE_WITH_KNOTS('',1,(#2869,#2870),.UNSPECIFIED.,.F.,.F.,
(2,2),(454.072920336103,455.125717597375),.UNSPECIFIED.);
#1237=B_SPLINE_CURVE_WITH_KNOTS('',1,(#2871,#2872),.UNSPECIFIED.,.F.,.F.,
(2,2),(453.53830275707,454.072920336103),.UNSPECIFIED.);
#1238=B_SPLINE_CURVE_WITH_KNOTS('',1,(#2873,#2874),.UNSPECIFIED.,.F.,.F.,
(2,2),(446.14505910861,453.53830275707),.UNSPECIFIED.);
#1239=B_SPLINE_CURVE_WITH_KNOTS('',1,(#2875,#2876),.UNSPECIFIED.,.F.,.F.,
(2,2),(443.644822810781,446.14505910861),.UNSPECIFIED.);
#1240=B_SPLINE_CURVE_WITH_KNOTS('',1,(#2877,#2878),.UNSPECIFIED.,.F.,.F.,
(2,2),(433.126618522301,443.644822810781),.UNSPECIFIED.);
#1241=B_SPLINE_CURVE_WITH_KNOTS('',1,(#2879,#2880),.UNSPECIFIED.,.F.,.F.,
(2,2),(428.116633691035,433.126618522301),.UNSPECIFIED.);
#1242=B_SPLINE_CURVE_WITH_KNOTS('',1,(#2881,#2882),.UNSPECIFIED.,.F.,.F.,
(2,2),(420.487929743367,428.116633691035),.UNSPECIFIED.);
#1243=B_SPLINE_CURVE_WITH_KNOTS('',1,(#2883,#2884),.UNSPECIFIED.,.F.,.F.,
(2,2),(419.18958669403,420.487929743367),.UNSPECIFIED.);
#1244=B_SPLINE_CURVE_WITH_KNOTS('',1,(#2885,#2886),.UNSPECIFIED.,.F.,.F.,
(2,2),(418.042562659575,419.18958669403),.UNSPECIFIED.);
#1245=B_SPLINE_CURVE_WITH_KNOTS('',1,(#2887,#2888),.UNSPECIFIED.,.F.,.F.,
(2,2),(416.398050353991,418.042562659575),.UNSPECIFIED.);
#1246=B_SPLINE_CURVE_WITH_KNOTS('',1,(#2889,#2890),.UNSPECIFIED.,.F.,.F.,
(2,2),(413.707191564655,416.398050353991),.UNSPECIFIED.);
#1247=B_SPLINE_CURVE_WITH_KNOTS('',1,(#2891,#2892),.UNSPECIFIED.,.F.,.F.,
(2,2),(410.98712107815,413.707191564655),.UNSPECIFIED.);
#1248=B_SPLINE_CURVE_WITH_KNOTS('',1,(#2893,#2894),.UNSPECIFIED.,.F.,.F.,
(2,2),(406.072138333623,410.98712107815),.UNSPECIFIED.);
#1249=B_SPLINE_CURVE_WITH_KNOTS('',1,(#2895,#2896),.UNSPECIFIED.,.F.,.F.,
(2,2),(398.547500485007,406.072138333623),.UNSPECIFIED.);
#1250=B_SPLINE_CURVE_WITH_KNOTS('',1,(#2897,#2898),.UNSPECIFIED.,.F.,.F.,
(2,2),(396.088903755745,398.547500485007),.UNSPECIFIED.);
#1251=B_SPLINE_CURVE_WITH_KNOTS('',1,(#2899,#2900),.UNSPECIFIED.,.F.,.F.,
(2,2),(392.148581286269,396.088903755745),.UNSPECIFIED.);
#1252=B_SPLINE_CURVE_WITH_KNOTS('',1,(#2901,#2902),.UNSPECIFIED.,.F.,.F.,
(2,2),(388.430692594438,392.148581286269),.UNSPECIFIED.);
#1253=B_SPLINE_CURVE_WITH_KNOTS('',1,(#2903,#2904),.UNSPECIFIED.,.F.,.F.,
(2,2),(383.292147248006,388.430692594438),.UNSPECIFIED.);
#1254=B_SPLINE_CURVE_WITH_KNOTS('',1,(#2905,#2906),.UNSPECIFIED.,.F.,.F.,
(2,2),(379.077938753585,383.292147248006),.UNSPECIFIED.);
#1255=B_SPLINE_CURVE_WITH_KNOTS('',1,(#2907,#2908),.UNSPECIFIED.,.F.,.F.,
(2,2),(375.656775793653,379.077938753585),.UNSPECIFIED.);
#1256=B_SPLINE_CURVE_WITH_KNOTS('',1,(#2909,#2910),.UNSPECIFIED.,.F.,.F.,
(2,2),(373.373612474066,375.656775793653),.UNSPECIFIED.);
#1257=B_SPLINE_CURVE_WITH_KNOTS('',1,(#2911,#2912),.UNSPECIFIED.,.F.,.F.,
(2,2),(367.285410694546,373.373612474066),.UNSPECIFIED.);
#1258=B_SPLINE_CURVE_WITH_KNOTS('',1,(#2913,#2914),.UNSPECIFIED.,.F.,.F.,
(2,2),(364.168799845054,367.285410694546),.UNSPECIFIED.);
#1259=B_SPLINE_CURVE_WITH_KNOTS('',1,(#2915,#2916),.UNSPECIFIED.,.F.,.F.,
(2,2),(361.267033061186,364.168799845054),.UNSPECIFIED.);
#1260=B_SPLINE_CURVE_WITH_KNOTS('',1,(#2917,#2918),.UNSPECIFIED.,.F.,.F.,
(2,2),(360.904312213203,361.267033061186),.UNSPECIFIED.);
#1261=B_SPLINE_CURVE_WITH_KNOTS('',1,(#2919,#2920),.UNSPECIFIED.,.F.,.F.,
(2,2),(358.54662670131,360.904312213203),.UNSPECIFIED.);
#1262=B_SPLINE_CURVE_WITH_KNOTS('',1,(#2921,#2922),.UNSPECIFIED.,.F.,.F.,
(2,2),(357.839878738537,358.54662670131),.UNSPECIFIED.);
#1263=B_SPLINE_CURVE_WITH_KNOTS('',1,(#2923,#2924),.UNSPECIFIED.,.F.,.F.,
(2,2),(356.514936897056,357.839878738537),.UNSPECIFIED.);
#1264=B_SPLINE_CURVE_WITH_KNOTS('',1,(#2925,#2926),.UNSPECIFIED.,.F.,.F.,
(2,2),(356.348979105888,356.514936897056),.UNSPECIFIED.);
#1265=B_SPLINE_CURVE_WITH_KNOTS('',1,(#2927,#2928),.UNSPECIFIED.,.F.,.F.,
(2,2),(355.024037264406,356.348979105888),.UNSPECIFIED.);
#1266=B_SPLINE_CURVE_WITH_KNOTS('',1,(#2929,#2930),.UNSPECIFIED.,.F.,.F.,
(2,2),(354.278083961247,355.024037264406),.UNSPECIFIED.);
#1267=B_SPLINE_CURVE_WITH_KNOTS('',1,(#2931,#2932),.UNSPECIFIED.,.F.,.F.,
(2,2),(352.953142119765,354.278083961247),.UNSPECIFIED.);
#1268=B_SPLINE_CURVE_WITH_KNOTS('',1,(#2933,#2934),.UNSPECIFIED.,.F.,.F.,
(2,2),(352.787184328597,352.953142119765),.UNSPECIFIED.);
#1269=B_SPLINE_CURVE_WITH_KNOTS('',1,(#2935,#2936),.UNSPECIFIED.,.F.,.F.,
(2,2),(351.462242487116,352.787184328597),.UNSPECIFIED.);
#1270=B_SPLINE_CURVE_WITH_KNOTS('',1,(#2937,#2938),.UNSPECIFIED.,.F.,.F.,
(2,2),(350.798493611496,351.462242487116),.UNSPECIFIED.);
#1271=B_SPLINE_CURVE_WITH_KNOTS('',1,(#2939,#2940),.UNSPECIFIED.,.F.,.F.,
(2,2),(348.863982422251,350.798493611496),.UNSPECIFIED.);
#1272=B_SPLINE_CURVE_WITH_KNOTS('',1,(#2941,#2942),.UNSPECIFIED.,.F.,.F.,
(2,2),(347.050378182334,348.863982422251),.UNSPECIFIED.);
#1273=B_SPLINE_CURVE_WITH_KNOTS('',1,(#2943,#2944),.UNSPECIFIED.,.F.,.F.,
(2,2),(346.022669113047,347.050378182334),.UNSPECIFIED.);
#1274=B_SPLINE_CURVE_WITH_KNOTS('',1,(#2945,#2946),.UNSPECIFIED.,.F.,.F.,
(2,2),(345.085640255757,346.022669113047),.UNSPECIFIED.);
#1275=B_SPLINE_CURVE_WITH_KNOTS('',1,(#2947,#2948),.UNSPECIFIED.,.F.,.F.,
(2,2),(344.607714611536,345.085640255757),.UNSPECIFIED.);
#1276=B_SPLINE_CURVE_WITH_KNOTS('',1,(#2949,#2950),.UNSPECIFIED.,.F.,.F.,
(2,2),(343.338191643594,344.607714611536),.UNSPECIFIED.);
#1277=B_SPLINE_CURVE_WITH_KNOTS('',1,(#2951,#2952),.UNSPECIFIED.,.F.,.F.,
(2,2),(342.121411561109,343.338191643594),.UNSPECIFIED.);
#1278=B_SPLINE_CURVE_WITH_KNOTS('',1,(#2953,#2954),.UNSPECIFIED.,.F.,.F.,
(2,2),(340.638889208448,342.121411561109),.UNSPECIFIED.);
#1279=B_SPLINE_CURVE_WITH_KNOTS('',1,(#2955,#2956),.UNSPECIFIED.,.F.,.F.,
(2,2),(339.819979634056,340.638889208448),.UNSPECIFIED.);
#1280=B_SPLINE_CURVE_WITH_KNOTS('',1,(#2957,#2958),.UNSPECIFIED.,.F.,.F.,
(2,2),(338.979163486005,339.819979634056),.UNSPECIFIED.);
#1281=B_SPLINE_CURVE_WITH_KNOTS('',1,(#2959,#2960),.UNSPECIFIED.,.F.,.F.,
(2,2),(338.77863115501,338.979163486005),.UNSPECIFIED.);
#1282=B_SPLINE_CURVE_WITH_KNOTS('',1,(#2961,#2962),.UNSPECIFIED.,.F.,.F.,
(2,2),(337.93781500696,338.77863115501),.UNSPECIFIED.);
#1283=B_SPLINE_CURVE_WITH_KNOTS('',1,(#2963,#2964),.UNSPECIFIED.,.F.,.F.,
(2,2),(337.073451511293,337.93781500696),.UNSPECIFIED.);
#1284=B_SPLINE_CURVE_WITH_KNOTS('',1,(#2965,#2966),.UNSPECIFIED.,.F.,.F.,
(2,2),(336.232635363242,337.073451511293),.UNSPECIFIED.);
#1285=B_SPLINE_CURVE_WITH_KNOTS('',1,(#2967,#2968),.UNSPECIFIED.,.F.,.F.,
(2,2),(336.032103032247,336.232635363242),.UNSPECIFIED.);
#1286=B_SPLINE_CURVE_WITH_KNOTS('',1,(#2969,#2970),.UNSPECIFIED.,.F.,.F.,
(2,2),(335.191286884196,336.032103032247),.UNSPECIFIED.);
#1287=B_SPLINE_CURVE_WITH_KNOTS('',1,(#2971,#2972),.UNSPECIFIED.,.F.,.F.,
(2,2),(334.26994056102,335.191286884196),.UNSPECIFIED.);
#1288=B_SPLINE_CURVE_WITH_KNOTS('',1,(#2973,#2974),.UNSPECIFIED.,.F.,.F.,
(2,2),(332.668484536782,334.26994056102),.UNSPECIFIED.);
#1289=B_SPLINE_CURVE_WITH_KNOTS('',1,(#2975,#2976),.UNSPECIFIED.,.F.,.F.,
(2,2),(331.615754962264,332.668484536782),.UNSPECIFIED.);
#1290=B_SPLINE_CURVE_WITH_KNOTS('',1,(#2977,#2978),.UNSPECIFIED.,.F.,.F.,
(2,2),(331.449797171096,331.615754962264),.UNSPECIFIED.);
#1291=B_SPLINE_CURVE_WITH_KNOTS('',1,(#2979,#2980),.UNSPECIFIED.,.F.,.F.,
(2,2),(330.397067596578,331.449797171096),.UNSPECIFIED.);
#1292=B_SPLINE_CURVE_WITH_KNOTS('',1,(#2981,#2982),.UNSPECIFIED.,.F.,.F.,
(2,2),(329.553448824807,330.397067596578),.UNSPECIFIED.);
#1293=B_SPLINE_CURVE_WITH_KNOTS('',1,(#2983,#2984),.UNSPECIFIED.,.F.,.F.,
(2,2),(328.500719250289,329.553448824807),.UNSPECIFIED.);
#1294=B_SPLINE_CURVE_WITH_KNOTS('',1,(#2985,#2986),.UNSPECIFIED.,.F.,.F.,
(2,2),(328.334761459121,328.500719250289),.UNSPECIFIED.);
#1295=B_SPLINE_CURVE_WITH_KNOTS('',1,(#2987,#2988),.UNSPECIFIED.,.F.,.F.,
(2,2),(327.282031884603,328.334761459121),.UNSPECIFIED.);
#1296=B_SPLINE_CURVE_WITH_KNOTS('',1,(#2989,#2990),.UNSPECIFIED.,.F.,.F.,
(2,2),(326.292762163773,327.282031884603),.UNSPECIFIED.);
#1297=B_SPLINE_CURVE_WITH_KNOTS('',1,(#2991,#2992),.UNSPECIFIED.,.F.,.F.,
(2,2),(295.50022706142,326.292762163773),.UNSPECIFIED.);
#1298=B_SPLINE_CURVE_WITH_KNOTS('',1,(#2993,#2994),.UNSPECIFIED.,.F.,.F.,
(2,2),(294.40022706142,295.50022706142),.UNSPECIFIED.);
#1299=B_SPLINE_CURVE_WITH_KNOTS('',1,(#2995,#2996),.UNSPECIFIED.,.F.,.F.,
(2,2),(290.401764757162,294.40022706142),.UNSPECIFIED.);
#1300=B_SPLINE_CURVE_WITH_KNOTS('',1,(#2997,#2998),.UNSPECIFIED.,.F.,.F.,
(2,2),(286.761640662022,290.401764757162),.UNSPECIFIED.);
#1301=B_SPLINE_CURVE_WITH_KNOTS('',1,(#2999,#3000),.UNSPECIFIED.,.F.,.F.,
(2,2),(285.159272025454,286.761640662022),.UNSPECIFIED.);
#1302=B_SPLINE_CURVE_WITH_KNOTS('',1,(#3001,#3002),.UNSPECIFIED.,.F.,.F.,
(2,2),(282.318011126588,285.159272025454),.UNSPECIFIED.);
#1303=B_SPLINE_CURVE_WITH_KNOTS('',1,(#3003,#3004),.UNSPECIFIED.,.F.,.F.,
(2,2),(281.961039404045,282.318011126588),.UNSPECIFIED.);
#1304=B_SPLINE_CURVE_WITH_KNOTS('',1,(#3005,#3006),.UNSPECIFIED.,.F.,.F.,
(2,2),(279.119778505179,281.961039404045),.UNSPECIFIED.);
#1305=B_SPLINE_CURVE_WITH_KNOTS('',1,(#3007,#3008),.UNSPECIFIED.,.F.,.F.,
(2,2),(273.725539142308,279.119778505179),.UNSPECIFIED.);
#1306=B_SPLINE_CURVE_WITH_KNOTS('',1,(#3009,#3010),.UNSPECIFIED.,.F.,.F.,
(2,2),(270.884278243442,273.725539142308),.UNSPECIFIED.);
#1307=B_SPLINE_CURVE_WITH_KNOTS('',1,(#3011,#3012),.UNSPECIFIED.,.F.,.F.,
(2,2),(270.527306520899,270.884278243442),.UNSPECIFIED.);
#1308=B_SPLINE_CURVE_WITH_KNOTS('',1,(#3013,#3014),.UNSPECIFIED.,.F.,.F.,
(2,2),(267.686045622034,270.527306520899),.UNSPECIFIED.);
#1309=B_SPLINE_CURVE_WITH_KNOTS('',1,(#3015,#3016),.UNSPECIFIED.,.F.,.F.,
(2,2),(260.966300498268,267.686045622034),.UNSPECIFIED.);
#1310=B_SPLINE_CURVE_WITH_KNOTS('',1,(#3017,#3018),.UNSPECIFIED.,.F.,.F.,
(2,2),(258.125039599402,260.966300498268),.UNSPECIFIED.);
#1311=B_SPLINE_CURVE_WITH_KNOTS('',1,(#3019,#3020),.UNSPECIFIED.,.F.,.F.,
(2,2),(257.768067876859,258.125039599402),.UNSPECIFIED.);
#1312=B_SPLINE_CURVE_WITH_KNOTS('',1,(#3021,#3022),.UNSPECIFIED.,.F.,.F.,
(2,2),(254.926806977993,257.768067876859),.UNSPECIFIED.);
#1313=B_SPLINE_CURVE_WITH_KNOTS('',1,(#3023,#3024),.UNSPECIFIED.,.F.,.F.,
(2,2),(248.257818805538,254.926806977993),.UNSPECIFIED.);
#1314=B_SPLINE_CURVE_WITH_KNOTS('',1,(#3025,#3026),.UNSPECIFIED.,.F.,.F.,
(2,2),(244.617694710399,248.257818805538),.UNSPECIFIED.);
#1315=B_SPLINE_CURVE_WITH_KNOTS('',1,(#3027,#3028),.UNSPECIFIED.,.F.,.F.,
(2,2),(239.427762334191,244.617694710399),.UNSPECIFIED.);
#1316=B_SPLINE_CURVE_WITH_KNOTS('',1,(#3029,#3030),.UNSPECIFIED.,.F.,.F.,
(2,2),(238.327762334191,239.427762334191),.UNSPECIFIED.);
#1317=B_SPLINE_CURVE_WITH_KNOTS('',1,(#3031,#3032),.UNSPECIFIED.,.F.,.F.,
(2,2),(222.460663307123,238.327762334191),.UNSPECIFIED.);
#1318=B_SPLINE_CURVE_WITH_KNOTS('',1,(#3033,#3034),.UNSPECIFIED.,.F.,.F.,
(2,2),(203.910443475383,222.460663307123),.UNSPECIFIED.);
#1319=B_SPLINE_CURVE_WITH_KNOTS('',1,(#3035,#3036),.UNSPECIFIED.,.F.,.F.,
(2,2),(187.174568722438,203.910443475383),.UNSPECIFIED.);
#1320=B_SPLINE_CURVE_WITH_KNOTS('',1,(#3037,#3038),.UNSPECIFIED.,.F.,.F.,
(2,2),(181.116012466277,187.174568722438),.UNSPECIFIED.);
#1321=B_SPLINE_CURVE_WITH_KNOTS('',1,(#3039,#3040),.UNSPECIFIED.,.F.,.F.,
(2,2),(170.207558213403,181.116012466277),.UNSPECIFIED.);
#1322=B_SPLINE_CURVE_WITH_KNOTS('',1,(#3041,#3042),.UNSPECIFIED.,.F.,.F.,
(2,2),(168.771705576381,170.207558213403),.UNSPECIFIED.);
#1323=B_SPLINE_CURVE_WITH_KNOTS('',1,(#3043,#3044),.UNSPECIFIED.,.F.,.F.,
(2,2),(164.410948538559,168.771705576381),.UNSPECIFIED.);
#1324=B_SPLINE_CURVE_WITH_KNOTS('',1,(#3045,#3046),.UNSPECIFIED.,.F.,.F.,
(2,2),(156.394575983356,164.410948538559),.UNSPECIFIED.);
#1325=B_SPLINE_CURVE_WITH_KNOTS('',1,(#3047,#3048),.UNSPECIFIED.,.F.,.F.,
(2,2),(153.984687807667,156.394575983356),.UNSPECIFIED.);
#1326=B_SPLINE_CURVE_WITH_KNOTS('',1,(#3049,#3050),.UNSPECIFIED.,.F.,.F.,
(2,2),(152.884687807667,153.984687807667),.UNSPECIFIED.);
#1327=B_SPLINE_CURVE_WITH_KNOTS('',1,(#3051,#3052),.UNSPECIFIED.,.F.,.F.,
(2,2),(147.624127449972,152.884687807667),.UNSPECIFIED.);
#1328=B_SPLINE_CURVE_WITH_KNOTS('',1,(#3053,#3054),.UNSPECIFIED.,.F.,.F.,
(2,2),(143.339946187571,147.624127449972),.UNSPECIFIED.);
#1329=B_SPLINE_CURVE_WITH_KNOTS('',1,(#3055,#3056),.UNSPECIFIED.,.F.,.F.,
(2,2),(141.353320115572,143.339946187571),.UNSPECIFIED.);
#1330=B_SPLINE_CURVE_WITH_KNOTS('',1,(#3057,#3058),.UNSPECIFIED.,.F.,.F.,
(2,2),(137.315697351059,141.353320115572),.UNSPECIFIED.);
#1331=B_SPLINE_CURVE_WITH_KNOTS('',1,(#3059,#3060),.UNSPECIFIED.,.F.,.F.,
(2,2),(134.789626399617,137.315697351059),.UNSPECIFIED.);
#1332=B_SPLINE_CURVE_WITH_KNOTS('',1,(#3061,#3062),.UNSPECIFIED.,.F.,.F.,
(2,2),(131.160413887097,134.789626399617),.UNSPECIFIED.);
#1333=B_SPLINE_CURVE_WITH_KNOTS('',1,(#3063,#3064),.UNSPECIFIED.,.F.,.F.,
(2,2),(130.010171670014,131.160413887097),.UNSPECIFIED.);
#1334=B_SPLINE_CURVE_WITH_KNOTS('',1,(#3065,#3066),.UNSPECIFIED.,.F.,.F.,
(2,2),(127.570864899304,130.010171670014),.UNSPECIFIED.);
#1335=B_SPLINE_CURVE_WITH_KNOTS('',1,(#3067,#3068),.UNSPECIFIED.,.F.,.F.,
(2,2),(127.332883750942,127.570864899304),.UNSPECIFIED.);
#1336=B_SPLINE_CURVE_WITH_KNOTS('',1,(#3069,#3070),.UNSPECIFIED.,.F.,.F.,
(2,2),(124.556437020053,127.332883750942),.UNSPECIFIED.);
#1337=B_SPLINE_CURVE_WITH_KNOTS('',1,(#3071,#3072),.UNSPECIFIED.,.F.,.F.,
(2,2),(122.780271099073,124.556437020053),.UNSPECIFIED.);
#1338=B_SPLINE_CURVE_WITH_KNOTS('',1,(#3073,#3074),.UNSPECIFIED.,.F.,.F.,
(2,2),(115.818959381152,122.780271099073),.UNSPECIFIED.);
#1339=B_SPLINE_CURVE_WITH_KNOTS('',1,(#3075,#3076),.UNSPECIFIED.,.F.,.F.,
(2,2),(114.739216157631,115.818959381152),.UNSPECIFIED.);
#1340=B_SPLINE_CURVE_WITH_KNOTS('',1,(#3077,#3078),.UNSPECIFIED.,.F.,.F.,
(2,2),(113.396398907666,114.739216157631),.UNSPECIFIED.);
#1341=B_SPLINE_CURVE_WITH_KNOTS('',1,(#3079,#3080),.UNSPECIFIED.,.F.,.F.,
(2,2),(113.13858599694,113.396398907666),.UNSPECIFIED.);
#1342=B_SPLINE_CURVE_WITH_KNOTS('',1,(#3081,#3082),.UNSPECIFIED.,.F.,.F.,
(2,2),(111.795768746975,113.13858599694),.UNSPECIFIED.);
#1343=B_SPLINE_CURVE_WITH_KNOTS('',1,(#3083,#3084),.UNSPECIFIED.,.F.,.F.,
(2,2),(110.479802396283,111.795768746975),.UNSPECIFIED.);
#1344=B_SPLINE_CURVE_WITH_KNOTS('',1,(#3085,#3086),.UNSPECIFIED.,.F.,.F.,
(2,2),(108.77606022097,110.479802396283),.UNSPECIFIED.);
#1345=B_SPLINE_CURVE_WITH_KNOTS('',1,(#3087,#3088),.UNSPECIFIED.,.F.,.F.,
(2,2),(108.416485006772,108.77606022097),.UNSPECIFIED.);
#1346=B_SPLINE_CURVE_WITH_KNOTS('',1,(#3089,#3090),.UNSPECIFIED.,.F.,.F.,
(2,2),(106.712742831459,108.416485006772),.UNSPECIFIED.);
#1347=B_SPLINE_CURVE_WITH_KNOTS('',1,(#3091,#3092),.UNSPECIFIED.,.F.,.F.,
(2,2),(106.007422218995,106.712742831459),.UNSPECIFIED.);
#1348=B_SPLINE_CURVE_WITH_KNOTS('',1,(#3093,#3094),.UNSPECIFIED.,.F.,.F.,
(2,2),(104.511127282641,106.007422218995),.UNSPECIFIED.);
#1349=B_SPLINE_CURVE_WITH_KNOTS('',1,(#3095,#3096),.UNSPECIFIED.,.F.,.F.,
(2,2),(104.338254583508,104.511127282641),.UNSPECIFIED.);
#1350=B_SPLINE_CURVE_WITH_KNOTS('',1,(#3097,#3098),.UNSPECIFIED.,.F.,.F.,
(2,2),(102.841959647155,104.338254583508),.UNSPECIFIED.);
#1351=B_SPLINE_CURVE_WITH_KNOTS('',1,(#3099,#3100),.UNSPECIFIED.,.F.,.F.,
(2,2),(101.943021611661,102.841959647155),.UNSPECIFIED.);
#1352=B_SPLINE_CURVE_WITH_KNOTS('',1,(#3101,#3102),.UNSPECIFIED.,.F.,.F.,
(2,2),(100.446726675308,101.943021611661),.UNSPECIFIED.);
#1353=B_SPLINE_CURVE_WITH_KNOTS('',1,(#3103,#3104),.UNSPECIFIED.,.F.,.F.,
(2,2),(100.273853976175,100.446726675308),.UNSPECIFIED.);
#1354=B_SPLINE_CURVE_WITH_KNOTS('',1,(#3105,#3106),.UNSPECIFIED.,.F.,.F.,
(2,2),(98.7775590398216,100.273853976175),.UNSPECIFIED.);
#1355=B_SPLINE_CURVE_WITH_KNOTS('',1,(#3107,#3108),.UNSPECIFIED.,.F.,.F.,
(2,2),(98.0522763787014,98.7775590398216),.UNSPECIFIED.);
#1356=B_SPLINE_CURVE_WITH_KNOTS('',1,(#3109,#3110),.UNSPECIFIED.,.F.,.F.,
(2,2),(95.0202616124047,98.0522763787014),.UNSPECIFIED.);
#1357=B_SPLINE_CURVE_WITH_KNOTS('',1,(#3111,#3112),.UNSPECIFIED.,.F.,.F.,
(2,2),(92.5718958885163,95.0202616124047),.UNSPECIFIED.);
#1358=B_SPLINE_CURVE_WITH_KNOTS('',1,(#3113,#3114),.UNSPECIFIED.,.F.,.F.,
(2,2),(91.9353208003053,92.5718958885163),.UNSPECIFIED.);
#1359=B_SPLINE_CURVE_WITH_KNOTS('',1,(#3115,#3116),.UNSPECIFIED.,.F.,.F.,
(2,2),(91.7149678851554,91.9353208003053),.UNSPECIFIED.);
#1360=B_SPLINE_CURVE_WITH_KNOTS('',1,(#3117,#3118),.UNSPECIFIED.,.F.,.F.,
(2,2),(91.3449224435943,91.7149678851554),.UNSPECIFIED.);
#1361=B_SPLINE_CURVE_WITH_KNOTS('',1,(#3119,#3120),.UNSPECIFIED.,.F.,.F.,
(2,2),(89.6628128103971,91.3449224435943),.UNSPECIFIED.);
#1362=B_SPLINE_CURVE_WITH_KNOTS('',1,(#3121,#3122),.UNSPECIFIED.,.F.,.F.,
(2,2),(89.1475191639269,89.6628128103971),.UNSPECIFIED.);
#1363=B_SPLINE_CURVE_WITH_KNOTS('',1,(#3123,#3124),.UNSPECIFIED.,.F.,.F.,
(2,2),(88.8897062532015,89.1475191639269),.UNSPECIFIED.);
#1364=B_SPLINE_CURVE_WITH_KNOTS('',1,(#3125,#3126),.UNSPECIFIED.,.F.,.F.,
(2,2),(87.4222244847975,88.8897062532015),.UNSPECIFIED.);
#1365=B_SPLINE_CURVE_WITH_KNOTS('',1,(#3127,#3128),.UNSPECIFIED.,.F.,.F.,
(2,2),(87.164411574072,87.4222244847975),.UNSPECIFIED.);
#1366=B_SPLINE_CURVE_WITH_KNOTS('',1,(#3129,#3130),.UNSPECIFIED.,.F.,.F.,
(2,2),(87.0931168412014,87.164411574072),.UNSPECIFIED.);
#1367=B_SPLINE_CURVE_WITH_KNOTS('',1,(#3131,#3132),.UNSPECIFIED.,.F.,.F.,
(2,2),(85.2122303453099,87.0931168412014),.UNSPECIFIED.);
#1368=B_SPLINE_CURVE_WITH_KNOTS('',1,(#3133,#3134),.UNSPECIFIED.,.F.,.F.,
(2,2),(83.5833860810584,85.2122303453099),.UNSPECIFIED.);
#1369=B_SPLINE_CURVE_WITH_KNOTS('',1,(#3135,#3136),.UNSPECIFIED.,.F.,.F.,
(2,2),(81.7024995851668,83.5833860810584),.UNSPECIFIED.);
#1370=B_SPLINE_CURVE_WITH_KNOTS('',1,(#3137,#3138),.UNSPECIFIED.,.F.,.F.,
(2,2),(81.0523242769976,81.7024995851668),.UNSPECIFIED.);
#1371=B_SPLINE_CURVE_WITH_KNOTS('',1,(#3139,#3140),.UNSPECIFIED.,.F.,.F.,
(2,2),(80.7945113662721,81.0523242769976),.UNSPECIFIED.);
#1372=B_SPLINE_CURVE_WITH_KNOTS('',1,(#3141,#3142),.UNSPECIFIED.,.F.,.F.,
(2,2),(77.7193164383491,80.7945113662721),.UNSPECIFIED.);
#1373=B_SPLINE_CURVE_WITH_KNOTS('',1,(#3143,#3144),.UNSPECIFIED.,.F.,.F.,
(2,2),(77.4615035276236,77.7193164383491),.UNSPECIFIED.);
#1374=B_SPLINE_CURVE_WITH_KNOTS('',1,(#3145,#3146),.UNSPECIFIED.,.F.,.F.,
(2,2),(75.3736238680493,77.4615035276236),.UNSPECIFIED.);
#1375=B_SPLINE_CURVE_WITH_KNOTS('',1,(#3147,#3148),.UNSPECIFIED.,.F.,.F.,
(2,2),(73.0184275501045,75.3736238680493),.UNSPECIFIED.);
#1376=B_SPLINE_CURVE_WITH_KNOTS('',1,(#3149,#3150),.UNSPECIFIED.,.F.,.F.,
(2,2),(72.6812875899251,73.0184275501045),.UNSPECIFIED.);
#1377=B_SPLINE_CURVE_WITH_KNOTS('',1,(#3151,#3152),.UNSPECIFIED.,.F.,.F.,
(2,2),(72.4067553710129,72.6812875899251),.UNSPECIFIED.);
#1378=B_SPLINE_CURVE_WITH_KNOTS('',1,(#3153,#3154),.UNSPECIFIED.,.F.,.F.,
(2,2),(70.7779111067614,72.4067553710129),.UNSPECIFIED.);
#1379=B_SPLINE_CURVE_WITH_KNOTS('',1,(#3155,#3156),.UNSPECIFIED.,.F.,.F.,
(2,2),(68.3381698209623,70.7779111067614),.UNSPECIFIED.);
#1380=B_SPLINE_CURVE_WITH_KNOTS('',1,(#3157,#3158),.UNSPECIFIED.,.F.,.F.,
(2,2),(66.7093255567108,68.3381698209623),.UNSPECIFIED.);
#1381=B_SPLINE_CURVE_WITH_KNOTS('',1,(#3159,#3160),.UNSPECIFIED.,.F.,.F.,
(2,2),(64.8616974679478,66.7093255567108),.UNSPECIFIED.);
#1382=B_SPLINE_CURVE_WITH_KNOTS('',1,(#3161,#3162),.UNSPECIFIED.,.F.,.F.,
(2,2),(64.5245575077684,64.8616974679478),.UNSPECIFIED.);
#1383=B_SPLINE_CURVE_WITH_KNOTS('',1,(#3163,#3164),.UNSPECIFIED.,.F.,.F.,
(2,2),(62.8472623049026,64.5245575077684),.UNSPECIFIED.);
#1384=B_SPLINE_CURVE_WITH_KNOTS('',1,(#3165,#3166),.UNSPECIFIED.,.F.,.F.,
(2,2),(62.1874942973388,62.8472623049026),.UNSPECIFIED.);
#1385=B_SPLINE_CURVE_WITH_KNOTS('',1,(#3167,#3168),.UNSPECIFIED.,.F.,.F.,
(2,2),(60.6453764559534,62.1874942973388),.UNSPECIFIED.);
#1386=B_SPLINE_CURVE_WITH_KNOTS('',1,(#3169,#3170),.UNSPECIFIED.,.F.,.F.,
(2,2),(60.4526117257802,60.6453764559534),.UNSPECIFIED.);
#1387=B_SPLINE_CURVE_WITH_KNOTS('',1,(#3171,#3172),.UNSPECIFIED.,.F.,.F.,
(2,2),(58.9104938843948,60.4526117257802),.UNSPECIFIED.);
#1388=B_SPLINE_CURVE_WITH_KNOTS('',1,(#3173,#3174),.UNSPECIFIED.,.F.,.F.,
(2,2),(58.0926347024978,58.9104938843948),.UNSPECIFIED.);
#1389=B_SPLINE_CURVE_WITH_KNOTS('',1,(#3175,#3176),.UNSPECIFIED.,.F.,.F.,
(2,2),(56.5505168611123,58.0926347024978),.UNSPECIFIED.);
#1390=B_SPLINE_CURVE_WITH_KNOTS('',1,(#3177,#3178),.UNSPECIFIED.,.F.,.F.,
(2,2),(56.3577521309391,56.5505168611123),.UNSPECIFIED.);
#1391=B_SPLINE_CURVE_WITH_KNOTS('',1,(#3179,#3180),.UNSPECIFIED.,.F.,.F.,
(2,2),(54.8156342895537,56.3577521309391),.UNSPECIFIED.);
#1392=B_SPLINE_CURVE_WITH_KNOTS('',1,(#3181,#3182),.UNSPECIFIED.,.F.,.F.,
(2,2),(53.9977751076567,54.8156342895537),.UNSPECIFIED.);
#1393=B_SPLINE_CURVE_WITH_KNOTS('',1,(#3183,#3184),.UNSPECIFIED.,.F.,.F.,
(2,2),(52.4556572662712,53.9977751076567),.UNSPECIFIED.);
#1394=B_SPLINE_CURVE_WITH_KNOTS('',1,(#3185,#3186),.UNSPECIFIED.,.F.,.F.,
(2,2),(52.262892536098,52.4556572662712),.UNSPECIFIED.);
#1395=B_SPLINE_CURVE_WITH_KNOTS('',1,(#3187,#3188),.UNSPECIFIED.,.F.,.F.,
(2,2),(50.7207746947126,52.262892536098),.UNSPECIFIED.);
#1396=B_SPLINE_CURVE_WITH_KNOTS('',1,(#3189,#3190),.UNSPECIFIED.,.F.,.F.,
(2,2),(50.0590549442559,50.7207746947126),.UNSPECIFIED.);
#1397=B_SPLINE_CURVE_WITH_KNOTS('',1,(#3191,#3192),.UNSPECIFIED.,.F.,.F.,
(2,2),(48.5169371028704,50.0590549442559),.UNSPECIFIED.);
#1398=B_SPLINE_CURVE_WITH_KNOTS('',1,(#3193,#3194),.UNSPECIFIED.,.F.,.F.,
(2,2),(48.3241723726972,48.5169371028704),.UNSPECIFIED.);
#1399=B_SPLINE_CURVE_WITH_KNOTS('',1,(#3195,#3196),.UNSPECIFIED.,.F.,.F.,
(2,2),(46.7820545313118,48.3241723726972),.UNSPECIFIED.);
#1400=B_SPLINE_CURVE_WITH_KNOTS('',1,(#3197,#3198),.UNSPECIFIED.,.F.,.F.,
(2,2),(46.2061307945949,46.7820545313118),.UNSPECIFIED.);
#1401=B_SPLINE_CURVE_WITH_KNOTS('',1,(#3199,#3200),.UNSPECIFIED.,.F.,.F.,
(2,2),(43.5095826783649,46.2061307945949),.UNSPECIFIED.);
#1402=B_SPLINE_CURVE_WITH_KNOTS('',1,(#3201,#3202),.UNSPECIFIED.,.F.,.F.,
(2,2),(40.2176429988324,43.5095826783649),.UNSPECIFIED.);
#1403=B_SPLINE_CURVE_WITH_KNOTS('',1,(#3203,#3204),.UNSPECIFIED.,.F.,.F.,
(2,2),(39.5280271766379,40.2176429988324),.UNSPECIFIED.);
#1404=B_SPLINE_CURVE_WITH_KNOTS('',1,(#3205,#3206),.UNSPECIFIED.,.F.,.F.,
(2,2),(37.0297962735935,39.5280271766379),.UNSPECIFIED.);
#1405=B_SPLINE_CURVE_WITH_KNOTS('',1,(#3207,#3208),.UNSPECIFIED.,.F.,.F.,
(2,2),(36.0658877130834,37.0297962735935),.UNSPECIFIED.);
#1406=B_SPLINE_CURVE_WITH_KNOTS('',1,(#3209,#3210),.UNSPECIFIED.,.F.,.F.,
(2,2),(35.5506615931334,36.0658877130834),.UNSPECIFIED.);
#1407=B_SPLINE_CURVE_WITH_KNOTS('',1,(#3211,#3212),.UNSPECIFIED.,.F.,.F.,
(2,2),(35.2928486824079,35.5506615931334),.UNSPECIFIED.);
#1408=B_SPLINE_CURVE_WITH_KNOTS('',1,(#3213,#3214),.UNSPECIFIED.,.F.,.F.,
(2,2),(34.3856262161842,35.2928486824079),.UNSPECIFIED.);
#1409=B_SPLINE_CURVE_WITH_KNOTS('',1,(#3215,#3216),.UNSPECIFIED.,.F.,.F.,
(2,2),(34.1278133054588,34.3856262161842),.UNSPECIFIED.);
#1410=B_SPLINE_CURVE_WITH_KNOTS('',1,(#3217,#3218),.UNSPECIFIED.,.F.,.F.,
(2,2),(33.9570144870588,34.1278133054588),.UNSPECIFIED.);
#1411=B_SPLINE_CURVE_WITH_KNOTS('',1,(#3219,#3220),.UNSPECIFIED.,.F.,.F.,
(2,2),(32.4986643936545,33.9570144870588),.UNSPECIFIED.);
#1412=B_SPLINE_CURVE_WITH_KNOTS('',1,(#3221,#3222),.UNSPECIFIED.,.F.,.F.,
(2,2),(31.9261531450401,32.4986643936545),.UNSPECIFIED.);
#1413=B_SPLINE_CURVE_WITH_KNOTS('',1,(#3223,#3224),.UNSPECIFIED.,.F.,.F.,
(2,2),(30.2099901409103,31.9261531450401),.UNSPECIFIED.);
#1414=B_SPLINE_CURVE_WITH_KNOTS('',1,(#3225,#3226),.UNSPECIFIED.,.F.,.F.,
(2,2),(29.7549560503542,30.2099901409103),.UNSPECIFIED.);
#1415=B_SPLINE_CURVE_WITH_KNOTS('',1,(#3227,#3228),.UNSPECIFIED.,.F.,.F.,
(2,2),(24.2995175108239,29.7549560503542),.UNSPECIFIED.);
#1416=B_SPLINE_CURVE_WITH_KNOTS('',1,(#3229,#3230),.UNSPECIFIED.,.F.,.F.,
(2,2),(20.2593230194409,24.2995175108239),.UNSPECIFIED.);
#1417=B_SPLINE_CURVE_WITH_KNOTS('',1,(#3231,#3232),.UNSPECIFIED.,.F.,.F.,
(2,2),(14.2007667632797,20.2593230194409),.UNSPECIFIED.);
#1418=B_SPLINE_CURVE_WITH_KNOTS('',1,(#3233,#3234),.UNSPECIFIED.,.F.,.F.,
(2,2),(6.98257809055997,14.2007667632797),.UNSPECIFIED.);
#1419=B_SPLINE_CURVE_WITH_KNOTS('',1,(#3235,#3236),.UNSPECIFIED.,.F.,.F.,
(2,2),(0.924021834398786,6.98257809055997),.UNSPECIFIED.);
#1420=B_SPLINE_CURVE_WITH_KNOTS('',1,(#3237,#3238),.UNSPECIFIED.,.F.,.F.,
(2,2),(7.78699193984397,8.88699193984397),.UNSPECIFIED.);
#1421=B_SPLINE_CURVE_WITH_KNOTS('',1,(#3239,#3240),.UNSPECIFIED.,.F.,.F.,
(2,2),(5.70997354289526,7.78699193984397),.UNSPECIFIED.);
#1422=B_SPLINE_CURVE_WITH_KNOTS('',1,(#3241,#3242),.UNSPECIFIED.,.F.,.F.,
(2,2),(4.56221187454988,5.70997354289526),.UNSPECIFIED.);
#1423=B_SPLINE_CURVE_WITH_KNOTS('',1,(#3243,#3244),.UNSPECIFIED.,.F.,.F.,
(2,2),(3.46221187454988,4.56221187454988),.UNSPECIFIED.);
#1424=B_SPLINE_CURVE_WITH_KNOTS('',1,(#3245,#3246),.UNSPECIFIED.,.F.,.F.,
(2,2),(2.19573430157659,3.46221187454988),.UNSPECIFIED.);
#1425=B_SPLINE_CURVE_WITH_KNOTS('',1,(#3247,#3248),.UNSPECIFIED.,.F.,.F.,
(2,2),(126.427706282376,143.287589333094),.UNSPECIFIED.);
#1426=B_SPLINE_CURVE_WITH_KNOTS('',1,(#3249,#3250),.UNSPECIFIED.,.F.,.F.,
(2,2),(124.453602738008,126.427706282376),.UNSPECIFIED.);
#1427=B_SPLINE_CURVE_WITH_KNOTS('',1,(#3251,#3252),.UNSPECIFIED.,.F.,.F.,
(2,2),(119.917614397551,124.453602738008),.UNSPECIFIED.);
#1428=B_SPLINE_CURVE_WITH_KNOTS('',1,(#3253,#3254),.UNSPECIFIED.,.F.,.F.,
(2,2),(112.506769993842,119.917614397551),.UNSPECIFIED.);
#1429=B_SPLINE_CURVE_WITH_KNOTS('',1,(#3255,#3256),.UNSPECIFIED.,.F.,.F.,
(2,2),(109.336319252415,112.506769993842),.UNSPECIFIED.);
#1430=B_SPLINE_CURVE_WITH_KNOTS('',1,(#3257,#3258),.UNSPECIFIED.,.F.,.F.,
(2,2),(96.2400136710625,109.336319252415),.UNSPECIFIED.);
#1431=B_SPLINE_CURVE_WITH_KNOTS('',1,(#3259,#3260),.UNSPECIFIED.,.F.,.F.,
(2,2),(91.3946611026897,96.2400136710625),.UNSPECIFIED.);
#1432=B_SPLINE_CURVE_WITH_KNOTS('',1,(#3261,#3262),.UNSPECIFIED.,.F.,.F.,
(2,2),(77.9920342488398,91.3946611026897),.UNSPECIFIED.);
#1433=B_SPLINE_CURVE_WITH_KNOTS('',1,(#3263,#3264),.UNSPECIFIED.,.F.,.F.,
(2,2),(77.7235426231289,77.9920342488398),.UNSPECIFIED.);
#1434=B_SPLINE_CURVE_WITH_KNOTS('',1,(#3265,#3266),.UNSPECIFIED.,.F.,.F.,
(2,2),(63.248565108285,77.7235426231289),.UNSPECIFIED.);
#1435=B_SPLINE_CURVE_WITH_KNOTS('',1,(#3267,#3268),.UNSPECIFIED.,.F.,.F.,
(2,2),(58.3757638670656,63.248565108285),.UNSPECIFIED.);
#1436=B_SPLINE_CURVE_WITH_KNOTS('',1,(#3269,#3270),.UNSPECIFIED.,.F.,.F.,
(2,2),(56.9577193996406,58.3757638670656),.UNSPECIFIED.);
#1437=B_SPLINE_CURVE_WITH_KNOTS('',1,(#3271,#3272),.UNSPECIFIED.,.F.,.F.,
(2,2),(55.7577193996406,56.9577193996406),.UNSPECIFIED.);
#1438=B_SPLINE_CURVE_WITH_KNOTS('',1,(#3273,#3274),.UNSPECIFIED.,.F.,.F.,
(2,2),(54.2277240532083,55.7577193996406),.UNSPECIFIED.);
#1439=B_SPLINE_CURVE_WITH_KNOTS('',1,(#3275,#3276),.UNSPECIFIED.,.F.,.F.,
(2,2),(41.2687786913257,54.2277240532083),.UNSPECIFIED.);
#1440=B_SPLINE_CURVE_WITH_KNOTS('',1,(#3277,#3278),.UNSPECIFIED.,.F.,.F.,
(2,2),(37.3024262186266,41.2687786913257),.UNSPECIFIED.);
#1441=B_SPLINE_CURVE_WITH_KNOTS('',1,(#3279,#3280),.UNSPECIFIED.,.F.,.F.,
(2,2),(36.2251453001157,37.3024262186266),.UNSPECIFIED.);
#1442=B_SPLINE_CURVE_WITH_KNOTS('',1,(#3281,#3282),.UNSPECIFIED.,.F.,.F.,
(2,2),(26.9992237283682,36.2251453001157),.UNSPECIFIED.);
#1443=B_SPLINE_CURVE_WITH_KNOTS('',1,(#3283,#3284),.UNSPECIFIED.,.F.,.F.,
(2,2),(21.9292038191272,26.9992237283682),.UNSPECIFIED.);
#1444=B_SPLINE_CURVE_WITH_KNOTS('',1,(#3285,#3286),.UNSPECIFIED.,.F.,.F.,
(2,2),(19.0502476482028,21.9292038191272),.UNSPECIFIED.);
#1445=B_SPLINE_CURVE_WITH_KNOTS('',1,(#3287,#3288),.UNSPECIFIED.,.F.,.F.,
(2,2),(1.3060935884178,19.0502476482028),.UNSPECIFIED.);
#1446=B_SPLINE_CURVE_WITH_KNOTS('',1,(#3289,#3290),.UNSPECIFIED.,.F.,.F.,
(2,2),(5.38453981385734,6.48453981385734),.UNSPECIFIED.);
#1447=B_SPLINE_CURVE_WITH_KNOTS('',1,(#3291,#3292),.UNSPECIFIED.,.F.,.F.,
(2,2),(3.21923474663911,5.38453981385734),.UNSPECIFIED.);
#1448=B_SPLINE_CURVE_WITH_KNOTS('',1,(#3293,#3294),.UNSPECIFIED.,.F.,.F.,
(2,2),(1.1,3.21923474663911),.UNSPECIFIED.);
#1449=B_SPLINE_CURVE_WITH_KNOTS('',1,(#3295,#3296),.UNSPECIFIED.,.F.,.F.,
(2,2),(0.,1.1),.UNSPECIFIED.);
#1450=B_SPLINE_CURVE_WITH_KNOTS('',1,(#3297,#3298),.UNSPECIFIED.,.F.,.F.,
(2,2),(-1.01923474663911,0.),.UNSPECIFIED.);
#1451=B_SPLINE_CURVE_WITH_KNOTS('',1,(#3299,#3300),.UNSPECIFIED.,.F.,.F.,
(2,2),(42.5340941578027,50.7542735102816),.UNSPECIFIED.);
#1452=B_SPLINE_CURVE_WITH_KNOTS('',1,(#3301,#3302),.UNSPECIFIED.,.F.,.F.,
(2,2),(41.3340941578027,42.5340941578027),.UNSPECIFIED.);
#1453=B_SPLINE_CURVE_WITH_KNOTS('',1,(#3303,#3304),.UNSPECIFIED.,.F.,.F.,
(2,2),(32.135478099483,41.3340941578027),.UNSPECIFIED.);
#1454=B_SPLINE_CURVE_WITH_KNOTS('',1,(#3305,#3306),.UNSPECIFIED.,.F.,.F.,
(2,2),(31.4735386126508,32.135478099483),.UNSPECIFIED.);
#1455=B_SPLINE_CURVE_WITH_KNOTS('',1,(#3307,#3308),.UNSPECIFIED.,.F.,.F.,
(2,2),(21.9088544929614,31.4735386126508),.UNSPECIFIED.);
#1456=B_SPLINE_CURVE_WITH_KNOTS('',1,(#3309,#3310),.UNSPECIFIED.,.F.,.F.,
(2,2),(19.2528517748528,21.9088544929614),.UNSPECIFIED.);
#1457=B_SPLINE_CURVE_WITH_KNOTS('',1,(#3311,#3312),.UNSPECIFIED.,.F.,.F.,
(2,2),(14.9302044118745,19.2528517748528),.UNSPECIFIED.);
#1458=B_SPLINE_CURVE_WITH_KNOTS('',1,(#3313,#3314),.UNSPECIFIED.,.F.,.F.,
(2,2),(11.3469572557214,14.9302044118745),.UNSPECIFIED.);
#1459=B_SPLINE_CURVE_WITH_KNOTS('',1,(#3315,#3316),.UNSPECIFIED.,.F.,.F.,
(2,2),(8.27560255044733,11.3469572557214),.UNSPECIFIED.);
#1460=B_SPLINE_CURVE_WITH_KNOTS('',1,(#3317,#3318),.UNSPECIFIED.,.F.,.F.,
(2,2),(6.28897647844831,8.27560255044733),.UNSPECIFIED.);
#1461=B_SPLINE_CURVE_WITH_KNOTS('',1,(#3319,#3320),.UNSPECIFIED.,.F.,.F.,
(2,2),(40.5359115401208,46.6217440116824),.UNSPECIFIED.);
#1462=B_SPLINE_CURVE_WITH_KNOTS('',1,(#3321,#3322),.UNSPECIFIED.,.F.,.F.,
(2,2),(39.1139880654569,40.5359115401208),.UNSPECIFIED.);
#1463=B_SPLINE_CURVE_WITH_KNOTS('',1,(#3323,#3324),.UNSPECIFIED.,.F.,.F.,
(2,2),(36.3270180551156,39.1139880654569),.UNSPECIFIED.);
#1464=B_SPLINE_CURVE_WITH_KNOTS('',1,(#3325,#3326),.UNSPECIFIED.,.F.,.F.,
(2,2),(33.198786410855,36.3270180551156),.UNSPECIFIED.);
#1465=B_SPLINE_CURVE_WITH_KNOTS('',1,(#3327,#3328),.UNSPECIFIED.,.F.,.F.,
(2,2),(26.0322920985488,33.198786410855),.UNSPECIFIED.);
#1466=B_SPLINE_CURVE_WITH_KNOTS('',1,(#3329,#3330),.UNSPECIFIED.,.F.,.F.,
(2,2),(21.4449633381409,26.0322920985488),.UNSPECIFIED.);
#1467=B_SPLINE_CURVE_WITH_KNOTS('',1,(#3331,#3332),.UNSPECIFIED.,.F.,.F.,
(2,2),(17.463577609082,21.4449633381409),.UNSPECIFIED.);
#1468=B_SPLINE_CURVE_WITH_KNOTS('',1,(#3333,#3334),.UNSPECIFIED.,.F.,.F.,
(2,2),(6.48397104446746,17.463577609082),.UNSPECIFIED.);
#1469=B_SPLINE_CURVE_WITH_KNOTS('',1,(#3335,#3336),.UNSPECIFIED.,.F.,.F.,
(2,2),(2.33753877973113,6.48397104446746),.UNSPECIFIED.);
#1470=B_SPLINE_CURVE_WITH_KNOTS('',1,(#3337,#3338),.UNSPECIFIED.,.F.,.F.,
(2,2),(1.2,2.33753877973113),.UNSPECIFIED.);
#1471=B_SPLINE_CURVE_WITH_KNOTS('',1,(#3339,#3340),.UNSPECIFIED.,.F.,.F.,
(2,2),(6.69231154310888,7.79231154310887),.UNSPECIFIED.);
#1472=B_SPLINE_CURVE_WITH_KNOTS('',1,(#3341,#3342),.UNSPECIFIED.,.F.,.F.,
(2,2),(2.28418815152247,6.69231154310888),.UNSPECIFIED.);
#1473=B_SPLINE_CURVE_WITH_KNOTS('',1,(#3343,#3344),.UNSPECIFIED.,.F.,.F.,
(2,2),(1.1,2.28418815152247),.UNSPECIFIED.);
#1474=B_SPLINE_CURVE_WITH_KNOTS('',1,(#3345,#3346),.UNSPECIFIED.,.F.,.F.,
(2,2),(0.,1.1),.UNSPECIFIED.);
#1475=B_SPLINE_CURVE_WITH_KNOTS('',1,(#3347,#3348),.UNSPECIFIED.,.F.,.F.,
(2,2),(-1.01306117610659,0.),.UNSPECIFIED.);
#1476=B_SPLINE_CURVE_WITH_KNOTS('',1,(#3349,#3350),.UNSPECIFIED.,.F.,.F.,
(2,2),(7.03210794146142,8.13210794146142),.UNSPECIFIED.);
#1477=B_SPLINE_CURVE_WITH_KNOTS('',1,(#3351,#3352),.UNSPECIFIED.,.F.,.F.,
(2,2),(1.1,7.03210794146142),.UNSPECIFIED.);
#1478=B_SPLINE_CURVE_WITH_KNOTS('',1,(#3353,#3354),.UNSPECIFIED.,.F.,.F.,
(2,2),(0.,1.1),.UNSPECIFIED.);
#1479=B_SPLINE_CURVE_WITH_KNOTS('',1,(#3355,#3356),.UNSPECIFIED.,.F.,.F.,
(2,2),(7.03210794146142,8.13210794146143),.UNSPECIFIED.);
#1480=B_SPLINE_CURVE_WITH_KNOTS('',1,(#3357,#3358),.UNSPECIFIED.,.F.,.F.,
(2,2),(1.1,7.03210794146142),.UNSPECIFIED.);
#1481=B_SPLINE_CURVE_WITH_KNOTS('',1,(#3359,#3360),.UNSPECIFIED.,.F.,.F.,
(2,2),(0.,1.1),.UNSPECIFIED.);
#1482=B_SPLINE_CURVE_WITH_KNOTS('',1,(#3361,#3362),.UNSPECIFIED.,.F.,.F.,
(2,2),(9.38577629680701,10.485776296807),.UNSPECIFIED.);
#1483=B_SPLINE_CURVE_WITH_KNOTS('',1,(#3363,#3364),.UNSPECIFIED.,.F.,.F.,
(2,2),(1.1,9.38577629680701),.UNSPECIFIED.);
#1484=B_SPLINE_CURVE_WITH_KNOTS('',1,(#3365,#3366),.UNSPECIFIED.,.F.,.F.,
(2,2),(0.,1.1),.UNSPECIFIED.);
#1485=B_SPLINE_CURVE_WITH_KNOTS('',1,(#3367,#3368),.UNSPECIFIED.,.F.,.F.,
(2,2),(117.620339333158,119.35412805398),.UNSPECIFIED.);
#1486=B_SPLINE_CURVE_WITH_KNOTS('',1,(#3369,#3370),.UNSPECIFIED.,.F.,.F.,
(2,2),(114.499519635679,117.620339333158),.UNSPECIFIED.);
#1487=B_SPLINE_CURVE_WITH_KNOTS('',1,(#3371,#3372),.UNSPECIFIED.,.F.,.F.,
(2,2),(108.591267279728,114.499519635679),.UNSPECIFIED.);
#1488=B_SPLINE_CURVE_WITH_KNOTS('',1,(#3373,#3374),.UNSPECIFIED.,.F.,.F.,
(2,2),(100.833168150826,108.591267279728),.UNSPECIFIED.);
#1489=B_SPLINE_CURVE_WITH_KNOTS('',1,(#3375,#3376),.UNSPECIFIED.,.F.,.F.,
(2,2),(94.6782181919089,100.833168150826),.UNSPECIFIED.);
#1490=B_SPLINE_CURVE_WITH_KNOTS('',1,(#3377,#3378),.UNSPECIFIED.,.F.,.F.,
(2,2),(85.7896970477617,94.6782181919089),.UNSPECIFIED.);
#1491=B_SPLINE_CURVE_WITH_KNOTS('',1,(#3379,#3380),.UNSPECIFIED.,.F.,.F.,
(2,2),(75.993790775119,85.7896970477617),.UNSPECIFIED.);
#1492=B_SPLINE_CURVE_WITH_KNOTS('',1,(#3381,#3382),.UNSPECIFIED.,.F.,.F.,
(2,2),(74.893790775119,75.993790775119),.UNSPECIFIED.);
#1493=B_SPLINE_CURVE_WITH_KNOTS('',1,(#3383,#3384),.UNSPECIFIED.,.F.,.F.,
(2,2),(65.5579696216069,74.893790775119),.UNSPECIFIED.);
#1494=B_SPLINE_CURVE_WITH_KNOTS('',1,(#3385,#3386),.UNSPECIFIED.,.F.,.F.,
(2,2),(57.5807310090421,65.5579696216069),.UNSPECIFIED.);
#1495=B_SPLINE_CURVE_WITH_KNOTS('',1,(#3387,#3388),.UNSPECIFIED.,.F.,.F.,
(2,2),(52.6727704406481,57.5807310090421),.UNSPECIFIED.);
#1496=B_SPLINE_CURVE_WITH_KNOTS('',1,(#3389,#3390),.UNSPECIFIED.,.F.,.F.,
(2,2),(46.7327649610113,52.6727704406481),.UNSPECIFIED.);
#1497=B_SPLINE_CURVE_WITH_KNOTS('',1,(#3391,#3392),.UNSPECIFIED.,.F.,.F.,
(2,2),(42.0648781427957,46.7327649610113),.UNSPECIFIED.);
#1498=B_SPLINE_CURVE_WITH_KNOTS('',1,(#3393,#3394),.UNSPECIFIED.,.F.,.F.,
(2,2),(38.0621223118593,42.0648781427957),.UNSPECIFIED.);
#1499=B_SPLINE_CURVE_WITH_KNOTS('',1,(#3395,#3396),.UNSPECIFIED.,.F.,.F.,
(2,2),(34.1283335910376,38.0621223118593),.UNSPECIFIED.);
#1500=B_SPLINE_CURVE_WITH_KNOTS('',1,(#3397,#3398),.UNSPECIFIED.,.F.,.F.,
(2,2),(30.8477871260515,34.1283335910376),.UNSPECIFIED.);
#1501=B_SPLINE_CURVE_WITH_KNOTS('',1,(#3399,#3400,#3401),.UNSPECIFIED.,
 .F.,.F.,(2,1,2),(18.1641667955188,27.2665575798328,30.8477871260515),
 .UNSPECIFIED.);
#1502=B_SPLINE_CURVE_WITH_KNOTS('',1,(#3402,#3403),.UNSPECIFIED.,.F.,.F.,
(2,2),(17.0641667955188,18.1641667955188),.UNSPECIFIED.);
#1503=B_SPLINE_CURVE_WITH_KNOTS('',1,(#3404,#3405),.UNSPECIFIED.,.F.,.F.,
(2,2),(3.28054646498607,17.0641667955188),.UNSPECIFIED.);
#1504=B_SPLINE_CURVE_WITH_KNOTS('',1,(#3406,#3407),.UNSPECIFIED.,.F.,.F.,
(2,2),(5.57062942878626,6.67062942878626),.UNSPECIFIED.);
#1505=B_SPLINE_CURVE_WITH_KNOTS('',1,(#3408,#3409),.UNSPECIFIED.,.F.,.F.,
(2,2),(3.33531471439313,5.57062942878626),.UNSPECIFIED.);
#1506=B_SPLINE_CURVE_WITH_KNOTS('',1,(#3410,#3411),.UNSPECIFIED.,.F.,.F.,
(2,2),(2.23531471439313,3.33531471439313),.UNSPECIFIED.);
#1507=B_SPLINE_CURVE_WITH_KNOTS('',1,(#3412,#3413),.UNSPECIFIED.,.F.,.F.,
(2,2),(7.50378336152001,8.60378336152001),.UNSPECIFIED.);
#1508=B_SPLINE_CURVE_WITH_KNOTS('',1,(#3414,#3415),.UNSPECIFIED.,.F.,.F.,
(2,2),(4.30189168076,7.50378336152001),.UNSPECIFIED.);
#1509=B_SPLINE_CURVE_WITH_KNOTS('',1,(#3416,#3417),.UNSPECIFIED.,.F.,.F.,
(2,2),(3.20189168076,4.30189168076),.UNSPECIFIED.);
#1510=B_SPLINE_CURVE_WITH_KNOTS('',1,(#3418,#3419),.UNSPECIFIED.,.F.,.F.,
(2,2),(19.4637670394239,20.5637670394239),.UNSPECIFIED.);
#1511=B_SPLINE_CURVE_WITH_KNOTS('',1,(#3420,#3421),.UNSPECIFIED.,.F.,.F.,
(2,2),(17.4608852422262,19.4637670394239),.UNSPECIFIED.);
#1512=B_SPLINE_CURVE_WITH_KNOTS('',1,(#3422,#3423),.UNSPECIFIED.,.F.,.F.,
(2,2),(9.61383646637429,17.4608852422262),.UNSPECIFIED.);
#1513=B_SPLINE_CURVE_WITH_KNOTS('',1,(#3424,#3425),.UNSPECIFIED.,.F.,.F.,
(2,2),(8.51383646637429,9.61383646637429),.UNSPECIFIED.);
#1514=B_SPLINE_CURVE_WITH_KNOTS('',1,(#3426,#3427),.UNSPECIFIED.,.F.,.F.,
(2,2),(1.33483474385999,8.51383646637429),.UNSPECIFIED.);
#1515=B_SPLINE_CURVE_WITH_KNOTS('',1,(#3428,#3429),.UNSPECIFIED.,.F.,.F.,
(2,2),(9.45824449138799,10.558244491388),.UNSPECIFIED.);
#1516=B_SPLINE_CURVE_WITH_KNOTS('',1,(#3430,#3431),.UNSPECIFIED.,.F.,.F.,
(2,2),(5.27912224569399,9.45824449138799),.UNSPECIFIED.);
#1517=B_SPLINE_CURVE_WITH_KNOTS('',1,(#3432,#3433),.UNSPECIFIED.,.F.,.F.,
(2,2),(4.17912224569399,5.27912224569399),.UNSPECIFIED.);
#1518=B_SPLINE_CURVE_WITH_KNOTS('',1,(#3434,#3435),.UNSPECIFIED.,.F.,.F.,
(2,2),(7.35336443183846,8.45336443183847),.UNSPECIFIED.);
#1519=B_SPLINE_CURVE_WITH_KNOTS('',1,(#3436,#3437),.UNSPECIFIED.,.F.,.F.,
(2,2),(4.22668221591923,7.35336443183846),.UNSPECIFIED.);
#1520=B_SPLINE_CURVE_WITH_KNOTS('',1,(#3438,#3439),.UNSPECIFIED.,.F.,.F.,
(2,2),(3.12668221591923,4.22668221591923),.UNSPECIFIED.);
#1521=B_SPLINE_CURVE_WITH_KNOTS('',1,(#3440,#3441),.UNSPECIFIED.,.F.,.F.,
(2,2),(10.0621502959303,12.1572455932307),.UNSPECIFIED.);
#1522=B_SPLINE_CURVE_WITH_KNOTS('',1,(#3442,#3443),.UNSPECIFIED.,.F.,.F.,
(2,2),(7.98829202102404,10.0621502959303),.UNSPECIFIED.);
#1523=B_SPLINE_CURVE_WITH_KNOTS('',1,(#3444,#3445),.UNSPECIFIED.,.F.,.F.,
(2,2),(6.88829202102404,7.98829202102404),.UNSPECIFIED.);
#1524=B_SPLINE_CURVE_WITH_KNOTS('',1,(#3446,#3447),.UNSPECIFIED.,.F.,.F.,
(2,2),(4.00476452170905,6.88829202102404),.UNSPECIFIED.);
#1525=B_SPLINE_CURVE_WITH_KNOTS('',1,(#3448,#3449),.UNSPECIFIED.,.F.,.F.,
(2,2),(1.1,4.00476452170905),.UNSPECIFIED.);
#1526=B_SPLINE_CURVE_WITH_KNOTS('',1,(#3450,#3451),.UNSPECIFIED.,.F.,.F.,
(2,2),(9.93171281456715,11.0317128145672),.UNSPECIFIED.);
#1527=B_SPLINE_CURVE_WITH_KNOTS('',1,(#3452,#3453),.UNSPECIFIED.,.F.,.F.,
(2,2),(6.52116705453614,9.93171281456715),.UNSPECIFIED.);
#1528=B_SPLINE_CURVE_WITH_KNOTS('',1,(#3454,#3455),.UNSPECIFIED.,.F.,.F.,
(2,2),(5.34468414198176,6.52116705453614),.UNSPECIFIED.);
#1529=B_SPLINE_CURVE_WITH_KNOTS('',1,(#3456,#3457),.UNSPECIFIED.,.F.,.F.,
(2,2),(4.24468414198176,5.34468414198176),.UNSPECIFIED.);
#1530=B_SPLINE_CURVE_WITH_KNOTS('',1,(#3458,#3459),.UNSPECIFIED.,.F.,.F.,
(2,2),(3.23937349472922,4.24468414198176),.UNSPECIFIED.);
#1531=B_SPLINE_CURVE_WITH_KNOTS('',1,(#3460,#3461),.UNSPECIFIED.,.F.,.F.,
(2,2),(10.6611321904237,11.7611321904237),.UNSPECIFIED.);
#1532=B_SPLINE_CURVE_WITH_KNOTS('',1,(#3462,#3463),.UNSPECIFIED.,.F.,.F.,
(2,2),(8.65065404310734,10.6611321904237),.UNSPECIFIED.);
#1533=B_SPLINE_CURVE_WITH_KNOTS('',1,(#3464,#3465),.UNSPECIFIED.,.F.,.F.,
(2,2),(6.6568230211646,8.65065404310734),.UNSPECIFIED.);
#1534=B_SPLINE_CURVE_WITH_KNOTS('',1,(#3466,#3467),.UNSPECIFIED.,.F.,.F.,
(2,2),(5.5568230211646,6.6568230211646),.UNSPECIFIED.);
#1535=B_SPLINE_CURVE_WITH_KNOTS('',1,(#3468,#3469),.UNSPECIFIED.,.F.,.F.,
(2,2),(2.78673507326912,5.5568230211646),.UNSPECIFIED.);
#1536=B_SPLINE_CURVE_WITH_KNOTS('',1,(#3470,#3471),.UNSPECIFIED.,.F.,.F.,
(2,2),(6.31833307377335,10.4366661475467),.UNSPECIFIED.);
#1537=B_SPLINE_CURVE_WITH_KNOTS('',1,(#3472,#3473),.UNSPECIFIED.,.F.,.F.,
(2,2),(5.21833307377335,6.31833307377335),.UNSPECIFIED.);
#1538=B_SPLINE_CURVE_WITH_KNOTS('',1,(#3474,#3475),.UNSPECIFIED.,.F.,.F.,
(2,2),(1.09999999999999,5.21833307377335),.UNSPECIFIED.);
#1539=B_SPLINE_CURVE_WITH_KNOTS('',1,(#3476,#3477),.UNSPECIFIED.,.F.,.F.,
(2,2),(10.7990574180974,11.8990574180974),.UNSPECIFIED.);
#1540=B_SPLINE_CURVE_WITH_KNOTS('',1,(#3478,#3479),.UNSPECIFIED.,.F.,.F.,
(2,2),(5.94952870904869,10.7990574180974),.UNSPECIFIED.);
#1541=B_SPLINE_CURVE_WITH_KNOTS('',1,(#3480,#3481),.UNSPECIFIED.,.F.,.F.,
(2,2),(4.84952870904868,5.94952870904869),.UNSPECIFIED.);
#1542=B_SPLINE_CURVE_WITH_KNOTS('',1,(#3482,#3483),.UNSPECIFIED.,.F.,.F.,
(2,2),(4.49351294794413,6.78702589588825),.UNSPECIFIED.);
#1543=B_SPLINE_CURVE_WITH_KNOTS('',1,(#3484,#3485),.UNSPECIFIED.,.F.,.F.,
(2,2),(3.39351294794412,4.49351294794413),.UNSPECIFIED.);
#1544=B_SPLINE_CURVE_WITH_KNOTS('',1,(#3486,#3487),.UNSPECIFIED.,.F.,.F.,
(2,2),(1.1,3.39351294794412),.UNSPECIFIED.);
#1545=B_SPLINE_CURVE_WITH_KNOTS('',1,(#3488,#3489),.UNSPECIFIED.,.F.,.F.,
(2,2),(4.59249756615935,6.98499513231869),.UNSPECIFIED.);
#1546=B_SPLINE_CURVE_WITH_KNOTS('',1,(#3490,#3491),.UNSPECIFIED.,.F.,.F.,
(2,2),(3.49249756615935,4.59249756615935),.UNSPECIFIED.);
#1547=B_SPLINE_CURVE_WITH_KNOTS('',1,(#3492,#3493),.UNSPECIFIED.,.F.,.F.,
(2,2),(1.1,3.49249756615935),.UNSPECIFIED.);
#1548=B_SPLINE_CURVE_WITH_KNOTS('',1,(#3494,#3495),.UNSPECIFIED.,.F.,.F.,
(2,2),(8.17832599357717,12.239846865156),.UNSPECIFIED.);
#1549=B_SPLINE_CURVE_WITH_KNOTS('',1,(#3496,#3497),.UNSPECIFIED.,.F.,.F.,
(2,2),(6.33422685570525,8.17832599357717),.UNSPECIFIED.);
#1550=B_SPLINE_CURVE_WITH_KNOTS('',1,(#3498,#3499),.UNSPECIFIED.,.F.,.F.,
(2,2),(5.23422685570525,6.33422685570525),.UNSPECIFIED.);
#1551=B_SPLINE_CURVE_WITH_KNOTS('',1,(#3500,#3501),.UNSPECIFIED.,.F.,.F.,
(2,2),(4.27582429470609,5.23422685570525),.UNSPECIFIED.);
#1552=B_SPLINE_CURVE_WITH_KNOTS('',1,(#3502,#3503),.UNSPECIFIED.,.F.,.F.,
(2,2),(1.1,4.27582429470609),.UNSPECIFIED.);
#1553=B_SPLINE_CURVE_WITH_KNOTS('',1,(#3504,#3505),.UNSPECIFIED.,.F.,.F.,
(2,2),(7.23949017580176,13.3594715615311),.UNSPECIFIED.);
#1554=B_SPLINE_CURVE_WITH_KNOTS('',1,(#3506,#3507),.UNSPECIFIED.,.F.,.F.,
(2,2),(6.67973578076554,7.23949017580176),.UNSPECIFIED.);
#1555=B_SPLINE_CURVE_WITH_KNOTS('',1,(#3508,#3509),.UNSPECIFIED.,.F.,.F.,
(2,2),(0.559754395036215,6.67973578076554),.UNSPECIFIED.);
#1556=B_SPLINE_CURVE_WITH_KNOTS('',1,(#3510,#3511),.UNSPECIFIED.,.F.,.F.,
(2,2),(7.23949017580176,13.3594715615311),.UNSPECIFIED.);
#1557=B_SPLINE_CURVE_WITH_KNOTS('',1,(#3512,#3513),.UNSPECIFIED.,.F.,.F.,
(2,2),(6.67973578076554,7.23949017580176),.UNSPECIFIED.);
#1558=B_SPLINE_CURVE_WITH_KNOTS('',1,(#3514,#3515),.UNSPECIFIED.,.F.,.F.,
(2,2),(0.559754395036215,6.67973578076554),.UNSPECIFIED.);
#1559=B_SPLINE_CURVE_WITH_KNOTS('',1,(#3516,#3517),.UNSPECIFIED.,.F.,.F.,
(2,2),(7.23949017580176,13.3594715615311),.UNSPECIFIED.);
#1560=B_SPLINE_CURVE_WITH_KNOTS('',1,(#3518,#3519),.UNSPECIFIED.,.F.,.F.,
(2,2),(6.67973578076554,7.23949017580176),.UNSPECIFIED.);
#1561=B_SPLINE_CURVE_WITH_KNOTS('',1,(#3520,#3521),.UNSPECIFIED.,.F.,.F.,
(2,2),(0.559754395036215,6.67973578076554),.UNSPECIFIED.);
#1562=B_SPLINE_CURVE_WITH_KNOTS('',1,(#3522,#3523),.UNSPECIFIED.,.F.,.F.,
(2,2),(7.23949017580176,13.3594715615311),.UNSPECIFIED.);
#1563=B_SPLINE_CURVE_WITH_KNOTS('',1,(#3524,#3525),.UNSPECIFIED.,.F.,.F.,
(2,2),(6.67973578076554,7.23949017580176),.UNSPECIFIED.);
#1564=B_SPLINE_CURVE_WITH_KNOTS('',1,(#3526,#3527),.UNSPECIFIED.,.F.,.F.,
(2,2),(0.559754395036215,6.67973578076554),.UNSPECIFIED.);
#1565=B_SPLINE_CURVE_WITH_KNOTS('',1,(#3528,#3529),.UNSPECIFIED.,.F.,.F.,
(2,2),(7.23949017580176,13.3594715615311),.UNSPECIFIED.);
#1566=B_SPLINE_CURVE_WITH_KNOTS('',1,(#3530,#3531),.UNSPECIFIED.,.F.,.F.,
(2,2),(6.67973578076554,7.23949017580176),.UNSPECIFIED.);
#1567=B_SPLINE_CURVE_WITH_KNOTS('',1,(#3532,#3533),.UNSPECIFIED.,.F.,.F.,
(2,2),(0.559754395036215,6.67973578076554),.UNSPECIFIED.);
#1568=B_SPLINE_CURVE_WITH_KNOTS('',1,(#3534,#3535),.UNSPECIFIED.,.F.,.F.,
(2,2),(7.23949017580176,13.3594715615311),.UNSPECIFIED.);
#1569=B_SPLINE_CURVE_WITH_KNOTS('',1,(#3536,#3537),.UNSPECIFIED.,.F.,.F.,
(2,2),(6.67973578076554,7.23949017580176),.UNSPECIFIED.);
#1570=B_SPLINE_CURVE_WITH_KNOTS('',1,(#3538,#3539),.UNSPECIFIED.,.F.,.F.,
(2,2),(0.559754395036215,6.67973578076554),.UNSPECIFIED.);
#1571=B_SPLINE_CURVE_WITH_KNOTS('',1,(#3540,#3541),.UNSPECIFIED.,.F.,.F.,
(2,2),(7.23949017580176,13.3594715615311),.UNSPECIFIED.);
#1572=B_SPLINE_CURVE_WITH_KNOTS('',1,(#3542,#3543),.UNSPECIFIED.,.F.,.F.,
(2,2),(6.67973578076554,7.23949017580176),.UNSPECIFIED.);
#1573=B_SPLINE_CURVE_WITH_KNOTS('',1,(#3544,#3545),.UNSPECIFIED.,.F.,.F.,
(2,2),(0.559754395036215,6.67973578076554),.UNSPECIFIED.);
#1574=B_SPLINE_CURVE_WITH_KNOTS('',1,(#3546,#3547),.UNSPECIFIED.,.F.,.F.,
(2,2),(7.23949017580176,13.3594715615311),.UNSPECIFIED.);
#1575=B_SPLINE_CURVE_WITH_KNOTS('',1,(#3548,#3549),.UNSPECIFIED.,.F.,.F.,
(2,2),(6.67973578076554,7.23949017580176),.UNSPECIFIED.);
#1576=B_SPLINE_CURVE_WITH_KNOTS('',1,(#3550,#3551),.UNSPECIFIED.,.F.,.F.,
(2,2),(0.559754395036215,6.67973578076554),.UNSPECIFIED.);
#1577=B_SPLINE_CURVE_WITH_KNOTS('',1,(#3552,#3553),.UNSPECIFIED.,.F.,.F.,
(2,2),(7.23949017580176,13.3594715615311),.UNSPECIFIED.);
#1578=B_SPLINE_CURVE_WITH_KNOTS('',1,(#3554,#3555),.UNSPECIFIED.,.F.,.F.,
(2,2),(6.67973578076554,7.23949017580176),.UNSPECIFIED.);
#1579=B_SPLINE_CURVE_WITH_KNOTS('',1,(#3556,#3557),.UNSPECIFIED.,.F.,.F.,
(2,2),(0.559754395036215,6.67973578076554),.UNSPECIFIED.);
#1580=B_SPLINE_CURVE_WITH_KNOTS('',1,(#3558,#3559),.UNSPECIFIED.,.F.,.F.,
(2,2),(7.23949017580176,13.3594715615311),.UNSPECIFIED.);
#1581=B_SPLINE_CURVE_WITH_KNOTS('',1,(#3560,#3561),.UNSPECIFIED.,.F.,.F.,
(2,2),(6.67973578076554,7.23949017580176),.UNSPECIFIED.);
#1582=B_SPLINE_CURVE_WITH_KNOTS('',1,(#3562,#3563),.UNSPECIFIED.,.F.,.F.,
(2,2),(0.559754395036215,6.67973578076554),.UNSPECIFIED.);
#1583=B_SPLINE_CURVE_WITH_KNOTS('',1,(#3564,#3565),.UNSPECIFIED.,.F.,.F.,
(2,2),(7.23949017580176,13.3594715615311),.UNSPECIFIED.);
#1584=B_SPLINE_CURVE_WITH_KNOTS('',1,(#3566,#3567),.UNSPECIFIED.,.F.,.F.,
(2,2),(6.67973578076554,7.23949017580176),.UNSPECIFIED.);
#1585=B_SPLINE_CURVE_WITH_KNOTS('',1,(#3568,#3569),.UNSPECIFIED.,.F.,.F.,
(2,2),(0.559754395036215,6.67973578076554),.UNSPECIFIED.);
#1586=B_SPLINE_CURVE_WITH_KNOTS('',1,(#3570,#3571),.UNSPECIFIED.,.F.,.F.,
(2,2),(7.23949017580176,13.3594715615311),.UNSPECIFIED.);
#1587=B_SPLINE_CURVE_WITH_KNOTS('',1,(#3572,#3573),.UNSPECIFIED.,.F.,.F.,
(2,2),(6.67973578076554,7.23949017580176),.UNSPECIFIED.);
#1588=B_SPLINE_CURVE_WITH_KNOTS('',1,(#3574,#3575),.UNSPECIFIED.,.F.,.F.,
(2,2),(0.559754395036215,6.67973578076554),.UNSPECIFIED.);
#1589=B_SPLINE_CURVE_WITH_KNOTS('',1,(#3576,#3577),.UNSPECIFIED.,.F.,.F.,
(2,2),(7.23949017580176,13.3594715615311),.UNSPECIFIED.);
#1590=B_SPLINE_CURVE_WITH_KNOTS('',1,(#3578,#3579),.UNSPECIFIED.,.F.,.F.,
(2,2),(6.67973578076554,7.23949017580176),.UNSPECIFIED.);
#1591=B_SPLINE_CURVE_WITH_KNOTS('',1,(#3580,#3581),.UNSPECIFIED.,.F.,.F.,
(2,2),(0.559754395036215,6.67973578076554),.UNSPECIFIED.);
#1592=B_SPLINE_CURVE_WITH_KNOTS('',1,(#3582,#3583),.UNSPECIFIED.,.F.,.F.,
(2,2),(7.23949017580176,13.3594715615311),.UNSPECIFIED.);
#1593=B_SPLINE_CURVE_WITH_KNOTS('',1,(#3584,#3585),.UNSPECIFIED.,.F.,.F.,
(2,2),(6.67973578076554,7.23949017580176),.UNSPECIFIED.);
#1594=B_SPLINE_CURVE_WITH_KNOTS('',1,(#3586,#3587),.UNSPECIFIED.,.F.,.F.,
(2,2),(0.559754395036215,6.67973578076554),.UNSPECIFIED.);
#1595=B_SPLINE_CURVE_WITH_KNOTS('',1,(#3588,#3589),.UNSPECIFIED.,.F.,.F.,
(2,2),(7.23949017580176,13.3594715615311),.UNSPECIFIED.);
#1596=B_SPLINE_CURVE_WITH_KNOTS('',1,(#3590,#3591),.UNSPECIFIED.,.F.,.F.,
(2,2),(6.67973578076554,7.23949017580176),.UNSPECIFIED.);
#1597=B_SPLINE_CURVE_WITH_KNOTS('',1,(#3592,#3593),.UNSPECIFIED.,.F.,.F.,
(2,2),(0.559754395036215,6.67973578076554),.UNSPECIFIED.);
#1598=B_SPLINE_CURVE_WITH_KNOTS('',1,(#3594,#3595),.UNSPECIFIED.,.F.,.F.,
(2,2),(7.23949017580176,13.3594715615311),.UNSPECIFIED.);
#1599=B_SPLINE_CURVE_WITH_KNOTS('',1,(#3596,#3597),.UNSPECIFIED.,.F.,.F.,
(2,2),(6.67973578076554,7.23949017580176),.UNSPECIFIED.);
#1600=B_SPLINE_CURVE_WITH_KNOTS('',1,(#3598,#3599),.UNSPECIFIED.,.F.,.F.,
(2,2),(0.559754395036215,6.67973578076554),.UNSPECIFIED.);
#1601=B_SPLINE_CURVE_WITH_KNOTS('',1,(#3600,#3601),.UNSPECIFIED.,.F.,.F.,
(2,2),(7.23949017580176,13.3594715615311),.UNSPECIFIED.);
#1602=B_SPLINE_CURVE_WITH_KNOTS('',1,(#3602,#3603),.UNSPECIFIED.,.F.,.F.,
(2,2),(6.67973578076554,7.23949017580176),.UNSPECIFIED.);
#1603=B_SPLINE_CURVE_WITH_KNOTS('',1,(#3604,#3605),.UNSPECIFIED.,.F.,.F.,
(2,2),(0.559754395036215,6.67973578076554),.UNSPECIFIED.);
#1604=B_SPLINE_CURVE_WITH_KNOTS('',1,(#3606,#3607),.UNSPECIFIED.,.F.,.F.,
(2,2),(7.23949017580176,13.3594715615311),.UNSPECIFIED.);
#1605=B_SPLINE_CURVE_WITH_KNOTS('',1,(#3608,#3609),.UNSPECIFIED.,.F.,.F.,
(2,2),(6.67973578076554,7.23949017580176),.UNSPECIFIED.);
#1606=B_SPLINE_CURVE_WITH_KNOTS('',1,(#3610,#3611),.UNSPECIFIED.,.F.,.F.,
(2,2),(0.559754395036215,6.67973578076554),.UNSPECIFIED.);
#1607=B_SPLINE_CURVE_WITH_KNOTS('',1,(#3612,#3613),.UNSPECIFIED.,.F.,.F.,
(2,2),(7.23949017580176,13.3594715615311),.UNSPECIFIED.);
#1608=B_SPLINE_CURVE_WITH_KNOTS('',1,(#3614,#3615),.UNSPECIFIED.,.F.,.F.,
(2,2),(6.67973578076554,7.23949017580176),.UNSPECIFIED.);
#1609=B_SPLINE_CURVE_WITH_KNOTS('',1,(#3616,#3617),.UNSPECIFIED.,.F.,.F.,
(2,2),(0.559754395036215,6.67973578076554),.UNSPECIFIED.);
#1610=B_SPLINE_CURVE_WITH_KNOTS('',1,(#3618,#3619),.UNSPECIFIED.,.F.,.F.,
(2,2),(7.23949017580176,13.3594715615311),.UNSPECIFIED.);
#1611=B_SPLINE_CURVE_WITH_KNOTS('',1,(#3620,#3621),.UNSPECIFIED.,.F.,.F.,
(2,2),(6.67973578076554,7.23949017580176),.UNSPECIFIED.);
#1612=B_SPLINE_CURVE_WITH_KNOTS('',1,(#3622,#3623),.UNSPECIFIED.,.F.,.F.,
(2,2),(0.559754395036215,6.67973578076554),.UNSPECIFIED.);
#1613=B_SPLINE_CURVE_WITH_KNOTS('',1,(#3624,#3625),.UNSPECIFIED.,.F.,.F.,
(2,2),(7.23949017580176,13.3594715615311),.UNSPECIFIED.);
#1614=B_SPLINE_CURVE_WITH_KNOTS('',1,(#3626,#3627),.UNSPECIFIED.,.F.,.F.,
(2,2),(6.67973578076554,7.23949017580176),.UNSPECIFIED.);
#1615=B_SPLINE_CURVE_WITH_KNOTS('',1,(#3628,#3629),.UNSPECIFIED.,.F.,.F.,
(2,2),(0.559754395036215,6.67973578076554),.UNSPECIFIED.);
#1616=B_SPLINE_CURVE_WITH_KNOTS('',1,(#3630,#3631),.UNSPECIFIED.,.F.,.F.,
(2,2),(7.23949017580176,13.3594715615311),.UNSPECIFIED.);
#1617=B_SPLINE_CURVE_WITH_KNOTS('',1,(#3632,#3633),.UNSPECIFIED.,.F.,.F.,
(2,2),(6.67973578076554,7.23949017580176),.UNSPECIFIED.);
#1618=B_SPLINE_CURVE_WITH_KNOTS('',1,(#3634,#3635),.UNSPECIFIED.,.F.,.F.,
(2,2),(0.559754395036215,6.67973578076554),.UNSPECIFIED.);
#1619=B_SPLINE_CURVE_WITH_KNOTS('',1,(#3636,#3637),.UNSPECIFIED.,.F.,.F.,
(2,2),(15.0387347466395,15.6731230610139),.UNSPECIFIED.);
#1620=B_SPLINE_CURVE_WITH_KNOTS('',1,(#3638,#3639),.UNSPECIFIED.,.F.,.F.,
(2,2),(7.83656153050696,15.0387347466395),.UNSPECIFIED.);
#1621=B_SPLINE_CURVE_WITH_KNOTS('',1,(#3640,#3641),.UNSPECIFIED.,.F.,.F.,
(2,2),(7.20217321613258,7.83656153050696),.UNSPECIFIED.);
#1622=B_SPLINE_CURVE_WITH_KNOTS('',1,(#3642,#3643),.UNSPECIFIED.,.F.,.F.,
(2,2),(15.0387347466395,15.6731230610139),.UNSPECIFIED.);
#1623=B_SPLINE_CURVE_WITH_KNOTS('',1,(#3644,#3645),.UNSPECIFIED.,.F.,.F.,
(2,2),(7.83656153050696,15.0387347466395),.UNSPECIFIED.);
#1624=B_SPLINE_CURVE_WITH_KNOTS('',1,(#3646,#3647),.UNSPECIFIED.,.F.,.F.,
(2,2),(7.20217321613258,7.83656153050696),.UNSPECIFIED.);
#1625=B_SPLINE_CURVE_WITH_KNOTS('',1,(#3648,#3649),.UNSPECIFIED.,.F.,.F.,
(2,2),(15.0387347466395,15.6731230610139),.UNSPECIFIED.);
#1626=B_SPLINE_CURVE_WITH_KNOTS('',1,(#3650,#3651),.UNSPECIFIED.,.F.,.F.,
(2,2),(7.83656153050696,15.0387347466395),.UNSPECIFIED.);
#1627=B_SPLINE_CURVE_WITH_KNOTS('',1,(#3652,#3653),.UNSPECIFIED.,.F.,.F.,
(2,2),(7.20217321613258,7.83656153050696),.UNSPECIFIED.);
#1628=B_SPLINE_CURVE_WITH_KNOTS('',1,(#3654,#3655),.UNSPECIFIED.,.F.,.F.,
(2,2),(15.0387347466395,15.6731230610139),.UNSPECIFIED.);
#1629=B_SPLINE_CURVE_WITH_KNOTS('',1,(#3656,#3657),.UNSPECIFIED.,.F.,.F.,
(2,2),(7.83656153050696,15.0387347466395),.UNSPECIFIED.);
#1630=B_SPLINE_CURVE_WITH_KNOTS('',1,(#3658,#3659),.UNSPECIFIED.,.F.,.F.,
(2,2),(7.20217321613258,7.83656153050696),.UNSPECIFIED.);
#1631=B_SPLINE_CURVE_WITH_KNOTS('',1,(#3660,#3661),.UNSPECIFIED.,.F.,.F.,
(2,2),(15.0387347466395,15.6731230610139),.UNSPECIFIED.);
#1632=B_SPLINE_CURVE_WITH_KNOTS('',1,(#3662,#3663),.UNSPECIFIED.,.F.,.F.,
(2,2),(7.83656153050696,15.0387347466395),.UNSPECIFIED.);
#1633=B_SPLINE_CURVE_WITH_KNOTS('',1,(#3664,#3665),.UNSPECIFIED.,.F.,.F.,
(2,2),(7.20217321613258,7.83656153050696),.UNSPECIFIED.);
#1634=B_SPLINE_CURVE_WITH_KNOTS('',1,(#3666,#3667),.UNSPECIFIED.,.F.,.F.,
(2,2),(15.0387347466395,15.6731230610139),.UNSPECIFIED.);
#1635=B_SPLINE_CURVE_WITH_KNOTS('',1,(#3668,#3669),.UNSPECIFIED.,.F.,.F.,
(2,2),(7.83656153050696,15.0387347466395),.UNSPECIFIED.);
#1636=B_SPLINE_CURVE_WITH_KNOTS('',1,(#3670,#3671),.UNSPECIFIED.,.F.,.F.,
(2,2),(7.20217321613258,7.83656153050696),.UNSPECIFIED.);
#1637=B_SPLINE_CURVE_WITH_KNOTS('',1,(#3672,#3673),.UNSPECIFIED.,.F.,.F.,
(2,2),(15.0387347466395,15.6731230610139),.UNSPECIFIED.);
#1638=B_SPLINE_CURVE_WITH_KNOTS('',1,(#3674,#3675),.UNSPECIFIED.,.F.,.F.,
(2,2),(7.83656153050696,15.0387347466395),.UNSPECIFIED.);
#1639=B_SPLINE_CURVE_WITH_KNOTS('',1,(#3676,#3677),.UNSPECIFIED.,.F.,.F.,
(2,2),(7.20217321613258,7.83656153050696),.UNSPECIFIED.);
#1640=B_SPLINE_CURVE_WITH_KNOTS('',1,(#3678,#3679),.UNSPECIFIED.,.F.,.F.,
(2,2),(15.0387347466395,15.6731230610139),.UNSPECIFIED.);
#1641=B_SPLINE_CURVE_WITH_KNOTS('',1,(#3680,#3681),.UNSPECIFIED.,.F.,.F.,
(2,2),(7.83656153050696,15.0387347466395),.UNSPECIFIED.);
#1642=B_SPLINE_CURVE_WITH_KNOTS('',1,(#3682,#3683),.UNSPECIFIED.,.F.,.F.,
(2,2),(7.20217321613258,7.83656153050696),.UNSPECIFIED.);
#1643=B_SPLINE_CURVE_WITH_KNOTS('',1,(#3684,#3685),.UNSPECIFIED.,.F.,.F.,
(2,2),(15.0387347466395,15.6731230610139),.UNSPECIFIED.);
#1644=B_SPLINE_CURVE_WITH_KNOTS('',1,(#3686,#3687),.UNSPECIFIED.,.F.,.F.,
(2,2),(7.83656153050696,15.0387347466395),.UNSPECIFIED.);
#1645=B_SPLINE_CURVE_WITH_KNOTS('',1,(#3688,#3689),.UNSPECIFIED.,.F.,.F.,
(2,2),(7.20217321613258,7.83656153050696),.UNSPECIFIED.);
#1646=B_SPLINE_CURVE_WITH_KNOTS('',1,(#3690,#3691),.UNSPECIFIED.,.F.,.F.,
(2,2),(15.0387347466395,15.6731230610139),.UNSPECIFIED.);
#1647=B_SPLINE_CURVE_WITH_KNOTS('',1,(#3692,#3693),.UNSPECIFIED.,.F.,.F.,
(2,2),(7.83656153050696,15.0387347466395),.UNSPECIFIED.);
#1648=B_SPLINE_CURVE_WITH_KNOTS('',1,(#3694,#3695),.UNSPECIFIED.,.F.,.F.,
(2,2),(7.20217321613258,7.83656153050696),.UNSPECIFIED.);
#1649=VERTEX_POINT('',#2183);
#1650=VERTEX_POINT('',#2184);
#1651=VERTEX_POINT('',#2185);
#1652=VERTEX_POINT('',#2186);
#1653=VERTEX_POINT('',#2187);
#1654=VERTEX_POINT('',#2188);
#1655=VERTEX_POINT('',#2189);
#1656=VERTEX_POINT('',#2190);
#1657=VERTEX_POINT('',#2191);
#1658=VERTEX_POINT('',#2192);
#1659=VERTEX_POINT('',#2193);
#1660=VERTEX_POINT('',#2194);
#1661=VERTEX_POINT('',#2195);
#1662=VERTEX_POINT('',#2196);
#1663=VERTEX_POINT('',#2197);
#1664=VERTEX_POINT('',#2198);
#1665=VERTEX_POINT('',#2199);
#1666=VERTEX_POINT('',#2200);
#1667=VERTEX_POINT('',#2201);
#1668=VERTEX_POINT('',#2202);
#1669=VERTEX_POINT('',#2203);
#1670=VERTEX_POINT('',#2204);
#1671=VERTEX_POINT('',#2205);
#1672=VERTEX_POINT('',#2206);
#1673=VERTEX_POINT('',#2207);
#1674=VERTEX_POINT('',#2208);
#1675=VERTEX_POINT('',#2209);
#1676=VERTEX_POINT('',#2210);
#1677=VERTEX_POINT('',#2211);
#1678=VERTEX_POINT('',#2212);
#1679=VERTEX_POINT('',#2213);
#1680=VERTEX_POINT('',#2214);
#1681=VERTEX_POINT('',#2215);
#1682=VERTEX_POINT('',#2216);
#1683=VERTEX_POINT('',#2217);
#1684=VERTEX_POINT('',#2218);
#1685=VERTEX_POINT('',#2219);
#1686=VERTEX_POINT('',#2220);
#1687=VERTEX_POINT('',#2221);
#1688=VERTEX_POINT('',#2222);
#1689=VERTEX_POINT('',#2223);
#1690=VERTEX_POINT('',#2224);
#1691=VERTEX_POINT('',#2225);
#1692=VERTEX_POINT('',#2226);
#1693=VERTEX_POINT('',#2227);
#1694=VERTEX_POINT('',#2228);
#1695=VERTEX_POINT('',#2229);
#1696=VERTEX_POINT('',#2230);
#1697=VERTEX_POINT('',#2231);
#1698=VERTEX_POINT('',#2232);
#1699=VERTEX_POINT('',#2233);
#1700=VERTEX_POINT('',#2234);
#1701=VERTEX_POINT('',#2235);
#1702=VERTEX_POINT('',#2236);
#1703=VERTEX_POINT('',#2237);
#1704=VERTEX_POINT('',#2238);
#1705=VERTEX_POINT('',#2239);
#1706=VERTEX_POINT('',#2240);
#1707=VERTEX_POINT('',#2241);
#1708=VERTEX_POINT('',#2242);
#1709=VERTEX_POINT('',#2243);
#1710=VERTEX_POINT('',#2244);
#1711=VERTEX_POINT('',#2245);
#1712=VERTEX_POINT('',#2246);
#1713=VERTEX_POINT('',#2247);
#1714=VERTEX_POINT('',#2248);
#1715=VERTEX_POINT('',#2249);
#1716=VERTEX_POINT('',#2250);
#1717=VERTEX_POINT('',#2251);
#1718=VERTEX_POINT('',#2252);
#1719=VERTEX_POINT('',#2253);
#1720=VERTEX_POINT('',#2254);
#1721=VERTEX_POINT('',#2255);
#1722=VERTEX_POINT('',#2256);
#1723=VERTEX_POINT('',#2257);
#1724=VERTEX_POINT('',#2258);
#1725=VERTEX_POINT('',#2259);
#1726=VERTEX_POINT('',#2260);
#1727=VERTEX_POINT('',#2261);
#1728=VERTEX_POINT('',#2262);
#1729=VERTEX_POINT('',#2263);
#1730=VERTEX_POINT('',#2264);
#1731=VERTEX_POINT('',#2265);
#1732=VERTEX_POINT('',#2266);
#1733=VERTEX_POINT('',#2267);
#1734=VERTEX_POINT('',#2268);
#1735=VERTEX_POINT('',#2269);
#1736=VERTEX_POINT('',#2270);
#1737=VERTEX_POINT('',#2271);
#1738=VERTEX_POINT('',#2272);
#1739=VERTEX_POINT('',#2273);
#1740=VERTEX_POINT('',#2274);
#1741=VERTEX_POINT('',#2275);
#1742=VERTEX_POINT('',#2276);
#1743=VERTEX_POINT('',#2277);
#1744=VERTEX_POINT('',#2278);
#1745=VERTEX_POINT('',#2279);
#1746=VERTEX_POINT('',#2280);
#1747=VERTEX_POINT('',#2281);
#1748=VERTEX_POINT('',#2282);
#1749=VERTEX_POINT('',#2283);
#1750=VERTEX_POINT('',#2284);
#1751=VERTEX_POINT('',#2285);
#1752=VERTEX_POINT('',#2286);
#1753=VERTEX_POINT('',#2287);
#1754=VERTEX_POINT('',#2288);
#1755=VERTEX_POINT('',#2289);
#1756=VERTEX_POINT('',#2290);
#1757=VERTEX_POINT('',#2291);
#1758=VERTEX_POINT('',#2292);
#1759=VERTEX_POINT('',#2293);
#1760=VERTEX_POINT('',#2294);
#1761=VERTEX_POINT('',#2295);
#1762=VERTEX_POINT('',#2296);
#1763=VERTEX_POINT('',#2297);
#1764=VERTEX_POINT('',#2298);
#1765=VERTEX_POINT('',#2299);
#1766=VERTEX_POINT('',#2300);
#1767=VERTEX_POINT('',#2301);
#1768=VERTEX_POINT('',#2302);
#1769=VERTEX_POINT('',#2303);
#1770=VERTEX_POINT('',#2304);
#1771=VERTEX_POINT('',#2305);
#1772=VERTEX_POINT('',#2306);
#1773=VERTEX_POINT('',#2307);
#1774=VERTEX_POINT('',#2308);
#1775=VERTEX_POINT('',#2309);
#1776=VERTEX_POINT('',#2310);
#1777=VERTEX_POINT('',#2311);
#1778=VERTEX_POINT('',#2312);
#1779=VERTEX_POINT('',#2313);
#1780=VERTEX_POINT('',#2314);
#1781=VERTEX_POINT('',#2315);
#1782=VERTEX_POINT('',#2316);
#1783=VERTEX_POINT('',#2317);
#1784=VERTEX_POINT('',#2318);
#1785=VERTEX_POINT('',#2319);
#1786=VERTEX_POINT('',#2320);
#1787=VERTEX_POINT('',#2321);
#1788=VERTEX_POINT('',#2322);
#1789=VERTEX_POINT('',#2323);
#1790=VERTEX_POINT('',#2324);
#1791=VERTEX_POINT('',#2325);
#1792=VERTEX_POINT('',#2326);
#1793=VERTEX_POINT('',#2327);
#1794=VERTEX_POINT('',#2328);
#1795=VERTEX_POINT('',#2329);
#1796=VERTEX_POINT('',#2330);
#1797=VERTEX_POINT('',#2331);
#1798=VERTEX_POINT('',#2332);
#1799=VERTEX_POINT('',#2333);
#1800=VERTEX_POINT('',#2334);
#1801=VERTEX_POINT('',#2335);
#1802=VERTEX_POINT('',#2336);
#1803=VERTEX_POINT('',#2337);
#1804=VERTEX_POINT('',#2338);
#1805=VERTEX_POINT('',#2339);
#1806=VERTEX_POINT('',#2340);
#1807=VERTEX_POINT('',#2341);
#1808=VERTEX_POINT('',#2342);
#1809=VERTEX_POINT('',#2343);
#1810=VERTEX_POINT('',#2344);
#1811=VERTEX_POINT('',#2345);
#1812=VERTEX_POINT('',#2346);
#1813=VERTEX_POINT('',#2347);
#1814=VERTEX_POINT('',#2348);
#1815=VERTEX_POINT('',#2349);
#1816=VERTEX_POINT('',#2350);
#1817=VERTEX_POINT('',#2351);
#1818=VERTEX_POINT('',#2352);
#1819=VERTEX_POINT('',#2353);
#1820=VERTEX_POINT('',#2354);
#1821=VERTEX_POINT('',#2355);
#1822=VERTEX_POINT('',#2356);
#1823=VERTEX_POINT('',#2357);
#1824=VERTEX_POINT('',#2358);
#1825=VERTEX_POINT('',#2359);
#1826=VERTEX_POINT('',#2360);
#1827=VERTEX_POINT('',#2361);
#1828=VERTEX_POINT('',#2362);
#1829=VERTEX_POINT('',#2363);
#1830=VERTEX_POINT('',#2364);
#1831=VERTEX_POINT('',#2365);
#1832=VERTEX_POINT('',#2366);
#1833=VERTEX_POINT('',#2367);
#1834=VERTEX_POINT('',#2368);
#1835=VERTEX_POINT('',#2369);
#1836=VERTEX_POINT('',#2370);
#1837=VERTEX_POINT('',#2371);
#1838=VERTEX_POINT('',#2372);
#1839=VERTEX_POINT('',#2373);
#1840=VERTEX_POINT('',#2374);
#1841=VERTEX_POINT('',#2375);
#1842=VERTEX_POINT('',#2376);
#1843=VERTEX_POINT('',#2377);
#1844=VERTEX_POINT('',#2378);
#1845=VERTEX_POINT('',#2379);
#1846=VERTEX_POINT('',#2380);
#1847=VERTEX_POINT('',#2381);
#1848=VERTEX_POINT('',#2382);
#1849=VERTEX_POINT('',#2383);
#1850=VERTEX_POINT('',#2384);
#1851=VERTEX_POINT('',#2385);
#1852=VERTEX_POINT('',#2386);
#1853=VERTEX_POINT('',#2387);
#1854=VERTEX_POINT('',#2388);
#1855=VERTEX_POINT('',#2389);
#1856=VERTEX_POINT('',#2390);
#1857=VERTEX_POINT('',#2391);
#1858=VERTEX_POINT('',#2392);
#1859=VERTEX_POINT('',#2393);
#1860=VERTEX_POINT('',#2394);
#1861=VERTEX_POINT('',#2395);
#1862=VERTEX_POINT('',#2396);
#1863=VERTEX_POINT('',#2397);
#1864=VERTEX_POINT('',#2398);
#1865=VERTEX_POINT('',#2399);
#1866=VERTEX_POINT('',#2400);
#1867=VERTEX_POINT('',#2401);
#1868=VERTEX_POINT('',#2402);
#1869=VERTEX_POINT('',#2403);
#1870=VERTEX_POINT('',#2404);
#1871=VERTEX_POINT('',#2405);
#1872=VERTEX_POINT('',#2406);
#1873=VERTEX_POINT('',#2407);
#1874=VERTEX_POINT('',#2408);
#1875=VERTEX_POINT('',#2409);
#1876=VERTEX_POINT('',#2410);
#1877=VERTEX_POINT('',#2411);
#1878=VERTEX_POINT('',#2412);
#1879=VERTEX_POINT('',#2413);
#1880=VERTEX_POINT('',#2414);
#1881=VERTEX_POINT('',#2415);
#1882=VERTEX_POINT('',#2416);
#1883=VERTEX_POINT('',#2417);
#1884=VERTEX_POINT('',#2418);
#1885=VERTEX_POINT('',#2419);
#1886=VERTEX_POINT('',#2420);
#1887=VERTEX_POINT('',#2421);
#1888=VERTEX_POINT('',#2422);
#1889=VERTEX_POINT('',#2423);
#1890=VERTEX_POINT('',#2424);
#1891=VERTEX_POINT('',#2425);
#1892=VERTEX_POINT('',#2426);
#1893=VERTEX_POINT('',#2427);
#1894=VERTEX_POINT('',#2428);
#1895=VERTEX_POINT('',#2429);
#1896=VERTEX_POINT('',#2430);
#1897=VERTEX_POINT('',#2431);
#1898=VERTEX_POINT('',#2432);
#1899=VERTEX_POINT('',#2433);
#1900=VERTEX_POINT('',#2434);
#1901=VERTEX_POINT('',#2435);
#1902=VERTEX_POINT('',#2436);
#1903=VERTEX_POINT('',#2437);
#1904=VERTEX_POINT('',#2438);
#1905=VERTEX_POINT('',#2439);
#1906=VERTEX_POINT('',#2440);
#1907=VERTEX_POINT('',#2441);
#1908=VERTEX_POINT('',#2442);
#1909=VERTEX_POINT('',#2443);
#1910=VERTEX_POINT('',#2444);
#1911=VERTEX_POINT('',#2445);
#1912=VERTEX_POINT('',#2446);
#1913=VERTEX_POINT('',#2447);
#1914=VERTEX_POINT('',#2448);
#1915=VERTEX_POINT('',#2449);
#1916=VERTEX_POINT('',#2450);
#1917=VERTEX_POINT('',#2451);
#1918=VERTEX_POINT('',#2452);
#1919=VERTEX_POINT('',#2453);
#1920=VERTEX_POINT('',#2454);
#1921=VERTEX_POINT('',#2455);
#1922=VERTEX_POINT('',#2456);
#1923=VERTEX_POINT('',#2457);
#1924=VERTEX_POINT('',#2458);
#1925=VERTEX_POINT('',#2459);
#1926=VERTEX_POINT('',#2460);
#1927=VERTEX_POINT('',#2461);
#1928=VERTEX_POINT('',#2462);
#1929=VERTEX_POINT('',#2463);
#1930=VERTEX_POINT('',#2464);
#1931=VERTEX_POINT('',#2465);
#1932=VERTEX_POINT('',#2466);
#1933=VERTEX_POINT('',#2467);
#1934=VERTEX_POINT('',#2468);
#1935=VERTEX_POINT('',#2469);
#1936=VERTEX_POINT('',#2470);
#1937=VERTEX_POINT('',#2471);
#1938=VERTEX_POINT('',#2472);
#1939=VERTEX_POINT('',#2473);
#1940=VERTEX_POINT('',#2474);
#1941=VERTEX_POINT('',#2475);
#1942=VERTEX_POINT('',#2476);
#1943=VERTEX_POINT('',#2477);
#1944=VERTEX_POINT('',#2478);
#1945=VERTEX_POINT('',#2479);
#1946=VERTEX_POINT('',#2480);
#1947=VERTEX_POINT('',#2481);
#1948=VERTEX_POINT('',#2482);
#1949=VERTEX_POINT('',#2483);
#1950=VERTEX_POINT('',#2484);
#1951=VERTEX_POINT('',#2485);
#1952=VERTEX_POINT('',#2486);
#1953=VERTEX_POINT('',#2487);
#1954=VERTEX_POINT('',#2488);
#1955=VERTEX_POINT('',#2489);
#1956=VERTEX_POINT('',#2490);
#1957=VERTEX_POINT('',#2491);
#1958=VERTEX_POINT('',#2492);
#1959=VERTEX_POINT('',#2493);
#1960=VERTEX_POINT('',#2494);
#1961=VERTEX_POINT('',#2495);
#1962=VERTEX_POINT('',#2496);
#1963=VERTEX_POINT('',#2497);
#1964=VERTEX_POINT('',#2498);
#1965=VERTEX_POINT('',#2499);
#1966=VERTEX_POINT('',#2500);
#1967=VERTEX_POINT('',#2501);
#1968=VERTEX_POINT('',#2502);
#1969=VERTEX_POINT('',#2503);
#1970=VERTEX_POINT('',#2504);
#1971=VERTEX_POINT('',#2505);
#1972=VERTEX_POINT('',#2506);
#1973=VERTEX_POINT('',#2507);
#1974=VERTEX_POINT('',#2508);
#1975=VERTEX_POINT('',#2509);
#1976=VERTEX_POINT('',#2510);
#1977=VERTEX_POINT('',#2511);
#1978=VERTEX_POINT('',#2512);
#1979=VERTEX_POINT('',#2513);
#1980=VERTEX_POINT('',#2514);
#1981=VERTEX_POINT('',#2515);
#1982=VERTEX_POINT('',#2516);
#1983=VERTEX_POINT('',#2517);
#1984=VERTEX_POINT('',#2518);
#1985=VERTEX_POINT('',#2519);
#1986=VERTEX_POINT('',#2520);
#1987=VERTEX_POINT('',#2521);
#1988=VERTEX_POINT('',#2522);
#1989=VERTEX_POINT('',#2523);
#1990=VERTEX_POINT('',#2524);
#1991=VERTEX_POINT('',#2525);
#1992=VERTEX_POINT('',#2526);
#1993=VERTEX_POINT('',#2527);
#1994=VERTEX_POINT('',#2528);
#1995=VERTEX_POINT('',#2529);
#1996=VERTEX_POINT('',#2530);
#1997=VERTEX_POINT('',#2531);
#1998=VERTEX_POINT('',#2532);
#1999=VERTEX_POINT('',#2533);
#2000=VERTEX_POINT('',#2534);
#2001=VERTEX_POINT('',#2535);
#2002=VERTEX_POINT('',#2536);
#2003=VERTEX_POINT('',#2537);
#2004=VERTEX_POINT('',#2538);
#2005=VERTEX_POINT('',#2539);
#2006=VERTEX_POINT('',#2540);
#2007=VERTEX_POINT('',#2541);
#2008=VERTEX_POINT('',#2542);
#2009=VERTEX_POINT('',#2543);
#2010=VERTEX_POINT('',#2544);
#2011=VERTEX_POINT('',#2545);
#2012=VERTEX_POINT('',#2546);
#2013=VERTEX_POINT('',#2547);
#2014=VERTEX_POINT('',#2548);
#2015=VERTEX_POINT('',#2549);
#2016=VERTEX_POINT('',#2550);
#2017=VERTEX_POINT('',#2551);
#2018=VERTEX_POINT('',#2552);
#2019=VERTEX_POINT('',#2553);
#2020=VERTEX_POINT('',#2554);
#2021=VERTEX_POINT('',#2555);
#2022=VERTEX_POINT('',#2556);
#2023=VERTEX_POINT('',#2557);
#2024=VERTEX_POINT('',#2558);
#2025=VERTEX_POINT('',#2559);
#2026=VERTEX_POINT('',#2560);
#2027=VERTEX_POINT('',#2561);
#2028=VERTEX_POINT('',#2562);
#2029=VERTEX_POINT('',#2563);
#2030=VERTEX_POINT('',#2564);
#2031=VERTEX_POINT('',#2565);
#2032=VERTEX_POINT('',#2566);
#2033=VERTEX_POINT('',#2567);
#2034=VERTEX_POINT('',#2568);
#2035=VERTEX_POINT('',#2569);
#2036=VERTEX_POINT('',#2570);
#2037=VERTEX_POINT('',#2571);
#2038=VERTEX_POINT('',#2572);
#2039=VERTEX_POINT('',#2573);
#2040=VERTEX_POINT('',#2574);
#2041=VERTEX_POINT('',#2575);
#2042=VERTEX_POINT('',#2576);
#2043=VERTEX_POINT('',#2577);
#2044=VERTEX_POINT('',#2578);
#2045=VERTEX_POINT('',#2579);
#2046=VERTEX_POINT('',#2580);
#2047=VERTEX_POINT('',#2581);
#2048=VERTEX_POINT('',#2582);
#2049=VERTEX_POINT('',#2583);
#2050=VERTEX_POINT('',#2584);
#2051=VERTEX_POINT('',#2585);
#2052=VERTEX_POINT('',#2586);
#2053=VERTEX_POINT('',#2587);
#2054=VERTEX_POINT('',#2588);
#2055=VERTEX_POINT('',#2589);
#2056=VERTEX_POINT('',#2590);
#2057=VERTEX_POINT('',#2591);
#2058=VERTEX_POINT('',#2592);
#2059=VERTEX_POINT('',#2593);
#2060=VERTEX_POINT('',#2594);
#2061=VERTEX_POINT('',#2595);
#2062=VERTEX_POINT('',#2596);
#2063=VERTEX_POINT('',#2597);
#2064=VERTEX_POINT('',#2598);
#2065=VERTEX_POINT('',#2599);
#2066=VERTEX_POINT('',#2600);
#2067=VERTEX_POINT('',#2601);
#2068=VERTEX_POINT('',#2602);
#2069=VERTEX_POINT('',#2603);
#2070=VERTEX_POINT('',#2604);
#2071=VERTEX_POINT('',#2605);
#2072=VERTEX_POINT('',#2606);
#2073=VERTEX_POINT('',#2607);
#2074=VERTEX_POINT('',#2608);
#2075=VERTEX_POINT('',#2609);
#2076=VERTEX_POINT('',#2610);
#2077=VERTEX_POINT('',#2611);
#2078=VERTEX_POINT('',#2612);
#2079=VERTEX_POINT('',#2613);
#2080=VERTEX_POINT('',#2614);
#2081=VERTEX_POINT('',#2615);
#2082=VERTEX_POINT('',#2616);
#2083=VERTEX_POINT('',#2617);
#2084=VERTEX_POINT('',#2618);
#2085=VERTEX_POINT('',#2619);
#2086=VERTEX_POINT('',#2620);
#2087=VERTEX_POINT('',#2621);
#2088=VERTEX_POINT('',#2622);
#2089=VERTEX_POINT('',#2623);
#2090=VERTEX_POINT('',#2624);
#2091=VERTEX_POINT('',#2625);
#2092=VERTEX_POINT('',#2626);
#2093=VERTEX_POINT('',#2627);
#2094=VERTEX_POINT('',#2628);
#2095=VERTEX_POINT('',#2629);
#2096=VERTEX_POINT('',#2630);
#2097=VERTEX_POINT('',#2631);
#2098=VERTEX_POINT('',#2632);
#2099=VERTEX_POINT('',#2633);
#2100=VERTEX_POINT('',#2634);
#2101=VERTEX_POINT('',#2635);
#2102=VERTEX_POINT('',#2636);
#2103=VERTEX_POINT('',#2637);
#2104=VERTEX_POINT('',#2638);
#2105=VERTEX_POINT('',#2639);
#2106=VERTEX_POINT('',#2640);
#2107=VERTEX_POINT('',#2641);
#2108=VERTEX_POINT('',#2642);
#2109=VERTEX_POINT('',#2643);
#2110=VERTEX_POINT('',#2644);
#2111=VERTEX_POINT('',#2645);
#2112=VERTEX_POINT('',#2646);
#2113=VERTEX_POINT('',#2647);
#2114=VERTEX_POINT('',#2648);
#2115=VERTEX_POINT('',#2649);
#2116=VERTEX_POINT('',#2650);
#2117=VERTEX_POINT('',#2651);
#2118=VERTEX_POINT('',#2652);
#2119=VERTEX_POINT('',#2653);
#2120=VERTEX_POINT('',#2654);
#2121=VERTEX_POINT('',#2655);
#2122=VERTEX_POINT('',#2656);
#2123=VERTEX_POINT('',#2657);
#2124=VERTEX_POINT('',#2658);
#2125=VERTEX_POINT('',#2659);
#2126=VERTEX_POINT('',#2660);
#2127=VERTEX_POINT('',#2661);
#2128=VERTEX_POINT('',#2662);
#2129=VERTEX_POINT('',#2663);
#2130=VERTEX_POINT('',#2664);
#2131=VERTEX_POINT('',#2665);
#2132=VERTEX_POINT('',#2666);
#2133=VERTEX_POINT('',#2667);
#2134=VERTEX_POINT('',#2668);
#2135=VERTEX_POINT('',#2669);
#2136=VERTEX_POINT('',#2670);
#2137=VERTEX_POINT('',#2671);
#2138=VERTEX_POINT('',#2672);
#2139=VERTEX_POINT('',#2673);
#2140=VERTEX_POINT('',#2674);
#2141=VERTEX_POINT('',#2675);
#2142=VERTEX_POINT('',#2676);
#2143=VERTEX_POINT('',#2677);
#2144=VERTEX_POINT('',#2678);
#2145=VERTEX_POINT('',#2679);
#2146=VERTEX_POINT('',#2680);
#2147=VERTEX_POINT('',#2681);
#2148=VERTEX_POINT('',#2682);
#2149=VERTEX_POINT('',#2683);
#2150=VERTEX_POINT('',#2684);
#2151=VERTEX_POINT('',#2685);
#2152=VERTEX_POINT('',#2686);
#2153=PLANE('',#2174);
#2154=SHAPE_DEFINITION_REPRESENTATION(#2155,#2172);
#2155=PRODUCT_DEFINITION_SHAPE($,$,#2157);
#2156=PRODUCT_DEFINITION_CONTEXT('3D Mechanical Parts',#2161,'design');
#2157=PRODUCT_DEFINITION('A','First version',#2158,#2156);
#2158=PRODUCT_DEFINITION_FORMATION_WITH_SPECIFIED_SOURCE('A',
'First version',#2163,.MADE.);
#2159=PRODUCT_RELATED_PRODUCT_CATEGORY('tool','tool',(#2163));
#2160=APPLICATION_PROTOCOL_DEFINITION('Draft International Standard',
'automotive_design',1999,#2161);
#2161=APPLICATION_CONTEXT(
'data for automotive mechanical design processes');
#2162=PRODUCT_CONTEXT('3D Mechanical Parts',#2161,'mechanical');
#2163=PRODUCT('Document','Document','',(#2162));
#2164=(
LENGTH_UNIT()
NAMED_UNIT(*)
SI_UNIT($,.METRE.)
);
#2165=(
NAMED_UNIT(*)
PLANE_ANGLE_UNIT()
SI_UNIT($,.RADIAN.)
);
#2166=DIMENSIONAL_EXPONENTS(0.,0.,0.,0.,0.,0.,0.);
#2167=PLANE_ANGLE_MEASURE_WITH_UNIT(PLANE_ANGLE_MEASURE(0.01745329252),
#2165);
#2168=(
CONVERSION_BASED_UNIT('DEGREES',#2167)
NAMED_UNIT(#2166)
PLANE_ANGLE_UNIT()
);
#2169=(
NAMED_UNIT(*)
SI_UNIT($,.STERADIAN.)
SOLID_ANGLE_UNIT()
);
#2170=UNCERTAINTY_MEASURE_WITH_UNIT(LENGTH_MEASURE(0.01),#2164,
'DISTANCE_ACCURACY_VALUE',
'Maximum model space distance between geometric entities at asserted c
onnectivities');
#2171=(
GEOMETRIC_REPRESENTATION_CONTEXT(3)
GLOBAL_UNCERTAINTY_ASSIGNED_CONTEXT((#2170))
GLOBAL_UNIT_ASSIGNED_CONTEXT((#2169,#2168,#2164))
REPRESENTATION_CONTEXT('ID1','3D')
);
#2172=SHAPE_REPRESENTATION('Document',(#2173,#2175),#2171);
#2173=AXIS2_PLACEMENT_3D($,#2181,#2176,#2177);
#2174=AXIS2_PLACEMENT_3D('',#2182,#2178,$);
#2175=AXIS2_PLACEMENT_3D($,#3696,#2179,#2180);
#2176=DIRECTION('',(0.,0.,1.));
#2177=DIRECTION('',(1.,0.,0.));
#2178=DIRECTION('',(0.,0.,-1.));
#2179=DIRECTION('',(0.,0.,1.));
#2180=DIRECTION('',(1.,0.,0.));
#2181=CARTESIAN_POINT('',(0.,0.,0.));
#2182=CARTESIAN_POINT('',(-50.2776747663772,84.9582629476839,0.));
#2183=CARTESIAN_POINT('',(-3.88066622783933,11.0732373964637,0.));
#2184=CARTESIAN_POINT('',(-32.9460587245339,38.7536684517956,0.));
#2185=CARTESIAN_POINT('',(-32.0416496685349,46.9613442599936,0.));
#2186=CARTESIAN_POINT('',(-16.2755533566684,39.4688485906289,0.));
#2187=CARTESIAN_POINT('',(-2.99364059405253,23.9786363260095,0.));
#2188=CARTESIAN_POINT('',(-17.2908337103038,45.3710397924903,0.));
#2189=CARTESIAN_POINT('',(-39.5482532373631,27.6351101457875,0.));
#2190=CARTESIAN_POINT('',(-40.2401460611205,34.4062768119684,0.));
#2191=CARTESIAN_POINT('',(-39.5028524075911,41.5685580176829,0.));
#2192=CARTESIAN_POINT('',(-38.6539711585835,51.6567633871263,0.));
#2193=CARTESIAN_POINT('',(-8.01459876191269,55.1485913218483,0.));
#2194=CARTESIAN_POINT('',(-6.05655814341318,40.9442770230702,0.));
#2195=CARTESIAN_POINT('',(-3.87411362048773,44.2968173326757,0.));
#2196=CARTESIAN_POINT('',(-35.7880698357069,15.1734461624859,0.));
#2197=CARTESIAN_POINT('',(-31.5301671883504,12.8177947305527,0.));
#2198=CARTESIAN_POINT('',(-24.2814659271479,36.5703682155119,0.));
#2199=CARTESIAN_POINT('',(-24.2814659271479,34.8096743119819,0.));
#2200=CARTESIAN_POINT('',(-13.3902778882072,30.3555161499242,0.));
#2201=CARTESIAN_POINT('',(-11.4463128022045,29.2690834155129,0.));
#2202=CARTESIAN_POINT('',(-44.9650948867186,37.2897000522977,0.));
#2203=CARTESIAN_POINT('',(-46.0650948867186,32.0713669785244,0.));
#2204=CARTESIAN_POINT('',(-32.9460587245339,41.4513912126163,0.));
#2205=CARTESIAN_POINT('',(-31.1171355481065,28.1833911844723,0.));
#2206=CARTESIAN_POINT('',(-25.3831934889426,20.5254625886884,0.));
#2207=CARTESIAN_POINT('',(-43.608112098594,52.2653574897167,0.));
#2208=CARTESIAN_POINT('',(-41.5929962764637,52.2653574897167,0.));
#2209=CARTESIAN_POINT('',(-37.0403271968358,54.5790089891997,0.));
#2210=CARTESIAN_POINT('',(-35.0998452940436,54.5790089891997,0.));
#2211=CARTESIAN_POINT('',(-37.0403271968358,49.4292685548665,0.));
#2212=CARTESIAN_POINT('',(-35.0998452940436,48.1978088857868,0.));
#2213=CARTESIAN_POINT('',(-35.0998452940436,42.78684973377,0.));
#2214=CARTESIAN_POINT('',(-37.0403271968358,42.78684973377,0.));
#2215=CARTESIAN_POINT('',(-37.0403271968358,34.4278507678958,0.));
#2216=CARTESIAN_POINT('',(-35.0998452940436,34.4278507678958,0.));
#2217=CARTESIAN_POINT('',(-37.859560546044,27.8889117822932,0.));
#2218=CARTESIAN_POINT('',(-35.7324709275236,28.3243699398725,0.));
#2219=CARTESIAN_POINT('',(-33.6559637831399,28.7494728445271,0.));
#2220=CARTESIAN_POINT('',(-41.3218983534459,20.9018949543593,0.));
#2221=CARTESIAN_POINT('',(-39.6187569211811,13.8012238685265,0.));
#2222=CARTESIAN_POINT('',(-21.5387593031993,27.5673691723517,0.));
#2223=CARTESIAN_POINT('',(-22.128830821398,25.5315867665841,0.));
#2224=CARTESIAN_POINT('',(-22.8111915758569,23.1774009171223,0.));
#2225=CARTESIAN_POINT('',(-25.4483453574321,14.0790609629692,0.));
#2226=CARTESIAN_POINT('',(-24.843900049387,16.164433812558,0.));
#2227=CARTESIAN_POINT('',(-27.15755154887,9.23913753189002,0.));
#2228=CARTESIAN_POINT('',(-27.8399123033289,6.88495168242821,0.));
#2229=CARTESIAN_POINT('',(-12.2618493894897,27.0225370608334,0.));
#2230=CARTESIAN_POINT('',(-12.2618493894897,24.7835194806885,0.));
#2231=CARTESIAN_POINT('',(-13.6425768972457,24.7835194806885,0.));
#2232=CARTESIAN_POINT('',(-13.6425768972457,27.0225370608334,0.));
#2233=CARTESIAN_POINT('',(-18.3585443538849,13.7873461554252,0.));
#2234=CARTESIAN_POINT('',(-18.3585443538849,15.8756307323013,0.));
#2235=CARTESIAN_POINT('',(-19.2600879978439,9.06323486277043,0.));
#2236=CARTESIAN_POINT('',(-19.2600879978439,6.82421728262554,0.));
#2237=CARTESIAN_POINT('',(-18.1816278634075,9.06323486277043,0.));
#2238=CARTESIAN_POINT('',(-18.1816278634075,6.82421728262554,0.));
#2239=CARTESIAN_POINT('',(-3.88066622783933,12.5090900334854,0.));
#2240=CARTESIAN_POINT('',(-1.62669388090146,12.5090900334854,0.));
#2241=CARTESIAN_POINT('',(-1.62669388090147,11.0732373964637,0.));
#2242=CARTESIAN_POINT('',(-2.69698820022993,11.0732373964637,0.));
#2243=CARTESIAN_POINT('',(-2.69698820022994,5.01468114030251,0.));
#2244=CARTESIAN_POINT('',(7.54035947004357,5.01468114030252,0.));
#2245=CARTESIAN_POINT('',(7.54035947004358,8.05222645257808,0.));
#2246=CARTESIAN_POINT('',(5.04243676074389,11.0732373964637,0.));
#2247=CARTESIAN_POINT('',(3.06679112426923,11.0732373964637,0.));
#2248=CARTESIAN_POINT('',(3.06679112426923,12.1732373964637,0.));
#2249=CARTESIAN_POINT('',(4.13290182979938,12.1732373964637,0.));
#2250=CARTESIAN_POINT('',(2.80896122873141,13.7744234659887,0.));
#2251=CARTESIAN_POINT('',(0.579350400970283,21.5202519562913,0.));
#2252=CARTESIAN_POINT('',(0.491419861209538,29.5203214003348,0.));
#2253=CARTESIAN_POINT('',(2.76301633959551,37.258224735855,0.));
#2254=CARTESIAN_POINT('',(7.54035947004359,42.9975187351322,0.));
#2255=CARTESIAN_POINT('',(7.54035947004357,80.1845378284428,0.));
#2256=CARTESIAN_POINT('',(-5.97539988857981,80.1845378284428,0.));
#2257=CARTESIAN_POINT('',(-26.9271970463561,84.1667423357296,0.));
#2258=CARTESIAN_POINT('',(-36.0930104864281,77.2286652844702,0.));
#2259=CARTESIAN_POINT('',(-15.3702135963637,77.2286652844702,0.));
#2260=CARTESIAN_POINT('',(4.59359198791765,74.0205837437988,0.));
#2261=CARTESIAN_POINT('',(4.59359198791765,52.4073469289074,0.));
#2262=CARTESIAN_POINT('',(-0.0185662141427301,38.1404075788713,0.));
#2263=CARTESIAN_POINT('',(-1.06523285716338,38.4787697197616,0.));
#2264=CARTESIAN_POINT('',(3.49359198791765,52.580731257671,0.));
#2265=CARTESIAN_POINT('',(3.49359198791764,72.0430365763847,0.));
#2266=CARTESIAN_POINT('',(1.08343783330647,72.0430365763847,0.));
#2267=CARTESIAN_POINT('',(1.08343783330647,61.7777685882703,0.));
#2268=CARTESIAN_POINT('',(-1.2218236476074,61.7777685882703,0.));
#2269=CARTESIAN_POINT('',(-6.32421933501268,66.8102684443413,0.));
#2270=CARTESIAN_POINT('',(-5.20188779691615,74.4805552459173,0.));
#2271=CARTESIAN_POINT('',(-7.54510524673563,74.8570983160653,0.));
#2272=CARTESIAN_POINT('',(-8.56258114089524,67.9944860730115,0.));
#2273=CARTESIAN_POINT('',(-14.7814300795716,67.9944860730115,0.));
#2274=CARTESIAN_POINT('',(-14.7814300795716,69.0472833342834,0.));
#2275=CARTESIAN_POINT('',(-14.2468125005388,69.0472833342834,0.));
#2276=CARTESIAN_POINT('',(-16.3714492509194,76.1286652844702,0.));
#2277=CARTESIAN_POINT('',(-18.8716855487477,76.1286652844702,0.));
#2278=CARTESIAN_POINT('',(-15.8490118155523,66.0541397394707,0.));
#2279=CARTESIAN_POINT('',(-17.5417091061417,61.3387687156857,0.));
#2280=CARTESIAN_POINT('',(-23.4661496232049,66.1448199514665,0.));
#2281=CARTESIAN_POINT('',(-23.7381902591925,67.4143429194086,0.));
#2282=CARTESIAN_POINT('',(-22.6500277152421,67.7770637673921,0.));
#2283=CARTESIAN_POINT('',(-22.1663999179308,69.3488541086537,0.));
#2284=CARTESIAN_POINT('',(-24.7658993284789,70.0440690672887,0.));
#2285=CARTESIAN_POINT('',(-25.4611142871139,67.4143429194086,0.));
#2286=CARTESIAN_POINT('',(-30.3578457348905,66.9911685967613,0.));
#2287=CARTESIAN_POINT('',(-37.5408173363124,69.2328406793821,0.));
#2288=CARTESIAN_POINT('',(-38.3023369515987,66.8951525580382,0.));
#2289=CARTESIAN_POINT('',(-34.5326765447075,65.7480686116017,0.));
#2290=CARTESIAN_POINT('',(-34.5326765447075,62.0301799197713,0.));
#2291=CARTESIAN_POINT('',(-39.6712218911399,62.0301799197713,0.));
#2292=CARTESIAN_POINT('',(-39.6712218911399,66.244388414192,0.));
#2293=CARTESIAN_POINT('',(-38.6115594137311,69.4973057867029,0.));
#2294=CARTESIAN_POINT('',(-40.8947227333186,69.4973057867029,0.));
#2295=CARTESIAN_POINT('',(-40.8947227333186,63.4091040071833,0.));
#2296=CARTESIAN_POINT('',(-44.0113335828106,63.4091040071833,0.));
#2297=CARTESIAN_POINT('',(-44.0113335828106,66.310870791051,0.));
#2298=CARTESIAN_POINT('',(-43.6486127348271,66.310870791051,0.));
#2299=CARTESIAN_POINT('',(-43.6486127348271,63.9531852791585,0.));
#2300=CARTESIAN_POINT('',(-42.9418647720539,63.9531852791585,0.));
#2301=CARTESIAN_POINT('',(-42.941864772054,65.27812712064,0.));
#2302=CARTESIAN_POINT('',(-42.7759069808859,65.27812712064,0.));
#2303=CARTESIAN_POINT('',(-42.7759069808858,63.9531852791585,0.));
#2304=CARTESIAN_POINT('',(-42.0299536777263,63.9531852791585,0.));
#2305=CARTESIAN_POINT('',(-42.0299536777263,65.27812712064,0.));
#2306=CARTESIAN_POINT('',(-41.8639958865582,65.27812712064,0.));
#2307=CARTESIAN_POINT('',(-41.8639958865582,63.9531852791585,0.));
#2308=CARTESIAN_POINT('',(-41.2002470109387,63.9531852791585,0.));
#2309=CARTESIAN_POINT('',(-41.2002470109387,65.8876964684036,0.));
#2310=CARTESIAN_POINT('',(-43.013851250856,65.8876964684036,0.));
#2311=CARTESIAN_POINT('',(-43.013851250856,66.9154055376901,0.));
#2312=CARTESIAN_POINT('',(-43.9508801081466,66.9154055376901,0.));
#2313=CARTESIAN_POINT('',(-43.9508801081466,67.3933311819107,0.));
#2314=CARTESIAN_POINT('',(-42.6813571402045,67.3933311819107,0.));
#2315=CARTESIAN_POINT('',(-42.6813571402045,66.1765510994255,0.));
#2316=CARTESIAN_POINT('',(-41.1988347875438,66.1765510994255,0.));
#2317=CARTESIAN_POINT('',(-41.1988347875438,66.9954606738175,0.));
#2318=CARTESIAN_POINT('',(-42.0396509355946,66.9954606738175,0.));
#2319=CARTESIAN_POINT('',(-42.0396509355946,67.1959930048123,0.));
#2320=CARTESIAN_POINT('',(-41.1988347875438,67.1959930048123,0.));
#2321=CARTESIAN_POINT('',(-41.1988347875438,68.0603565004795,0.));
#2322=CARTESIAN_POINT('',(-42.0396509355946,68.0603565004795,0.));
#2323=CARTESIAN_POINT('',(-42.0396509355946,68.2608888314743,0.));
#2324=CARTESIAN_POINT('',(-41.1988347875438,68.2608888314743,0.));
#2325=CARTESIAN_POINT('',(-41.1988347875438,69.1822351546509,0.));
#2326=CARTESIAN_POINT('',(-42.8002908117817,69.1822351546509,0.));
#2327=CARTESIAN_POINT('',(-42.8002908117817,68.1295055801329,0.));
#2328=CARTESIAN_POINT('',(-42.9662486029498,68.1295055801329,0.));
#2329=CARTESIAN_POINT('',(-42.9662486029498,69.1822351546509,0.));
#2330=CARTESIAN_POINT('',(-43.809867374721,69.1822351546509,0.));
#2331=CARTESIAN_POINT('',(-43.809867374721,68.1295055801329,0.));
#2332=CARTESIAN_POINT('',(-43.9758251658891,68.1295055801329,0.));
#2333=CARTESIAN_POINT('',(-43.9758251658892,69.1822351546508,0.));
#2334=CARTESIAN_POINT('',(-44.9650948867186,69.1822351546509,0.));
#2335=CARTESIAN_POINT('',(-44.9650948867186,38.3897000522977,0.));
#2336=CARTESIAN_POINT('',(-46.0650948867186,38.3897000522977,0.));
#2337=CARTESIAN_POINT('',(-46.0650948867186,42.3881623565563,0.));
#2338=CARTESIAN_POINT('',(-49.7052189818582,42.3881623565563,0.));
#2339=CARTESIAN_POINT('',(-49.7052189818582,40.7857937199881,0.));
#2340=CARTESIAN_POINT('',(-46.8639580829924,40.7857937199881,0.));
#2341=CARTESIAN_POINT('',(-46.8639580829924,40.4288219974452,0.));
#2342=CARTESIAN_POINT('',(-49.7052189818582,40.4288219974452,0.));
#2343=CARTESIAN_POINT('',(-49.7052189818582,35.0345826345743,0.));
#2344=CARTESIAN_POINT('',(-46.8639580829924,35.0345826345743,0.));
#2345=CARTESIAN_POINT('',(-46.8639580829924,34.6776109120314,0.));
#2346=CARTESIAN_POINT('',(-49.7052189818582,34.6776109120314,0.));
#2347=CARTESIAN_POINT('',(-49.7052189818582,27.957865788266,0.));
#2348=CARTESIAN_POINT('',(-46.8639580829924,27.957865788266,0.));
#2349=CARTESIAN_POINT('',(-46.8639580829924,27.600894065723,0.));
#2350=CARTESIAN_POINT('',(-49.7052189818582,27.600894065723,0.));
#2351=CARTESIAN_POINT('',(-49.7052189818582,20.9319058932677,0.));
#2352=CARTESIAN_POINT('',(-46.0650948867186,20.9319058932677,0.));
#2353=CARTESIAN_POINT('',(-46.0650948867186,26.1218382694757,0.));
#2354=CARTESIAN_POINT('',(-44.9650948867186,26.1218382694757,0.));
#2355=CARTESIAN_POINT('',(-44.9650948867186,10.254739242408,0.));
#2356=CARTESIAN_POINT('',(-27.1703640123152,5.01468114030251,0.));
#2357=CARTESIAN_POINT('',(-10.4344892593709,5.01468114030251,0.));
#2358=CARTESIAN_POINT('',(-10.4344892593709,11.0732373964637,0.));
#2359=CARTESIAN_POINT('',(-21.3429435122448,11.0732373964637,0.));
#2360=CARTESIAN_POINT('',(-21.3429435122448,12.5090900334854,0.));
#2361=CARTESIAN_POINT('',(-16.9821864744222,12.5090900334854,0.));
#2362=CARTESIAN_POINT('',(-16.9821864744222,20.5254625886884,0.));
#2363=CARTESIAN_POINT('',(-19.3920746501111,20.5254625886884,0.));
#2364=CARTESIAN_POINT('',(-19.3920746501111,21.6254625886884,0.));
#2365=CARTESIAN_POINT('',(-14.1315142924159,21.6254625886884,0.));
#2366=CARTESIAN_POINT('',(-9.92865767985529,22.4562485920354,0.));
#2367=CARTESIAN_POINT('',(-9.47364216796283,20.5224326664924,0.));
#2368=CARTESIAN_POINT('',(-13.5112649324763,20.5224326664924,0.));
#2369=CARTESIAN_POINT('',(-13.5112649324763,17.9963617150503,0.));
#2370=CARTESIAN_POINT('',(-9.88205241995662,17.9963617150503,0.));
#2371=CARTESIAN_POINT('',(-9.88205241995662,19.1466039321331,0.));
#2372=CARTESIAN_POINT('',(-12.3213591906666,19.1466039321331,0.));
#2373=CARTESIAN_POINT('',(-12.3213591906666,19.384585080495,0.));
#2374=CARTESIAN_POINT('',(-9.5449124597772,19.384585080495,0.));
#2375=CARTESIAN_POINT('',(-9.5449124597772,17.6084191595151,0.));
#2376=CARTESIAN_POINT('',(-16.5062241776983,17.6084191595151,0.));
#2377=CARTESIAN_POINT('',(-16.5062241776983,16.528675935994,0.));
#2378=CARTESIAN_POINT('',(-15.1634069277332,16.528675935994,0.));
#2379=CARTESIAN_POINT('',(-15.1634069277332,16.2708630252685,0.));
#2380=CARTESIAN_POINT('',(-16.5062241776983,16.2708630252685,0.));
#2381=CARTESIAN_POINT('',(-16.5062241776983,14.954896674576,0.));
#2382=CARTESIAN_POINT('',(-14.8024820023851,14.954896674576,0.));
#2383=CARTESIAN_POINT('',(-14.8024820023851,14.5953214603784,0.));
#2384=CARTESIAN_POINT('',(-16.5062241776983,14.5953214603784,0.));
#2385=CARTESIAN_POINT('',(-16.5062241776983,13.890000847914,0.));
#2386=CARTESIAN_POINT('',(-15.0099292413452,13.8900008479139,0.));
#2387=CARTESIAN_POINT('',(-15.0099292413452,13.7171281487805,0.));
#2388=CARTESIAN_POINT('',(-16.5062241776983,13.7171281487805,0.));
#2389=CARTESIAN_POINT('',(-16.5062241776983,12.8181901132866,0.));
#2390=CARTESIAN_POINT('',(-15.0099292413452,12.8181901132866,0.));
#2391=CARTESIAN_POINT('',(-15.0099292413452,12.6453174141531,0.));
#2392=CARTESIAN_POINT('',(-16.5062241776983,12.6453174141531,0.));
#2393=CARTESIAN_POINT('',(-16.5062241776983,11.920034753033,0.));
#2394=CARTESIAN_POINT('',(-13.4742094114015,11.920034753033,0.));
#2395=CARTESIAN_POINT('',(-13.4742094114015,14.3684004769214,0.));
#2396=CARTESIAN_POINT('',(-14.1107844996125,14.3684004769214,0.));
#2397=CARTESIAN_POINT('',(-14.1107844996125,14.5887533920713,0.));
#2398=CARTESIAN_POINT('',(-13.7407390580514,14.5887533920713,0.));
#2399=CARTESIAN_POINT('',(-13.7407390580514,16.2708630252685,0.));
#2400=CARTESIAN_POINT('',(-14.2560327045216,16.2708630252685,0.));
#2401=CARTESIAN_POINT('',(-14.2560327045216,16.528675935994,0.));
#2402=CARTESIAN_POINT('',(-12.7885509361177,16.528675935994,0.));
#2403=CARTESIAN_POINT('',(-12.7885509361177,16.2708630252685,0.));
#2404=CARTESIAN_POINT('',(-12.8598456689883,16.2708630252685,0.));
#2405=CARTESIAN_POINT('',(-12.8598456689883,14.389976529377,0.));
#2406=CARTESIAN_POINT('',(-11.2310014047368,14.389976529377,0.));
#2407=CARTESIAN_POINT('',(-11.2310014047368,16.2708630252685,0.));
#2408=CARTESIAN_POINT('',(-11.8811767129061,16.2708630252685,0.));
#2409=CARTESIAN_POINT('',(-11.8811767129061,16.528675935994,0.));
#2410=CARTESIAN_POINT('',(-8.80598178498305,16.528675935994,0.));
#2411=CARTESIAN_POINT('',(-8.80598178498305,16.2708630252685,0.));
#2412=CARTESIAN_POINT('',(-10.8938614445574,16.2708630252685,0.));
#2413=CARTESIAN_POINT('',(-10.8938614445574,13.9156667073237,0.));
#2414=CARTESIAN_POINT('',(-11.2310014047368,13.9156667073237,0.));
#2415=CARTESIAN_POINT('',(-11.2310014047368,14.1901989262358,0.));
#2416=CARTESIAN_POINT('',(-12.8598456689883,14.1901989262358,0.));
#2417=CARTESIAN_POINT('',(-12.8598456689883,11.7504576404367,0.));
#2418=CARTESIAN_POINT('',(-11.2310014047368,11.7504576404367,0.));
#2419=CARTESIAN_POINT('',(-11.2310014047368,13.5980857291996,0.));
#2420=CARTESIAN_POINT('',(-10.8938614445574,13.5980857291996,0.));
#2421=CARTESIAN_POINT('',(-10.8938614445574,11.9207905263338,0.));
#2422=CARTESIAN_POINT('',(-10.2340934369937,11.9207905263338,0.));
#2423=CARTESIAN_POINT('',(-10.2340934369937,13.4629083677192,0.));
#2424=CARTESIAN_POINT('',(-10.0413287068205,13.4629083677192,0.));
#2425=CARTESIAN_POINT('',(-10.0413287068205,11.9207905263338,0.));
#2426=CARTESIAN_POINT('',(-9.2234695249235,11.9207905263338,0.));
#2427=CARTESIAN_POINT('',(-9.2234695249235,13.4629083677192,0.));
#2428=CARTESIAN_POINT('',(-9.03070479475032,13.4629083677192,0.));
#2429=CARTESIAN_POINT('',(-9.03070479475032,11.9207905263338,0.));
#2430=CARTESIAN_POINT('',(-8.21284561285332,11.9207905263338,0.));
#2431=CARTESIAN_POINT('',(-8.21284561285332,13.4629083677192,0.));
#2432=CARTESIAN_POINT('',(-8.02008088268014,13.4629083677192,0.));
#2433=CARTESIAN_POINT('',(-8.02008088268014,11.9207905263338,0.));
#2434=CARTESIAN_POINT('',(-7.35836113222341,11.9207905263338,0.));
#2435=CARTESIAN_POINT('',(-7.35836113222341,13.4629083677192,0.));
#2436=CARTESIAN_POINT('',(-7.16559640205023,13.4629083677192,0.));
#2437=CARTESIAN_POINT('',(-7.16559640205023,11.9207905263338,0.));
#2438=CARTESIAN_POINT('',(-6.58967266533338,11.9207905263338,0.));
#2439=CARTESIAN_POINT('',(-6.58967266533338,14.6173386425638,0.));
#2440=CARTESIAN_POINT('',(-9.88161234486586,14.6173386425638,0.));
#2441=CARTESIAN_POINT('',(-9.88161234486586,15.3069544647584,0.));
#2442=CARTESIAN_POINT('',(-7.38338144182145,15.3069544647584,0.));
#2443=CARTESIAN_POINT('',(-7.38338144182145,16.2708630252685,0.));
#2444=CARTESIAN_POINT('',(-7.89860756177145,16.2708630252685,0.));
#2445=CARTESIAN_POINT('',(-7.89860756177145,16.528675935994,0.));
#2446=CARTESIAN_POINT('',(-6.9913850955478,16.528675935994,0.));
#2447=CARTESIAN_POINT('',(-6.9913850955478,16.2708630252685,0.));
#2448=CARTESIAN_POINT('',(-7.16218391394773,16.2708630252685,0.));
#2449=CARTESIAN_POINT('',(-7.16218391394773,14.8125129318641,0.));
#2450=CARTESIAN_POINT('',(-6.58967266533338,14.8125129318641,0.));
#2451=CARTESIAN_POINT('',(-6.58967266533338,16.528675935994,0.));
#2452=CARTESIAN_POINT('',(-6.13463857477721,16.528675935994,0.));
#2453=CARTESIAN_POINT('',(-6.13463857477721,11.0732373964637,0.));
#2454=CARTESIAN_POINT('',(-10.1748330661602,11.0732373964637,0.));
#2455=CARTESIAN_POINT('',(-10.1748330661602,5.01468114030251,0.));
#2456=CARTESIAN_POINT('',(-2.95664439344054,5.01468114030252,0.));
#2457=CARTESIAN_POINT('',(-2.95664439344055,11.0732373964637,0.));
#2458=CARTESIAN_POINT('',(-31.8460587245339,38.7536684517956,0.));
#2459=CARTESIAN_POINT('',(-31.8460587245339,36.6766500548469,0.));
#2460=CARTESIAN_POINT('',(-31.6011700368773,35.5553176429454,0.));
#2461=CARTESIAN_POINT('',(-32.675840577905,35.320619478813,0.));
#2462=CARTESIAN_POINT('',(-32.9460587245339,36.557934150219,0.));
#2463=CARTESIAN_POINT('',(-32.0416496685349,63.8212273107119,0.));
#2464=CARTESIAN_POINT('',(-30.1146668352416,64.2499719480875,0.));
#2465=CARTESIAN_POINT('',(-25.6092462454796,64.7756862565378,0.));
#2466=CARTESIAN_POINT('',(-19.9452009821227,59.9966480655804,0.));
#2467=CARTESIAN_POINT('',(-23.1156517235499,59.9966480655804,0.));
#2468=CARTESIAN_POINT('',(-25.2010702071133,47.0674466351525,0.));
#2469=CARTESIAN_POINT('',(-29.9948887291084,47.7722483732415,0.));
#2470=CARTESIAN_POINT('',(-29.9948887291084,61.1748752270914,0.));
#2471=CARTESIAN_POINT('',(-30.2633803548194,61.1748752270914,0.));
#2472=CARTESIAN_POINT('',(-30.2633803548194,46.6998977122475,0.));
#2473=CARTESIAN_POINT('',(-25.4424050976972,45.9911033085976,0.));
#2474=CARTESIAN_POINT('',(-25.4424050976972,44.5730588411725,0.));
#2475=CARTESIAN_POINT('',(-24.2424050976972,44.5730588411725,0.));
#2476=CARTESIAN_POINT('',(-24.2424050976972,46.1030541876048,0.));
#2477=CARTESIAN_POINT('',(-22.1788594651307,58.8966480655804,0.));
#2478=CARTESIAN_POINT('',(-18.2125069924316,58.8966480655804,0.));
#2479=CARTESIAN_POINT('',(-18.2125069924316,59.9739289840913,0.));
#2480=CARTESIAN_POINT('',(-25.26380027723,65.9234576931399,0.));
#2481=CARTESIAN_POINT('',(-30.2996536293787,65.3358499194067,0.));
#2482=CARTESIAN_POINT('',(-33.1083913571099,64.7038839306672,0.));
#2483=CARTESIAN_POINT('',(-33.3477432569527,46.9613442599936,0.));
#2484=CARTESIAN_POINT('',(-16.2755533566684,38.3688485906289,0.));
#2485=CARTESIAN_POINT('',(-18.4408584238866,38.3688485906289,0.));
#2486=CARTESIAN_POINT('',(-18.4408584238866,40.488083337268,0.));
#2487=CARTESIAN_POINT('',(-17.3408584238866,40.488083337268,0.));
#2488=CARTESIAN_POINT('',(-17.3408584238866,39.4688485906289,0.));
#2489=CARTESIAN_POINT('',(-2.99364059405253,32.1988156784884,0.));
#2490=CARTESIAN_POINT('',(-1.79364059405253,32.1988156784884,0.));
#2491=CARTESIAN_POINT('',(-1.79364059405253,23.0001996201687,0.));
#2492=CARTESIAN_POINT('',(-2.4384201744963,22.8504559162262,0.));
#2493=CARTESIAN_POINT('',(-2.4384201744963,13.2857717965368,0.));
#2494=CARTESIAN_POINT('',(-5.09442289260491,13.2857717965368,0.));
#2495=CARTESIAN_POINT('',(-5.09442289260491,17.6084191595151,0.));
#2496=CARTESIAN_POINT('',(-8.67767004875801,17.6084191595151,0.));
#2497=CARTESIAN_POINT('',(-8.67767004875801,20.6797738647892,0.));
#2498=CARTESIAN_POINT('',(-9.13268556065046,22.6135897903322,0.));
#2499=CARTESIAN_POINT('',(-17.2908337103038,51.4568722640519,0.));
#2500=CARTESIAN_POINT('',(-15.8689102356398,51.4568722640519,0.));
#2501=CARTESIAN_POINT('',(-15.8689102356398,48.6699022537106,0.));
#2502=CARTESIAN_POINT('',(-12.7406785913792,48.6699022537106,0.));
#2503=CARTESIAN_POINT('',(-12.7406785913792,55.8363965660167,0.));
#2504=CARTESIAN_POINT('',(-17.0633259543575,57.3720739186538,0.));
#2505=CARTESIAN_POINT('',(-21.0447116834165,57.3720739186538,0.));
#2506=CARTESIAN_POINT('',(-22.6372659750401,46.5085785722214,0.));
#2507=CARTESIAN_POINT('',(-18.4908337103038,46.5085785722214,0.));
#2508=CARTESIAN_POINT('',(-18.4908337103038,45.3710397924903,0.));
#2509=CARTESIAN_POINT('',(-40.6259026811683,27.4144935637584,0.));
#2510=CARTESIAN_POINT('',(-41.5099982409995,31.7330496739112,0.));
#2511=CARTESIAN_POINT('',(-41.3838429782471,32.9104987929333,0.));
#2512=CARTESIAN_POINT('',(-40.2901029089353,32.7933123569357,0.));
#2513=CARTESIAN_POINT('',(-40.3980274804586,31.7860163560521,0.));
#2514=CARTESIAN_POINT('',(-41.3338861304323,34.5234632479661,0.));
#2515=CARTESIAN_POINT('',(-41.0815756049276,36.8783614860104,0.));
#2516=CARTESIAN_POINT('',(-39.9878355356158,36.7611750500128,0.));
#2517=CARTESIAN_POINT('',(-40.5965924769029,41.6857444536806,0.));
#2518=CARTESIAN_POINT('',(-39.9646264881633,47.5840936819161,0.));
#2519=CARTESIAN_POINT('',(-38.8708864188516,47.4669072459184,0.));
#2520=CARTESIAN_POINT('',(-39.7539711585835,51.6567633871263,0.));
#2521=CARTESIAN_POINT('',(-39.7539711585835,59.9425396839334,0.));
#2522=CARTESIAN_POINT('',(-38.6539711585835,59.9425396839334,0.));
#2523=CARTESIAN_POINT('',(-8.01459876191269,56.88238004267,0.));
#2524=CARTESIAN_POINT('',(-11.1354184593918,56.88238004267,0.));
#2525=CARTESIAN_POINT('',(-16.5968529299802,59.1363053797383,0.));
#2526=CARTESIAN_POINT('',(-14.1695487208298,66.5049074432306,0.));
#2527=CARTESIAN_POINT('',(-8.01459876191269,66.5049074432306,0.));
#2528=CARTESIAN_POINT('',(-1.68626993091338,60.2632680482724,0.));
#2529=CARTESIAN_POINT('',(-1.68626993091338,50.4673617756297,0.));
#2530=CARTESIAN_POINT('',(-2.78626993091338,50.4673617756297,0.));
#2531=CARTESIAN_POINT('',(-2.78626993091338,59.8031829291418,0.));
#2532=CARTESIAN_POINT('',(-8.46579617436453,65.4049074432306,0.));
#2533=CARTESIAN_POINT('',(-13.3737567427586,65.4049074432306,0.));
#2534=CARTESIAN_POINT('',(-15.2322274922991,59.7631212392684,0.));
#2535=CARTESIAN_POINT('',(-10.9173545928491,57.98238004267,0.));
#2536=CARTESIAN_POINT('',(-6.91459876191269,57.98238004267,0.));
#2537=CARTESIAN_POINT('',(-6.91459876191269,54.0485913218483,0.));
#2538=CARTESIAN_POINT('',(-10.1951452268988,54.0485913218483,0.));
#2539=CARTESIAN_POINT('',(-10.1951452268988,41.3649709913156,0.));
#2540=CARTESIAN_POINT('',(-11.2951452268988,41.3649709913156,0.));
#2541=CARTESIAN_POINT('',(-11.2951452268988,55.1485913218483,0.));
#2542=CARTESIAN_POINT('',(-5.00520123381904,40.620782589349,0.));
#2543=CARTESIAN_POINT('',(-5.66257565902035,38.4843157074447,0.));
#2544=CARTESIAN_POINT('',(-6.71393256861449,38.807810141166,0.));
#2545=CARTESIAN_POINT('',(-4.92547053008188,44.620311766397,0.));
#2546=CARTESIAN_POINT('',(-3.98383949725977,47.6806126230688,0.));
#2547=CARTESIAN_POINT('',(-2.93248258766563,47.3571181893476,0.));
#2548=CARTESIAN_POINT('',(-36.0892097399437,14.1154694339723,0.));
#2549=CARTESIAN_POINT('',(-38.0155754957605,14.6637854636141,0.));
#2550=CARTESIAN_POINT('',(-39.5893837502551,22.3513925079865,0.));
#2551=CARTESIAN_POINT('',(-38.5117343064498,22.5720090900156,0.));
#2552=CARTESIAN_POINT('',(-37.0719099224479,15.5388752597023,0.));
#2553=CARTESIAN_POINT('',(-31.2290272841135,13.8757714590662,0.));
#2554=CARTESIAN_POINT('',(-27.2095599372431,12.7316801201002,0.));
#2555=CARTESIAN_POINT('',(-27.51069984148,11.6737033915867,0.));
#2556=CARTESIAN_POINT('',(-25.3814659271479,36.5703682155119,0.));
#2557=CARTESIAN_POINT('',(-25.3814659271479,39.6970504314311,0.));
#2558=CARTESIAN_POINT('',(-24.2814659271479,39.6970504314311,0.));
#2559=CARTESIAN_POINT('',(-24.2814659271479,32.7145790146815,0.));
#2560=CARTESIAN_POINT('',(-22.3013109792287,32.0982393951305,0.));
#2561=CARTESIAN_POINT('',(-22.6282251130004,31.0479407951408,0.));
#2562=CARTESIAN_POINT('',(-25.3814659271479,31.9049097902728,0.));
#2563=CARTESIAN_POINT('',(-25.3814659271479,34.8096743119819,0.));
#2564=CARTESIAN_POINT('',(-13.3825857685931,29.2555430451185,0.));
#2565=CARTESIAN_POINT('',(-16.7930481401778,29.2316936579046,0.));
#2566=CARTESIAN_POINT('',(-17.9163739183303,29.581338105409,0.));
#2567=CARTESIAN_POINT('',(-17.5894597845586,30.6316367053988,0.));
#2568=CARTESIAN_POINT('',(-16.6295721796822,30.3328637422915,0.));
#2569=CARTESIAN_POINT('',(-11.4540049218185,30.3690565203185,0.));
#2570=CARTESIAN_POINT('',(-9.44357593104796,30.3831154643099,0.));
#2571=CARTESIAN_POINT('',(-8.78856131769204,32.2662824777082,0.));
#2572=CARTESIAN_POINT('',(-7.74961484131526,31.9049097902728,0.));
#2573=CARTESIAN_POINT('',(-8.65964586510017,29.2885705968912,0.));
#2574=CARTESIAN_POINT('',(-44.9650948867186,33.1713669785244,0.));
#2575=CARTESIAN_POINT('',(-46.0650948867186,33.1713669785244,0.));
#2576=CARTESIAN_POINT('',(-46.0650948867186,37.2897000522977,0.));
#2577=CARTESIAN_POINT('',(-44.9650948867186,32.0713669785244,0.));
#2578=CARTESIAN_POINT('',(-44.9650948867186,27.2218382694757,0.));
#2579=CARTESIAN_POINT('',(-46.0650948867186,27.2218382694757,0.));
#2580=CARTESIAN_POINT('',(-32.9460587245339,43.7449041605604,0.));
#2581=CARTESIAN_POINT('',(-31.8460587245339,43.7449041605604,0.));
#2582=CARTESIAN_POINT('',(-31.8460587245339,41.4513912126163,0.));
#2583=CARTESIAN_POINT('',(-31.6276035358056,30.5207972334105,0.));
#2584=CARTESIAN_POINT('',(-30.5529329947779,30.755495397543,0.));
#2585=CARTESIAN_POINT('',(-30.0424650070788,28.4180893486048,0.));
#2586=CARTESIAN_POINT('',(-29.4447143605215,20.5254625886884,0.));
#2587=CARTESIAN_POINT('',(-29.8381749806459,22.3270980597844,0.));
#2588=CARTESIAN_POINT('',(-28.7635044396182,22.5617962239168,0.));
#2589=CARTESIAN_POINT('',(-28.5590177836487,21.6254625886884,0.));
#2590=CARTESIAN_POINT('',(-25.3831934889426,21.6254625886884,0.));
#2591=CARTESIAN_POINT('',(-43.608112098594,58.385338875446,0.));
#2592=CARTESIAN_POINT('',(-43.0483577035578,58.385338875446,0.));
#2593=CARTESIAN_POINT('',(-43.0483577035578,52.2653574897167,0.));
#2594=CARTESIAN_POINT('',(-41.5929962764637,58.385338875446,0.));
#2595=CARTESIAN_POINT('',(-41.0332418814275,58.385338875446,0.));
#2596=CARTESIAN_POINT('',(-41.0332418814275,52.2653574897167,0.));
#2597=CARTESIAN_POINT('',(-37.0403271968358,58.833142391475,0.));
#2598=CARTESIAN_POINT('',(-36.4805728017996,58.833142391475,0.));
#2599=CARTESIAN_POINT('',(-36.4805728017996,54.5790089891997,0.));
#2600=CARTESIAN_POINT('',(-35.0998452940436,58.833142391475,0.));
#2601=CARTESIAN_POINT('',(-34.5400908990074,58.833142391475,0.));
#2602=CARTESIAN_POINT('',(-34.5400908990074,54.5790089891997,0.));
#2603=CARTESIAN_POINT('',(-37.0403271968358,53.6834019571418,0.));
#2604=CARTESIAN_POINT('',(-36.4805728017996,53.6834019571418,0.));
#2605=CARTESIAN_POINT('',(-36.4805728017996,49.4292685548665,0.));
#2606=CARTESIAN_POINT('',(-35.0998452940436,53.6834019571418,0.));
#2607=CARTESIAN_POINT('',(-34.5400908990074,53.6834019571418,0.));
#2608=CARTESIAN_POINT('',(-34.5400908990074,48.1978088857868,0.));
#2609=CARTESIAN_POINT('',(-35.0998452940436,47.0409831360453,0.));
#2610=CARTESIAN_POINT('',(-34.5400908990074,47.0409831360453,0.));
#2611=CARTESIAN_POINT('',(-34.5400908990074,42.78684973377,0.));
#2612=CARTESIAN_POINT('',(-37.0403271968358,47.0409831360453,0.));
#2613=CARTESIAN_POINT('',(-36.4805728017996,47.0409831360453,0.));
#2614=CARTESIAN_POINT('',(-36.4805728017996,42.78684973377,0.));
#2615=CARTESIAN_POINT('',(-37.0403271968358,38.6819841701711,0.));
#2616=CARTESIAN_POINT('',(-36.4805728017996,38.6819841701711,0.));
#2617=CARTESIAN_POINT('',(-36.4805728017996,34.4278507678958,0.));
#2618=CARTESIAN_POINT('',(-35.0998452940436,38.6819841701711,0.));
#2619=CARTESIAN_POINT('',(-34.5400908990074,38.6819841701711,0.));
#2620=CARTESIAN_POINT('',(-34.5400908990074,34.4278507678958,0.));
#2621=CARTESIAN_POINT('',(-38.7127717921546,32.0566067775951,0.));
#2622=CARTESIAN_POINT('',(-38.1643908717202,32.1688714152412,0.));
#2623=CARTESIAN_POINT('',(-37.3111796256096,28.0011764199393,0.));
#2624=CARTESIAN_POINT('',(-36.5856821736342,32.4920649351744,0.));
#2625=CARTESIAN_POINT('',(-36.0373012531997,32.6043295728206,0.));
#2626=CARTESIAN_POINT('',(-35.1840900070892,28.4366345775187,0.));
#2627=CARTESIAN_POINT('',(-34.5091750292505,32.917167839829,0.));
#2628=CARTESIAN_POINT('',(-33.960794108816,33.0294324774751,0.));
#2629=CARTESIAN_POINT('',(-33.1075828627054,28.8617374821732,0.));
#2630=CARTESIAN_POINT('',(-42.1751095995565,25.0695899496612,0.));
#2631=CARTESIAN_POINT('',(-41.626728679122,25.1818545873073,0.));
#2632=CARTESIAN_POINT('',(-40.7735174330114,21.0141595920054,0.));
#2633=CARTESIAN_POINT('',(-40.4719681672917,17.9689188638284,0.));
#2634=CARTESIAN_POINT('',(-39.9235872468572,18.0811835014745,0.));
#2635=CARTESIAN_POINT('',(-39.0703760007467,13.9134885061726,0.));
#2636=CARTESIAN_POINT('',(-26.6466100192012,29.0478796719927,0.));
#2637=CARTESIAN_POINT('',(-26.4907791263737,29.5855056717388,0.));
#2638=CARTESIAN_POINT('',(-21.3829284103719,28.1049951720978,0.));
#2639=CARTESIAN_POINT('',(-27.2366815373998,27.0120972662251,0.));
#2640=CARTESIAN_POINT('',(-27.0808506445724,27.5497232659711,0.));
#2641=CARTESIAN_POINT('',(-21.9729999285705,26.0692127663302,0.));
#2642=CARTESIAN_POINT('',(-27.9190422918587,24.6579114167633,0.));
#2643=CARTESIAN_POINT('',(-27.7632113990312,25.1955374165093,0.));
#2644=CARTESIAN_POINT('',(-22.6553606830294,23.7150269168684,0.));
#2645=CARTESIAN_POINT('',(-32.5693422300597,16.1430818641298,0.));
#2646=CARTESIAN_POINT('',(-32.4135113372322,16.6807078638759,0.));
#2647=CARTESIAN_POINT('',(-25.2925144646046,14.6166869627153,0.));
#2648=CARTESIAN_POINT('',(-31.9648969220146,18.2284547137186,0.));
#2649=CARTESIAN_POINT('',(-31.8090660291871,18.7660807134646,0.));
#2650=CARTESIAN_POINT('',(-24.6880691565595,16.7020598123041,0.));
#2651=CARTESIAN_POINT('',(-36.9499272712964,12.0774575767698,0.));
#2652=CARTESIAN_POINT('',(-36.7940963784689,12.6150835765159,0.));
#2653=CARTESIAN_POINT('',(-27.0017206560425,9.77676353163609,0.));
#2654=CARTESIAN_POINT('',(-37.6322880257553,9.723271727308,0.));
#2655=CARTESIAN_POINT('',(-37.4764571329278,10.2608977270541,0.));
#2656=CARTESIAN_POINT('',(-27.6840814105014,7.42257768217429,0.));
#2657=CARTESIAN_POINT('',(-12.2618493894897,27.6569253752078,0.));
#2658=CARTESIAN_POINT('',(-5.05967617335715,27.6569253752078,0.));
#2659=CARTESIAN_POINT('',(-5.05967617335715,27.0225370608334,0.));
#2660=CARTESIAN_POINT('',(-12.2618493894897,25.4179077950629,0.));
#2661=CARTESIAN_POINT('',(-6.21650192309864,25.4179077950629,0.));
#2662=CARTESIAN_POINT('',(-6.21650192309864,24.7835194806885,0.));
#2663=CARTESIAN_POINT('',(-13.6425768972457,25.4179077950629,0.));
#2664=CARTESIAN_POINT('',(-19.6879243636368,25.4179077950629,0.));
#2665=CARTESIAN_POINT('',(-19.6879243636368,24.7835194806885,0.));
#2666=CARTESIAN_POINT('',(-13.6425768972457,27.6569253752078,0.));
#2667=CARTESIAN_POINT('',(-19.0202279759367,27.6569253752078,0.));
#2668=CARTESIAN_POINT('',(-19.0202279759367,27.0225370608334,0.));
#2669=CARTESIAN_POINT('',(-18.3585443538849,14.4217344697995,0.));
#2670=CARTESIAN_POINT('',(-23.7361954325759,14.4217344697995,0.));
#2671=CARTESIAN_POINT('',(-23.7361954325759,13.7873461554252,0.));
#2672=CARTESIAN_POINT('',(-18.3585443538849,16.5100190466757,0.));
#2673=CARTESIAN_POINT('',(-22.7443405097077,16.5100190466757,0.));
#2674=CARTESIAN_POINT('',(-22.7443405097077,15.8756307323013,0.));
#2675=CARTESIAN_POINT('',(-19.2600879978439,9.69762317714481,0.));
#2676=CARTESIAN_POINT('',(-24.6377390765349,9.69762317714481,0.));
#2677=CARTESIAN_POINT('',(-24.6377390765349,9.06323486277043,0.));
#2678=CARTESIAN_POINT('',(-19.2600879978439,7.45860559699992,0.));
#2679=CARTESIAN_POINT('',(-25.305435464235,7.45860559699992,0.));
#2680=CARTESIAN_POINT('',(-25.305435464235,6.82421728262554,0.));
#2681=CARTESIAN_POINT('',(-18.1816278634075,9.69762317714481,0.));
#2682=CARTESIAN_POINT('',(-12.1362803970164,9.69762317714481,0.));
#2683=CARTESIAN_POINT('',(-12.1362803970164,9.06323486277043,0.));
#2684=CARTESIAN_POINT('',(-18.1816278634075,7.45860559699992,0.));
#2685=CARTESIAN_POINT('',(-12.1362803970164,7.45860559699992,0.));
#2686=CARTESIAN_POINT('',(-12.1362803970164,6.82421728262554,0.));
#2687=CARTESIAN_POINT('',(-3.88066622783933,11.0732373964637,0.));
#2688=CARTESIAN_POINT('',(-2.95664439344055,11.0732373964637,0.));
#2689=CARTESIAN_POINT('',(-32.9460587245339,38.7536684517956,0.));
#2690=CARTESIAN_POINT('',(-32.9460587245339,36.557934150219,0.));
#2691=CARTESIAN_POINT('',(-32.0416496685349,46.9613442599936,0.));
#2692=CARTESIAN_POINT('',(-33.3477432569527,46.9613442599936,0.));
#2693=CARTESIAN_POINT('',(-16.2755533566684,39.4688485906289,0.));
#2694=CARTESIAN_POINT('',(-17.3408584238866,39.4688485906289,0.));
#2695=CARTESIAN_POINT('',(-2.99364059405253,23.9786363260095,0.));
#2696=CARTESIAN_POINT('',(-9.13268556065046,22.6135897903322,0.));
#2697=CARTESIAN_POINT('',(-17.2908337103038,45.3710397924903,0.));
#2698=CARTESIAN_POINT('',(-18.4908337103038,45.3710397924903,0.));
#2699=CARTESIAN_POINT('',(-39.5482532373631,27.6351101457875,0.));
#2700=CARTESIAN_POINT('',(-40.3980274804586,31.7860163560521,0.));
#2701=CARTESIAN_POINT('',(-40.2401460611205,34.4062768119684,0.));
#2702=CARTESIAN_POINT('',(-39.9878355356158,36.7611750500128,0.));
#2703=CARTESIAN_POINT('',(-39.5028524075911,41.5685580176829,0.));
#2704=CARTESIAN_POINT('',(-38.8708864188516,47.4669072459184,0.));
#2705=CARTESIAN_POINT('',(-38.6539711585835,51.6567633871263,0.));
#2706=CARTESIAN_POINT('',(-38.6539711585835,59.9425396839334,0.));
#2707=CARTESIAN_POINT('',(-8.01459876191269,55.1485913218483,0.));
#2708=CARTESIAN_POINT('',(-11.2951452268988,55.1485913218483,0.));
#2709=CARTESIAN_POINT('',(-6.05655814341318,40.9442770230702,0.));
#2710=CARTESIAN_POINT('',(-6.71393256861449,38.807810141166,0.));
#2711=CARTESIAN_POINT('',(-3.87411362048773,44.2968173326757,0.));
#2712=CARTESIAN_POINT('',(-2.93248258766563,47.3571181893476,0.));
#2713=CARTESIAN_POINT('',(-35.7880698357069,15.1734461624859,0.));
#2714=CARTESIAN_POINT('',(-37.0719099224479,15.5388752597023,0.));
#2715=CARTESIAN_POINT('',(-31.5301671883504,12.8177947305527,0.));
#2716=CARTESIAN_POINT('',(-27.51069984148,11.6737033915867,0.));
#2717=CARTESIAN_POINT('',(-24.2814659271479,36.5703682155119,0.));
#2718=CARTESIAN_POINT('',(-24.2814659271479,39.6970504314311,0.));
#2719=CARTESIAN_POINT('',(-24.2814659271479,34.8096743119819,0.));
#2720=CARTESIAN_POINT('',(-25.3814659271479,34.8096743119819,0.));
#2721=CARTESIAN_POINT('',(-13.3902778882072,30.3555161499242,0.));
#2722=CARTESIAN_POINT('',(-16.6295721796822,30.3328637422915,0.));
#2723=CARTESIAN_POINT('',(-11.4463128022045,29.2690834155129,0.));
#2724=CARTESIAN_POINT('',(-8.65964586510017,29.2885705968912,0.));
#2725=CARTESIAN_POINT('',(-44.9650948867186,37.2897000522977,0.));
#2726=CARTESIAN_POINT('',(-46.0650948867186,37.2897000522977,0.));
#2727=CARTESIAN_POINT('',(-46.0650948867186,32.0713669785244,0.));
#2728=CARTESIAN_POINT('',(-46.0650948867186,27.2218382694757,0.));
#2729=CARTESIAN_POINT('',(-32.9460587245339,41.4513912126163,0.));
#2730=CARTESIAN_POINT('',(-31.8460587245339,41.4513912126163,0.));
#2731=CARTESIAN_POINT('',(-31.1171355481065,28.1833911844723,0.));
#2732=CARTESIAN_POINT('',(-30.0424650070788,28.4180893486048,0.));
#2733=CARTESIAN_POINT('',(-25.3831934889426,20.5254625886884,0.));
#2734=CARTESIAN_POINT('',(-25.3831934889426,21.6254625886884,0.));
#2735=CARTESIAN_POINT('',(-43.608112098594,52.2653574897167,0.));
#2736=CARTESIAN_POINT('',(-43.0483577035578,52.2653574897167,0.));
#2737=CARTESIAN_POINT('',(-41.5929962764637,52.2653574897167,0.));
#2738=CARTESIAN_POINT('',(-41.0332418814275,52.2653574897167,0.));
#2739=CARTESIAN_POINT('',(-37.0403271968358,54.5790089891997,0.));
#2740=CARTESIAN_POINT('',(-36.4805728017996,54.5790089891997,0.));
#2741=CARTESIAN_POINT('',(-35.0998452940436,54.5790089891997,0.));
#2742=CARTESIAN_POINT('',(-34.5400908990074,54.5790089891997,0.));
#2743=CARTESIAN_POINT('',(-37.0403271968358,49.4292685548665,0.));
#2744=CARTESIAN_POINT('',(-36.4805728017996,49.4292685548665,0.));
#2745=CARTESIAN_POINT('',(-35.0998452940436,48.1978088857868,0.));
#2746=CARTESIAN_POINT('',(-34.5400908990074,48.1978088857868,0.));
#2747=CARTESIAN_POINT('',(-35.0998452940436,42.78684973377,0.));
#2748=CARTESIAN_POINT('',(-34.5400908990074,42.78684973377,0.));
#2749=CARTESIAN_POINT('',(-37.0403271968358,42.78684973377,0.));
#2750=CARTESIAN_POINT('',(-36.4805728017996,42.78684973377,0.));
#2751=CARTESIAN_POINT('',(-37.0403271968358,34.4278507678958,0.));
#2752=CARTESIAN_POINT('',(-36.4805728017996,34.4278507678958,0.));
#2753=CARTESIAN_POINT('',(-35.0998452940436,34.4278507678958,0.));
#2754=CARTESIAN_POINT('',(-34.5400908990074,34.4278507678958,0.));
#2755=CARTESIAN_POINT('',(-37.859560546044,27.8889117822932,0.));
#2756=CARTESIAN_POINT('',(-37.3111796256096,28.0011764199393,0.));
#2757=CARTESIAN_POINT('',(-35.7324709275236,28.3243699398725,0.));
#2758=CARTESIAN_POINT('',(-35.1840900070892,28.4366345775187,0.));
#2759=CARTESIAN_POINT('',(-33.6559637831399,28.7494728445271,0.));
#2760=CARTESIAN_POINT('',(-33.1075828627054,28.8617374821732,0.));
#2761=CARTESIAN_POINT('',(-41.3218983534459,20.9018949543593,0.));
#2762=CARTESIAN_POINT('',(-40.7735174330114,21.0141595920054,0.));
#2763=CARTESIAN_POINT('',(-39.6187569211811,13.8012238685265,0.));
#2764=CARTESIAN_POINT('',(-39.0703760007467,13.9134885061726,0.));
#2765=CARTESIAN_POINT('',(-21.5387593031993,27.5673691723517,0.));
#2766=CARTESIAN_POINT('',(-21.3829284103719,28.1049951720978,0.));
#2767=CARTESIAN_POINT('',(-22.128830821398,25.5315867665841,0.));
#2768=CARTESIAN_POINT('',(-21.9729999285705,26.0692127663302,0.));
#2769=CARTESIAN_POINT('',(-22.8111915758569,23.1774009171223,0.));
#2770=CARTESIAN_POINT('',(-22.6553606830294,23.7150269168684,0.));
#2771=CARTESIAN_POINT('',(-25.4483453574321,14.0790609629692,0.));
#2772=CARTESIAN_POINT('',(-25.2925144646046,14.6166869627153,0.));
#2773=CARTESIAN_POINT('',(-24.843900049387,16.164433812558,0.));
#2774=CARTESIAN_POINT('',(-24.6880691565595,16.7020598123041,0.));
#2775=CARTESIAN_POINT('',(-27.15755154887,9.23913753189002,0.));
#2776=CARTESIAN_POINT('',(-27.0017206560425,9.77676353163609,0.));
#2777=CARTESIAN_POINT('',(-27.8399123033289,6.88495168242821,0.));
#2778=CARTESIAN_POINT('',(-27.6840814105014,7.42257768217429,0.));
#2779=CARTESIAN_POINT('',(-12.2618493894897,27.0225370608334,0.));
#2780=CARTESIAN_POINT('',(-5.05967617335715,27.0225370608334,0.));
#2781=CARTESIAN_POINT('',(-12.2618493894897,24.7835194806885,0.));
#2782=CARTESIAN_POINT('',(-6.21650192309864,24.7835194806885,0.));
#2783=CARTESIAN_POINT('',(-13.6425768972457,24.7835194806885,0.));
#2784=CARTESIAN_POINT('',(-19.6879243636368,24.7835194806885,0.));
#2785=CARTESIAN_POINT('',(-13.6425768972457,27.0225370608334,0.));
#2786=CARTESIAN_POINT('',(-19.0202279759367,27.0225370608334,0.));
#2787=CARTESIAN_POINT('',(-18.3585443538849,13.7873461554252,0.));
#2788=CARTESIAN_POINT('',(-23.7361954325759,13.7873461554252,0.));
#2789=CARTESIAN_POINT('',(-18.3585443538849,15.8756307323013,0.));
#2790=CARTESIAN_POINT('',(-22.7443405097077,15.8756307323013,0.));
#2791=CARTESIAN_POINT('',(-19.2600879978439,9.06323486277043,0.));
#2792=CARTESIAN_POINT('',(-24.6377390765349,9.06323486277043,0.));
#2793=CARTESIAN_POINT('',(-19.2600879978439,6.82421728262554,0.));
#2794=CARTESIAN_POINT('',(-25.305435464235,6.82421728262554,0.));
#2795=CARTESIAN_POINT('',(-18.1816278634075,9.06323486277043,0.));
#2796=CARTESIAN_POINT('',(-12.1362803970164,9.06323486277043,0.));
#2797=CARTESIAN_POINT('',(-18.1816278634075,6.82421728262554,0.));
#2798=CARTESIAN_POINT('',(-12.1362803970164,6.82421728262554,0.));
#2799=CARTESIAN_POINT('',(-3.88066622783933,12.5090900334854,0.));
#2800=CARTESIAN_POINT('',(-3.88066622783933,11.0732373964637,0.));
#2801=CARTESIAN_POINT('',(-1.62669388090146,12.5090900334854,0.));
#2802=CARTESIAN_POINT('',(-3.88066622783933,12.5090900334854,0.));
#2803=CARTESIAN_POINT('',(-1.62669388090147,11.0732373964637,0.));
#2804=CARTESIAN_POINT('',(-1.62669388090146,12.5090900334854,0.));
#2805=CARTESIAN_POINT('',(-2.69698820022993,11.0732373964637,0.));
#2806=CARTESIAN_POINT('',(-1.62669388090147,11.0732373964637,0.));
#2807=CARTESIAN_POINT('',(-2.69698820022994,5.01468114030251,0.));
#2808=CARTESIAN_POINT('',(-2.69698820022993,11.0732373964637,0.));
#2809=CARTESIAN_POINT('',(7.54035947004357,5.01468114030252,0.));
#2810=CARTESIAN_POINT('',(-2.69698820022994,5.01468114030251,0.));
#2811=CARTESIAN_POINT('',(7.54035947004358,8.05222645257808,0.));
#2812=CARTESIAN_POINT('',(7.54035947004357,5.01468114030252,0.));
#2813=CARTESIAN_POINT('',(5.04243676074389,11.0732373964637,0.));
#2814=CARTESIAN_POINT('',(7.54035947004358,8.05222645257808,0.));
#2815=CARTESIAN_POINT('',(3.06679112426923,11.0732373964637,0.));
#2816=CARTESIAN_POINT('',(5.04243676074389,11.0732373964637,0.));
#2817=CARTESIAN_POINT('',(3.06679112426923,12.1732373964637,0.));
#2818=CARTESIAN_POINT('',(3.06679112426923,11.0732373964637,0.));
#2819=CARTESIAN_POINT('',(4.13290182979938,12.1732373964637,0.));
#2820=CARTESIAN_POINT('',(3.06679112426923,12.1732373964637,0.));
#2821=CARTESIAN_POINT('',(2.80896122873141,13.7744234659887,0.));
#2822=CARTESIAN_POINT('',(4.13290182979938,12.1732373964637,0.));
#2823=CARTESIAN_POINT('',(0.579350400970283,21.5202519562913,0.));
#2824=CARTESIAN_POINT('',(2.80896122873141,13.7744234659887,0.));
#2825=CARTESIAN_POINT('',(0.491419861209538,29.5203214003348,0.));
#2826=CARTESIAN_POINT('',(0.579350400970283,21.5202519562913,0.));
#2827=CARTESIAN_POINT('',(2.76301633959551,37.258224735855,0.));
#2828=CARTESIAN_POINT('',(0.491419861209538,29.5203214003348,0.));
#2829=CARTESIAN_POINT('',(7.54035947004359,42.9975187351322,0.));
#2830=CARTESIAN_POINT('',(2.76301633959551,37.258224735855,0.));
#2831=CARTESIAN_POINT('',(7.54035947004357,80.1845378284428,0.));
#2832=CARTESIAN_POINT('',(7.54035947004359,42.9975187351322,0.));
#2833=CARTESIAN_POINT('',(-5.97539988857981,80.1845378284428,0.));
#2834=CARTESIAN_POINT('',(7.54035947004357,80.1845378284428,0.));
#2835=CARTESIAN_POINT('',(-26.9271970463561,84.1667423357296,0.));
#2836=CARTESIAN_POINT('',(-5.97539988857981,80.1845378284428,0.));
#2837=CARTESIAN_POINT('',(-36.0930104864281,77.2286652844702,0.));
#2838=CARTESIAN_POINT('',(-26.9271970463561,84.1667423357296,0.));
#2839=CARTESIAN_POINT('',(-15.3702135963637,77.2286652844702,0.));
#2840=CARTESIAN_POINT('',(-36.0930104864281,77.2286652844702,0.));
#2841=CARTESIAN_POINT('',(4.59359198791765,74.0205837437988,0.));
#2842=CARTESIAN_POINT('',(-15.3702135963637,77.2286652844702,0.));
#2843=CARTESIAN_POINT('',(4.59359198791765,52.4073469289074,0.));
#2844=CARTESIAN_POINT('',(4.59359198791765,74.0205837437988,0.));
#2845=CARTESIAN_POINT('',(-0.0185662141427301,38.1404075788713,0.));
#2846=CARTESIAN_POINT('',(4.59359198791765,52.4073469289074,0.));
#2847=CARTESIAN_POINT('',(-1.06523285716338,38.4787697197616,0.));
#2848=CARTESIAN_POINT('',(-0.0185662141427301,38.1404075788713,0.));
#2849=CARTESIAN_POINT('',(3.49359198791765,52.580731257671,0.));
#2850=CARTESIAN_POINT('',(-1.06523285716338,38.4787697197616,0.));
#2851=CARTESIAN_POINT('',(3.49359198791764,72.0430365763847,0.));
#2852=CARTESIAN_POINT('',(3.49359198791765,52.580731257671,0.));
#2853=CARTESIAN_POINT('',(1.08343783330647,72.0430365763847,0.));
#2854=CARTESIAN_POINT('',(3.49359198791764,72.0430365763847,0.));
#2855=CARTESIAN_POINT('',(1.08343783330647,61.7777685882703,0.));
#2856=CARTESIAN_POINT('',(1.08343783330647,72.0430365763847,0.));
#2857=CARTESIAN_POINT('',(-1.2218236476074,61.7777685882703,0.));
#2858=CARTESIAN_POINT('',(1.08343783330647,61.7777685882703,0.));
#2859=CARTESIAN_POINT('',(-6.32421933501268,66.8102684443413,0.));
#2860=CARTESIAN_POINT('',(-1.2218236476074,61.7777685882703,0.));
#2861=CARTESIAN_POINT('',(-5.20188779691615,74.4805552459173,0.));
#2862=CARTESIAN_POINT('',(-6.32421933501268,66.8102684443413,0.));
#2863=CARTESIAN_POINT('',(-7.54510524673563,74.8570983160653,0.));
#2864=CARTESIAN_POINT('',(-5.20188779691615,74.4805552459173,0.));
#2865=CARTESIAN_POINT('',(-8.56258114089524,67.9944860730115,0.));
#2866=CARTESIAN_POINT('',(-7.54510524673563,74.8570983160653,0.));
#2867=CARTESIAN_POINT('',(-14.7814300795716,67.9944860730115,0.));
#2868=CARTESIAN_POINT('',(-8.56258114089524,67.9944860730115,0.));
#2869=CARTESIAN_POINT('',(-14.7814300795716,69.0472833342834,0.));
#2870=CARTESIAN_POINT('',(-14.7814300795716,67.9944860730115,0.));
#2871=CARTESIAN_POINT('',(-14.2468125005388,69.0472833342834,0.));
#2872=CARTESIAN_POINT('',(-14.7814300795716,69.0472833342834,0.));
#2873=CARTESIAN_POINT('',(-16.3714492509194,76.1286652844702,0.));
#2874=CARTESIAN_POINT('',(-14.2468125005388,69.0472833342834,0.));
#2875=CARTESIAN_POINT('',(-18.8716855487477,76.1286652844702,0.));
#2876=CARTESIAN_POINT('',(-16.3714492509194,76.1286652844702,0.));
#2877=CARTESIAN_POINT('',(-15.8490118155523,66.0541397394707,0.));
#2878=CARTESIAN_POINT('',(-18.8716855487477,76.1286652844702,0.));
#2879=CARTESIAN_POINT('',(-17.5417091061417,61.3387687156857,0.));
#2880=CARTESIAN_POINT('',(-15.8490118155523,66.0541397394707,0.));
#2881=CARTESIAN_POINT('',(-23.4661496232049,66.1448199514665,0.));
#2882=CARTESIAN_POINT('',(-17.5417091061417,61.3387687156857,0.));
#2883=CARTESIAN_POINT('',(-23.7381902591925,67.4143429194086,0.));
#2884=CARTESIAN_POINT('',(-23.4661496232049,66.1448199514665,0.));
#2885=CARTESIAN_POINT('',(-22.6500277152421,67.7770637673921,0.));
#2886=CARTESIAN_POINT('',(-23.7381902591925,67.4143429194086,0.));
#2887=CARTESIAN_POINT('',(-22.1663999179308,69.3488541086537,0.));
#2888=CARTESIAN_POINT('',(-22.6500277152421,67.7770637673921,0.));
#2889=CARTESIAN_POINT('',(-24.7658993284789,70.0440690672887,0.));
#2890=CARTESIAN_POINT('',(-22.1663999179308,69.3488541086537,0.));
#2891=CARTESIAN_POINT('',(-25.4611142871139,67.4143429194086,0.));
#2892=CARTESIAN_POINT('',(-24.7658993284789,70.0440690672887,0.));
#2893=CARTESIAN_POINT('',(-30.3578457348905,66.9911685967613,0.));
#2894=CARTESIAN_POINT('',(-25.4611142871139,67.4143429194086,0.));
#2895=CARTESIAN_POINT('',(-37.5408173363124,69.2328406793821,0.));
#2896=CARTESIAN_POINT('',(-30.3578457348905,66.9911685967613,0.));
#2897=CARTESIAN_POINT('',(-38.3023369515987,66.8951525580382,0.));
#2898=CARTESIAN_POINT('',(-37.5408173363124,69.2328406793821,0.));
#2899=CARTESIAN_POINT('',(-34.5326765447075,65.7480686116017,0.));
#2900=CARTESIAN_POINT('',(-38.3023369515987,66.8951525580382,0.));
#2901=CARTESIAN_POINT('',(-34.5326765447075,62.0301799197713,0.));
#2902=CARTESIAN_POINT('',(-34.5326765447075,65.7480686116017,0.));
#2903=CARTESIAN_POINT('',(-39.6712218911399,62.0301799197713,0.));
#2904=CARTESIAN_POINT('',(-34.5326765447075,62.0301799197713,0.));
#2905=CARTESIAN_POINT('',(-39.6712218911399,66.244388414192,0.));
#2906=CARTESIAN_POINT('',(-39.6712218911399,62.0301799197713,0.));
#2907=CARTESIAN_POINT('',(-38.6115594137311,69.4973057867029,0.));
#2908=CARTESIAN_POINT('',(-39.6712218911399,66.244388414192,0.));
#2909=CARTESIAN_POINT('',(-40.8947227333186,69.4973057867029,0.));
#2910=CARTESIAN_POINT('',(-38.6115594137311,69.4973057867029,0.));
#2911=CARTESIAN_POINT('',(-40.8947227333186,63.4091040071833,0.));
#2912=CARTESIAN_POINT('',(-40.8947227333186,69.4973057867029,0.));
#2913=CARTESIAN_POINT('',(-44.0113335828106,63.4091040071833,0.));
#2914=CARTESIAN_POINT('',(-40.8947227333186,63.4091040071833,0.));
#2915=CARTESIAN_POINT('',(-44.0113335828106,66.310870791051,0.));
#2916=CARTESIAN_POINT('',(-44.0113335828106,63.4091040071833,0.));
#2917=CARTESIAN_POINT('',(-43.6486127348271,66.310870791051,0.));
#2918=CARTESIAN_POINT('',(-44.0113335828106,66.310870791051,0.));
#2919=CARTESIAN_POINT('',(-43.6486127348271,63.9531852791585,0.));
#2920=CARTESIAN_POINT('',(-43.6486127348271,66.310870791051,0.));
#2921=CARTESIAN_POINT('',(-42.9418647720539,63.9531852791585,0.));
#2922=CARTESIAN_POINT('',(-43.6486127348271,63.9531852791585,0.));
#2923=CARTESIAN_POINT('',(-42.941864772054,65.27812712064,0.));
#2924=CARTESIAN_POINT('',(-42.9418647720539,63.9531852791585,0.));
#2925=CARTESIAN_POINT('',(-42.7759069808859,65.27812712064,0.));
#2926=CARTESIAN_POINT('',(-42.941864772054,65.27812712064,0.));
#2927=CARTESIAN_POINT('',(-42.7759069808858,63.9531852791585,0.));
#2928=CARTESIAN_POINT('',(-42.7759069808859,65.27812712064,0.));
#2929=CARTESIAN_POINT('',(-42.0299536777263,63.9531852791585,0.));
#2930=CARTESIAN_POINT('',(-42.7759069808858,63.9531852791585,0.));
#2931=CARTESIAN_POINT('',(-42.0299536777263,65.27812712064,0.));
#2932=CARTESIAN_POINT('',(-42.0299536777263,63.9531852791585,0.));
#2933=CARTESIAN_POINT('',(-41.8639958865582,65.27812712064,0.));
#2934=CARTESIAN_POINT('',(-42.0299536777263,65.27812712064,0.));
#2935=CARTESIAN_POINT('',(-41.8639958865582,63.9531852791585,0.));
#2936=CARTESIAN_POINT('',(-41.8639958865582,65.27812712064,0.));
#2937=CARTESIAN_POINT('',(-41.2002470109387,63.9531852791585,0.));
#2938=CARTESIAN_POINT('',(-41.8639958865582,63.9531852791585,0.));
#2939=CARTESIAN_POINT('',(-41.2002470109387,65.8876964684036,0.));
#2940=CARTESIAN_POINT('',(-41.2002470109387,63.9531852791585,0.));
#2941=CARTESIAN_POINT('',(-43.013851250856,65.8876964684036,0.));
#2942=CARTESIAN_POINT('',(-41.2002470109387,65.8876964684036,0.));
#2943=CARTESIAN_POINT('',(-43.013851250856,66.9154055376901,0.));
#2944=CARTESIAN_POINT('',(-43.013851250856,65.8876964684036,0.));
#2945=CARTESIAN_POINT('',(-43.9508801081466,66.9154055376901,0.));
#2946=CARTESIAN_POINT('',(-43.013851250856,66.9154055376901,0.));
#2947=CARTESIAN_POINT('',(-43.9508801081466,67.3933311819107,0.));
#2948=CARTESIAN_POINT('',(-43.9508801081466,66.9154055376901,0.));
#2949=CARTESIAN_POINT('',(-42.6813571402045,67.3933311819107,0.));
#2950=CARTESIAN_POINT('',(-43.9508801081466,67.3933311819107,0.));
#2951=CARTESIAN_POINT('',(-42.6813571402045,66.1765510994255,0.));
#2952=CARTESIAN_POINT('',(-42.6813571402045,67.3933311819107,0.));
#2953=CARTESIAN_POINT('',(-41.1988347875438,66.1765510994255,0.));
#2954=CARTESIAN_POINT('',(-42.6813571402045,66.1765510994255,0.));
#2955=CARTESIAN_POINT('',(-41.1988347875438,66.9954606738175,0.));
#2956=CARTESIAN_POINT('',(-41.1988347875438,66.1765510994255,0.));
#2957=CARTESIAN_POINT('',(-42.0396509355946,66.9954606738175,0.));
#2958=CARTESIAN_POINT('',(-41.1988347875438,66.9954606738175,0.));
#2959=CARTESIAN_POINT('',(-42.0396509355946,67.1959930048123,0.));
#2960=CARTESIAN_POINT('',(-42.0396509355946,66.9954606738175,0.));
#2961=CARTESIAN_POINT('',(-41.1988347875438,67.1959930048123,0.));
#2962=CARTESIAN_POINT('',(-42.0396509355946,67.1959930048123,0.));
#2963=CARTESIAN_POINT('',(-41.1988347875438,68.0603565004795,0.));
#2964=CARTESIAN_POINT('',(-41.1988347875438,67.1959930048123,0.));
#2965=CARTESIAN_POINT('',(-42.0396509355946,68.0603565004795,0.));
#2966=CARTESIAN_POINT('',(-41.1988347875438,68.0603565004795,0.));
#2967=CARTESIAN_POINT('',(-42.0396509355946,68.2608888314743,0.));
#2968=CARTESIAN_POINT('',(-42.0396509355946,68.0603565004795,0.));
#2969=CARTESIAN_POINT('',(-41.1988347875438,68.2608888314743,0.));
#2970=CARTESIAN_POINT('',(-42.0396509355946,68.2608888314743,0.));
#2971=CARTESIAN_POINT('',(-41.1988347875438,69.1822351546509,0.));
#2972=CARTESIAN_POINT('',(-41.1988347875438,68.2608888314743,0.));
#2973=CARTESIAN_POINT('',(-42.8002908117817,69.1822351546509,0.));
#2974=CARTESIAN_POINT('',(-41.1988347875438,69.1822351546509,0.));
#2975=CARTESIAN_POINT('',(-42.8002908117817,68.1295055801329,0.));
#2976=CARTESIAN_POINT('',(-42.8002908117817,69.1822351546509,0.));
#2977=CARTESIAN_POINT('',(-42.9662486029498,68.1295055801329,0.));
#2978=CARTESIAN_POINT('',(-42.8002908117817,68.1295055801329,0.));
#2979=CARTESIAN_POINT('',(-42.9662486029498,69.1822351546509,0.));
#2980=CARTESIAN_POINT('',(-42.9662486029498,68.1295055801329,0.));
#2981=CARTESIAN_POINT('',(-43.809867374721,69.1822351546509,0.));
#2982=CARTESIAN_POINT('',(-42.9662486029498,69.1822351546509,0.));
#2983=CARTESIAN_POINT('',(-43.809867374721,68.1295055801329,0.));
#2984=CARTESIAN_POINT('',(-43.809867374721,69.1822351546509,0.));
#2985=CARTESIAN_POINT('',(-43.9758251658891,68.1295055801329,0.));
#2986=CARTESIAN_POINT('',(-43.809867374721,68.1295055801329,0.));
#2987=CARTESIAN_POINT('',(-43.9758251658892,69.1822351546508,0.));
#2988=CARTESIAN_POINT('',(-43.9758251658891,68.1295055801329,0.));
#2989=CARTESIAN_POINT('',(-44.9650948867186,69.1822351546509,0.));
#2990=CARTESIAN_POINT('',(-43.9758251658892,69.1822351546508,0.));
#2991=CARTESIAN_POINT('',(-44.9650948867186,38.3897000522977,0.));
#2992=CARTESIAN_POINT('',(-44.9650948867186,69.1822351546509,0.));
#2993=CARTESIAN_POINT('',(-46.0650948867186,38.3897000522977,0.));
#2994=CARTESIAN_POINT('',(-44.9650948867186,38.3897000522977,0.));
#2995=CARTESIAN_POINT('',(-46.0650948867186,42.3881623565563,0.));
#2996=CARTESIAN_POINT('',(-46.0650948867186,38.3897000522977,0.));
#2997=CARTESIAN_POINT('',(-49.7052189818582,42.3881623565563,0.));
#2998=CARTESIAN_POINT('',(-46.0650948867186,42.3881623565563,0.));
#2999=CARTESIAN_POINT('',(-49.7052189818582,40.7857937199881,0.));
#3000=CARTESIAN_POINT('',(-49.7052189818582,42.3881623565563,0.));
#3001=CARTESIAN_POINT('',(-46.8639580829924,40.7857937199881,0.));
#3002=CARTESIAN_POINT('',(-49.7052189818582,40.7857937199881,0.));
#3003=CARTESIAN_POINT('',(-46.8639580829924,40.4288219974452,0.));
#3004=CARTESIAN_POINT('',(-46.8639580829924,40.7857937199881,0.));
#3005=CARTESIAN_POINT('',(-49.7052189818582,40.4288219974452,0.));
#3006=CARTESIAN_POINT('',(-46.8639580829924,40.4288219974452,0.));
#3007=CARTESIAN_POINT('',(-49.7052189818582,35.0345826345743,0.));
#3008=CARTESIAN_POINT('',(-49.7052189818582,40.4288219974452,0.));
#3009=CARTESIAN_POINT('',(-46.8639580829924,35.0345826345743,0.));
#3010=CARTESIAN_POINT('',(-49.7052189818582,35.0345826345743,0.));
#3011=CARTESIAN_POINT('',(-46.8639580829924,34.6776109120314,0.));
#3012=CARTESIAN_POINT('',(-46.8639580829924,35.0345826345743,0.));
#3013=CARTESIAN_POINT('',(-49.7052189818582,34.6776109120314,0.));
#3014=CARTESIAN_POINT('',(-46.8639580829924,34.6776109120314,0.));
#3015=CARTESIAN_POINT('',(-49.7052189818582,27.957865788266,0.));
#3016=CARTESIAN_POINT('',(-49.7052189818582,34.6776109120314,0.));
#3017=CARTESIAN_POINT('',(-46.8639580829924,27.957865788266,0.));
#3018=CARTESIAN_POINT('',(-49.7052189818582,27.957865788266,0.));
#3019=CARTESIAN_POINT('',(-46.8639580829924,27.600894065723,0.));
#3020=CARTESIAN_POINT('',(-46.8639580829924,27.957865788266,0.));
#3021=CARTESIAN_POINT('',(-49.7052189818582,27.600894065723,0.));
#3022=CARTESIAN_POINT('',(-46.8639580829924,27.600894065723,0.));
#3023=CARTESIAN_POINT('',(-49.7052189818582,20.9319058932677,0.));
#3024=CARTESIAN_POINT('',(-49.7052189818582,27.600894065723,0.));
#3025=CARTESIAN_POINT('',(-46.0650948867186,20.9319058932677,0.));
#3026=CARTESIAN_POINT('',(-49.7052189818582,20.9319058932677,0.));
#3027=CARTESIAN_POINT('',(-46.0650948867186,26.1218382694757,0.));
#3028=CARTESIAN_POINT('',(-46.0650948867186,20.9319058932677,0.));
#3029=CARTESIAN_POINT('',(-44.9650948867186,26.1218382694757,0.));
#3030=CARTESIAN_POINT('',(-46.0650948867186,26.1218382694757,0.));
#3031=CARTESIAN_POINT('',(-44.9650948867186,10.254739242408,0.));
#3032=CARTESIAN_POINT('',(-44.9650948867186,26.1218382694757,0.));
#3033=CARTESIAN_POINT('',(-27.1703640123152,5.01468114030251,0.));
#3034=CARTESIAN_POINT('',(-44.9650948867186,10.254739242408,0.));
#3035=CARTESIAN_POINT('',(-10.4344892593709,5.01468114030251,0.));
#3036=CARTESIAN_POINT('',(-27.1703640123152,5.01468114030251,0.));
#3037=CARTESIAN_POINT('',(-10.4344892593709,11.0732373964637,0.));
#3038=CARTESIAN_POINT('',(-10.4344892593709,5.01468114030251,0.));
#3039=CARTESIAN_POINT('',(-21.3429435122448,11.0732373964637,0.));
#3040=CARTESIAN_POINT('',(-10.4344892593709,11.0732373964637,0.));
#3041=CARTESIAN_POINT('',(-21.3429435122448,12.5090900334854,0.));
#3042=CARTESIAN_POINT('',(-21.3429435122448,11.0732373964637,0.));
#3043=CARTESIAN_POINT('',(-16.9821864744222,12.5090900334854,0.));
#3044=CARTESIAN_POINT('',(-21.3429435122448,12.5090900334854,0.));
#3045=CARTESIAN_POINT('',(-16.9821864744222,20.5254625886884,0.));
#3046=CARTESIAN_POINT('',(-16.9821864744222,12.5090900334854,0.));
#3047=CARTESIAN_POINT('',(-19.3920746501111,20.5254625886884,0.));
#3048=CARTESIAN_POINT('',(-16.9821864744222,20.5254625886884,0.));
#3049=CARTESIAN_POINT('',(-19.3920746501111,21.6254625886884,0.));
#3050=CARTESIAN_POINT('',(-19.3920746501111,20.5254625886884,0.));
#3051=CARTESIAN_POINT('',(-14.1315142924159,21.6254625886884,0.));
#3052=CARTESIAN_POINT('',(-19.3920746501111,21.6254625886884,0.));
#3053=CARTESIAN_POINT('',(-9.92865767985529,22.4562485920354,0.));
#3054=CARTESIAN_POINT('',(-14.1315142924159,21.6254625886884,0.));
#3055=CARTESIAN_POINT('',(-9.47364216796283,20.5224326664924,0.));
#3056=CARTESIAN_POINT('',(-9.92865767985529,22.4562485920354,0.));
#3057=CARTESIAN_POINT('',(-13.5112649324763,20.5224326664924,0.));
#3058=CARTESIAN_POINT('',(-9.47364216796283,20.5224326664924,0.));
#3059=CARTESIAN_POINT('',(-13.5112649324763,17.9963617150503,0.));
#3060=CARTESIAN_POINT('',(-13.5112649324763,20.5224326664924,0.));
#3061=CARTESIAN_POINT('',(-9.88205241995662,17.9963617150503,0.));
#3062=CARTESIAN_POINT('',(-13.5112649324763,17.9963617150503,0.));
#3063=CARTESIAN_POINT('',(-9.88205241995662,19.1466039321331,0.));
#3064=CARTESIAN_POINT('',(-9.88205241995662,17.9963617150503,0.));
#3065=CARTESIAN_POINT('',(-12.3213591906666,19.1466039321331,0.));
#3066=CARTESIAN_POINT('',(-9.88205241995662,19.1466039321331,0.));
#3067=CARTESIAN_POINT('',(-12.3213591906666,19.384585080495,0.));
#3068=CARTESIAN_POINT('',(-12.3213591906666,19.1466039321331,0.));
#3069=CARTESIAN_POINT('',(-9.5449124597772,19.384585080495,0.));
#3070=CARTESIAN_POINT('',(-12.3213591906666,19.384585080495,0.));
#3071=CARTESIAN_POINT('',(-9.5449124597772,17.6084191595151,0.));
#3072=CARTESIAN_POINT('',(-9.5449124597772,19.384585080495,0.));
#3073=CARTESIAN_POINT('',(-16.5062241776983,17.6084191595151,0.));
#3074=CARTESIAN_POINT('',(-9.5449124597772,17.6084191595151,0.));
#3075=CARTESIAN_POINT('',(-16.5062241776983,16.528675935994,0.));
#3076=CARTESIAN_POINT('',(-16.5062241776983,17.6084191595151,0.));
#3077=CARTESIAN_POINT('',(-15.1634069277332,16.528675935994,0.));
#3078=CARTESIAN_POINT('',(-16.5062241776983,16.528675935994,0.));
#3079=CARTESIAN_POINT('',(-15.1634069277332,16.2708630252685,0.));
#3080=CARTESIAN_POINT('',(-15.1634069277332,16.528675935994,0.));
#3081=CARTESIAN_POINT('',(-16.5062241776983,16.2708630252685,0.));
#3082=CARTESIAN_POINT('',(-15.1634069277332,16.2708630252685,0.));
#3083=CARTESIAN_POINT('',(-16.5062241776983,14.954896674576,0.));
#3084=CARTESIAN_POINT('',(-16.5062241776983,16.2708630252685,0.));
#3085=CARTESIAN_POINT('',(-14.8024820023851,14.954896674576,0.));
#3086=CARTESIAN_POINT('',(-16.5062241776983,14.954896674576,0.));
#3087=CARTESIAN_POINT('',(-14.8024820023851,14.5953214603784,0.));
#3088=CARTESIAN_POINT('',(-14.8024820023851,14.954896674576,0.));
#3089=CARTESIAN_POINT('',(-16.5062241776983,14.5953214603784,0.));
#3090=CARTESIAN_POINT('',(-14.8024820023851,14.5953214603784,0.));
#3091=CARTESIAN_POINT('',(-16.5062241776983,13.890000847914,0.));
#3092=CARTESIAN_POINT('',(-16.5062241776983,14.5953214603784,0.));
#3093=CARTESIAN_POINT('',(-15.0099292413452,13.8900008479139,0.));
#3094=CARTESIAN_POINT('',(-16.5062241776983,13.890000847914,0.));
#3095=CARTESIAN_POINT('',(-15.0099292413452,13.7171281487805,0.));
#3096=CARTESIAN_POINT('',(-15.0099292413452,13.8900008479139,0.));
#3097=CARTESIAN_POINT('',(-16.5062241776983,13.7171281487805,0.));
#3098=CARTESIAN_POINT('',(-15.0099292413452,13.7171281487805,0.));
#3099=CARTESIAN_POINT('',(-16.5062241776983,12.8181901132866,0.));
#3100=CARTESIAN_POINT('',(-16.5062241776983,13.7171281487805,0.));
#3101=CARTESIAN_POINT('',(-15.0099292413452,12.8181901132866,0.));
#3102=CARTESIAN_POINT('',(-16.5062241776983,12.8181901132866,0.));
#3103=CARTESIAN_POINT('',(-15.0099292413452,12.6453174141531,0.));
#3104=CARTESIAN_POINT('',(-15.0099292413452,12.8181901132866,0.));
#3105=CARTESIAN_POINT('',(-16.5062241776983,12.6453174141531,0.));
#3106=CARTESIAN_POINT('',(-15.0099292413452,12.6453174141531,0.));
#3107=CARTESIAN_POINT('',(-16.5062241776983,11.920034753033,0.));
#3108=CARTESIAN_POINT('',(-16.5062241776983,12.6453174141531,0.));
#3109=CARTESIAN_POINT('',(-13.4742094114015,11.920034753033,0.));
#3110=CARTESIAN_POINT('',(-16.5062241776983,11.920034753033,0.));
#3111=CARTESIAN_POINT('',(-13.4742094114015,14.3684004769214,0.));
#3112=CARTESIAN_POINT('',(-13.4742094114015,11.920034753033,0.));
#3113=CARTESIAN_POINT('',(-14.1107844996125,14.3684004769214,0.));
#3114=CARTESIAN_POINT('',(-13.4742094114015,14.3684004769214,0.));
#3115=CARTESIAN_POINT('',(-14.1107844996125,14.5887533920713,0.));
#3116=CARTESIAN_POINT('',(-14.1107844996125,14.3684004769214,0.));
#3117=CARTESIAN_POINT('',(-13.7407390580514,14.5887533920713,0.));
#3118=CARTESIAN_POINT('',(-14.1107844996125,14.5887533920713,0.));
#3119=CARTESIAN_POINT('',(-13.7407390580514,16.2708630252685,0.));
#3120=CARTESIAN_POINT('',(-13.7407390580514,14.5887533920713,0.));
#3121=CARTESIAN_POINT('',(-14.2560327045216,16.2708630252685,0.));
#3122=CARTESIAN_POINT('',(-13.7407390580514,16.2708630252685,0.));
#3123=CARTESIAN_POINT('',(-14.2560327045216,16.528675935994,0.));
#3124=CARTESIAN_POINT('',(-14.2560327045216,16.2708630252685,0.));
#3125=CARTESIAN_POINT('',(-12.7885509361177,16.528675935994,0.));
#3126=CARTESIAN_POINT('',(-14.2560327045216,16.528675935994,0.));
#3127=CARTESIAN_POINT('',(-12.7885509361177,16.2708630252685,0.));
#3128=CARTESIAN_POINT('',(-12.7885509361177,16.528675935994,0.));
#3129=CARTESIAN_POINT('',(-12.8598456689883,16.2708630252685,0.));
#3130=CARTESIAN_POINT('',(-12.7885509361177,16.2708630252685,0.));
#3131=CARTESIAN_POINT('',(-12.8598456689883,14.389976529377,0.));
#3132=CARTESIAN_POINT('',(-12.8598456689883,16.2708630252685,0.));
#3133=CARTESIAN_POINT('',(-11.2310014047368,14.389976529377,0.));
#3134=CARTESIAN_POINT('',(-12.8598456689883,14.389976529377,0.));
#3135=CARTESIAN_POINT('',(-11.2310014047368,16.2708630252685,0.));
#3136=CARTESIAN_POINT('',(-11.2310014047368,14.389976529377,0.));
#3137=CARTESIAN_POINT('',(-11.8811767129061,16.2708630252685,0.));
#3138=CARTESIAN_POINT('',(-11.2310014047368,16.2708630252685,0.));
#3139=CARTESIAN_POINT('',(-11.8811767129061,16.528675935994,0.));
#3140=CARTESIAN_POINT('',(-11.8811767129061,16.2708630252685,0.));
#3141=CARTESIAN_POINT('',(-8.80598178498305,16.528675935994,0.));
#3142=CARTESIAN_POINT('',(-11.8811767129061,16.528675935994,0.));
#3143=CARTESIAN_POINT('',(-8.80598178498305,16.2708630252685,0.));
#3144=CARTESIAN_POINT('',(-8.80598178498305,16.528675935994,0.));
#3145=CARTESIAN_POINT('',(-10.8938614445574,16.2708630252685,0.));
#3146=CARTESIAN_POINT('',(-8.80598178498305,16.2708630252685,0.));
#3147=CARTESIAN_POINT('',(-10.8938614445574,13.9156667073237,0.));
#3148=CARTESIAN_POINT('',(-10.8938614445574,16.2708630252685,0.));
#3149=CARTESIAN_POINT('',(-11.2310014047368,13.9156667073237,0.));
#3150=CARTESIAN_POINT('',(-10.8938614445574,13.9156667073237,0.));
#3151=CARTESIAN_POINT('',(-11.2310014047368,14.1901989262358,0.));
#3152=CARTESIAN_POINT('',(-11.2310014047368,13.9156667073237,0.));
#3153=CARTESIAN_POINT('',(-12.8598456689883,14.1901989262358,0.));
#3154=CARTESIAN_POINT('',(-11.2310014047368,14.1901989262358,0.));
#3155=CARTESIAN_POINT('',(-12.8598456689883,11.7504576404367,0.));
#3156=CARTESIAN_POINT('',(-12.8598456689883,14.1901989262358,0.));
#3157=CARTESIAN_POINT('',(-11.2310014047368,11.7504576404367,0.));
#3158=CARTESIAN_POINT('',(-12.8598456689883,11.7504576404367,0.));
#3159=CARTESIAN_POINT('',(-11.2310014047368,13.5980857291996,0.));
#3160=CARTESIAN_POINT('',(-11.2310014047368,11.7504576404367,0.));
#3161=CARTESIAN_POINT('',(-10.8938614445574,13.5980857291996,0.));
#3162=CARTESIAN_POINT('',(-11.2310014047368,13.5980857291996,0.));
#3163=CARTESIAN_POINT('',(-10.8938614445574,11.9207905263338,0.));
#3164=CARTESIAN_POINT('',(-10.8938614445574,13.5980857291996,0.));
#3165=CARTESIAN_POINT('',(-10.2340934369937,11.9207905263338,0.));
#3166=CARTESIAN_POINT('',(-10.8938614445574,11.9207905263338,0.));
#3167=CARTESIAN_POINT('',(-10.2340934369937,13.4629083677192,0.));
#3168=CARTESIAN_POINT('',(-10.2340934369937,11.9207905263338,0.));
#3169=CARTESIAN_POINT('',(-10.0413287068205,13.4629083677192,0.));
#3170=CARTESIAN_POINT('',(-10.2340934369937,13.4629083677192,0.));
#3171=CARTESIAN_POINT('',(-10.0413287068205,11.9207905263338,0.));
#3172=CARTESIAN_POINT('',(-10.0413287068205,13.4629083677192,0.));
#3173=CARTESIAN_POINT('',(-9.2234695249235,11.9207905263338,0.));
#3174=CARTESIAN_POINT('',(-10.0413287068205,11.9207905263338,0.));
#3175=CARTESIAN_POINT('',(-9.2234695249235,13.4629083677192,0.));
#3176=CARTESIAN_POINT('',(-9.2234695249235,11.9207905263338,0.));
#3177=CARTESIAN_POINT('',(-9.03070479475032,13.4629083677192,0.));
#3178=CARTESIAN_POINT('',(-9.2234695249235,13.4629083677192,0.));
#3179=CARTESIAN_POINT('',(-9.03070479475032,11.9207905263338,0.));
#3180=CARTESIAN_POINT('',(-9.03070479475032,13.4629083677192,0.));
#3181=CARTESIAN_POINT('',(-8.21284561285332,11.9207905263338,0.));
#3182=CARTESIAN_POINT('',(-9.03070479475032,11.9207905263338,0.));
#3183=CARTESIAN_POINT('',(-8.21284561285332,13.4629083677192,0.));
#3184=CARTESIAN_POINT('',(-8.21284561285332,11.9207905263338,0.));
#3185=CARTESIAN_POINT('',(-8.02008088268014,13.4629083677192,0.));
#3186=CARTESIAN_POINT('',(-8.21284561285332,13.4629083677192,0.));
#3187=CARTESIAN_POINT('',(-8.02008088268014,11.9207905263338,0.));
#3188=CARTESIAN_POINT('',(-8.02008088268014,13.4629083677192,0.));
#3189=CARTESIAN_POINT('',(-7.35836113222341,11.9207905263338,0.));
#3190=CARTESIAN_POINT('',(-8.02008088268014,11.9207905263338,0.));
#3191=CARTESIAN_POINT('',(-7.35836113222341,13.4629083677192,0.));
#3192=CARTESIAN_POINT('',(-7.35836113222341,11.9207905263338,0.));
#3193=CARTESIAN_POINT('',(-7.16559640205023,13.4629083677192,0.));
#3194=CARTESIAN_POINT('',(-7.35836113222341,13.4629083677192,0.));
#3195=CARTESIAN_POINT('',(-7.16559640205023,11.9207905263338,0.));
#3196=CARTESIAN_POINT('',(-7.16559640205023,13.4629083677192,0.));
#3197=CARTESIAN_POINT('',(-6.58967266533338,11.9207905263338,0.));
#3198=CARTESIAN_POINT('',(-7.16559640205023,11.9207905263338,0.));
#3199=CARTESIAN_POINT('',(-6.58967266533338,14.6173386425638,0.));
#3200=CARTESIAN_POINT('',(-6.58967266533338,11.9207905263338,0.));
#3201=CARTESIAN_POINT('',(-9.88161234486586,14.6173386425638,0.));
#3202=CARTESIAN_POINT('',(-6.58967266533338,14.6173386425638,0.));
#3203=CARTESIAN_POINT('',(-9.88161234486586,15.3069544647584,0.));
#3204=CARTESIAN_POINT('',(-9.88161234486586,14.6173386425638,0.));
#3205=CARTESIAN_POINT('',(-7.38338144182145,15.3069544647584,0.));
#3206=CARTESIAN_POINT('',(-9.88161234486586,15.3069544647584,0.));
#3207=CARTESIAN_POINT('',(-7.38338144182145,16.2708630252685,0.));
#3208=CARTESIAN_POINT('',(-7.38338144182145,15.3069544647584,0.));
#3209=CARTESIAN_POINT('',(-7.89860756177145,16.2708630252685,0.));
#3210=CARTESIAN_POINT('',(-7.38338144182145,16.2708630252685,0.));
#3211=CARTESIAN_POINT('',(-7.89860756177145,16.528675935994,0.));
#3212=CARTESIAN_POINT('',(-7.89860756177145,16.2708630252685,0.));
#3213=CARTESIAN_POINT('',(-6.9913850955478,16.528675935994,0.));
#3214=CARTESIAN_POINT('',(-7.89860756177145,16.528675935994,0.));
#3215=CARTESIAN_POINT('',(-6.9913850955478,16.2708630252685,0.));
#3216=CARTESIAN_POINT('',(-6.9913850955478,16.528675935994,0.));
#3217=CARTESIAN_POINT('',(-7.16218391394773,16.2708630252685,0.));
#3218=CARTESIAN_POINT('',(-6.9913850955478,16.2708630252685,0.));
#3219=CARTESIAN_POINT('',(-7.16218391394773,14.8125129318641,0.));
#3220=CARTESIAN_POINT('',(-7.16218391394773,16.2708630252685,0.));
#3221=CARTESIAN_POINT('',(-6.58967266533338,14.8125129318641,0.));
#3222=CARTESIAN_POINT('',(-7.16218391394773,14.8125129318641,0.));
#3223=CARTESIAN_POINT('',(-6.58967266533338,16.528675935994,0.));
#3224=CARTESIAN_POINT('',(-6.58967266533338,14.8125129318641,0.));
#3225=CARTESIAN_POINT('',(-6.13463857477721,16.528675935994,0.));
#3226=CARTESIAN_POINT('',(-6.58967266533338,16.528675935994,0.));
#3227=CARTESIAN_POINT('',(-6.13463857477721,11.0732373964637,0.));
#3228=CARTESIAN_POINT('',(-6.13463857477721,16.528675935994,0.));
#3229=CARTESIAN_POINT('',(-10.1748330661602,11.0732373964637,0.));
#3230=CARTESIAN_POINT('',(-6.13463857477721,11.0732373964637,0.));
#3231=CARTESIAN_POINT('',(-10.1748330661602,5.01468114030251,0.));
#3232=CARTESIAN_POINT('',(-10.1748330661602,11.0732373964637,0.));
#3233=CARTESIAN_POINT('',(-2.95664439344054,5.01468114030252,0.));
#3234=CARTESIAN_POINT('',(-10.1748330661602,5.01468114030251,0.));
#3235=CARTESIAN_POINT('',(-2.95664439344055,11.0732373964637,0.));
#3236=CARTESIAN_POINT('',(-2.95664439344054,5.01468114030252,0.));
#3237=CARTESIAN_POINT('',(-31.8460587245339,38.7536684517956,0.));
#3238=CARTESIAN_POINT('',(-32.9460587245339,38.7536684517956,0.));
#3239=CARTESIAN_POINT('',(-31.8460587245339,36.6766500548469,0.));
#3240=CARTESIAN_POINT('',(-31.8460587245339,38.7536684517956,0.));
#3241=CARTESIAN_POINT('',(-31.6011700368773,35.5553176429454,0.));
#3242=CARTESIAN_POINT('',(-31.8460587245339,36.6766500548469,0.));
#3243=CARTESIAN_POINT('',(-32.675840577905,35.320619478813,0.));
#3244=CARTESIAN_POINT('',(-31.6011700368773,35.5553176429454,0.));
#3245=CARTESIAN_POINT('',(-32.9460587245339,36.557934150219,0.));
#3246=CARTESIAN_POINT('',(-32.675840577905,35.320619478813,0.));
#3247=CARTESIAN_POINT('',(-32.0416496685349,63.8212273107119,0.));
#3248=CARTESIAN_POINT('',(-32.0416496685349,46.9613442599936,0.));
#3249=CARTESIAN_POINT('',(-30.1146668352416,64.2499719480875,0.));
#3250=CARTESIAN_POINT('',(-32.0416496685349,63.8212273107119,0.));
#3251=CARTESIAN_POINT('',(-25.6092462454796,64.7756862565378,0.));
#3252=CARTESIAN_POINT('',(-30.1146668352416,64.2499719480875,0.));
#3253=CARTESIAN_POINT('',(-19.9452009821227,59.9966480655804,0.));
#3254=CARTESIAN_POINT('',(-25.6092462454796,64.7756862565378,0.));
#3255=CARTESIAN_POINT('',(-23.1156517235499,59.9966480655804,0.));
#3256=CARTESIAN_POINT('',(-19.9452009821227,59.9966480655804,0.));
#3257=CARTESIAN_POINT('',(-25.2010702071133,47.0674466351525,0.));
#3258=CARTESIAN_POINT('',(-23.1156517235499,59.9966480655804,0.));
#3259=CARTESIAN_POINT('',(-29.9948887291084,47.7722483732415,0.));
#3260=CARTESIAN_POINT('',(-25.2010702071133,47.0674466351525,0.));
#3261=CARTESIAN_POINT('',(-29.9948887291084,61.1748752270914,0.));
#3262=CARTESIAN_POINT('',(-29.9948887291084,47.7722483732415,0.));
#3263=CARTESIAN_POINT('',(-30.2633803548194,61.1748752270914,0.));
#3264=CARTESIAN_POINT('',(-29.9948887291084,61.1748752270914,0.));
#3265=CARTESIAN_POINT('',(-30.2633803548194,46.6998977122475,0.));
#3266=CARTESIAN_POINT('',(-30.2633803548194,61.1748752270914,0.));
#3267=CARTESIAN_POINT('',(-25.4424050976972,45.9911033085976,0.));
#3268=CARTESIAN_POINT('',(-30.2633803548194,46.6998977122475,0.));
#3269=CARTESIAN_POINT('',(-25.4424050976972,44.5730588411725,0.));
#3270=CARTESIAN_POINT('',(-25.4424050976972,45.9911033085976,0.));
#3271=CARTESIAN_POINT('',(-24.2424050976972,44.5730588411725,0.));
#3272=CARTESIAN_POINT('',(-25.4424050976972,44.5730588411725,0.));
#3273=CARTESIAN_POINT('',(-24.2424050976972,46.1030541876048,0.));
#3274=CARTESIAN_POINT('',(-24.2424050976972,44.5730588411725,0.));
#3275=CARTESIAN_POINT('',(-22.1788594651307,58.8966480655804,0.));
#3276=CARTESIAN_POINT('',(-24.2424050976972,46.1030541876048,0.));
#3277=CARTESIAN_POINT('',(-18.2125069924316,58.8966480655804,0.));
#3278=CARTESIAN_POINT('',(-22.1788594651307,58.8966480655804,0.));
#3279=CARTESIAN_POINT('',(-18.2125069924316,59.9739289840913,0.));
#3280=CARTESIAN_POINT('',(-18.2125069924316,58.8966480655804,0.));
#3281=CARTESIAN_POINT('',(-25.26380027723,65.9234576931399,0.));
#3282=CARTESIAN_POINT('',(-18.2125069924316,59.9739289840913,0.));
#3283=CARTESIAN_POINT('',(-30.2996536293787,65.3358499194067,0.));
#3284=CARTESIAN_POINT('',(-25.26380027723,65.9234576931399,0.));
#3285=CARTESIAN_POINT('',(-33.1083913571099,64.7038839306672,0.));
#3286=CARTESIAN_POINT('',(-30.2996536293787,65.3358499194067,0.));
#3287=CARTESIAN_POINT('',(-33.3477432569527,46.9613442599936,0.));
#3288=CARTESIAN_POINT('',(-33.1083913571099,64.7038839306672,0.));
#3289=CARTESIAN_POINT('',(-16.2755533566684,38.3688485906289,0.));
#3290=CARTESIAN_POINT('',(-16.2755533566684,39.4688485906289,0.));
#3291=CARTESIAN_POINT('',(-18.4408584238866,38.3688485906289,0.));
#3292=CARTESIAN_POINT('',(-16.2755533566684,38.3688485906289,0.));
#3293=CARTESIAN_POINT('',(-18.4408584238866,40.488083337268,0.));
#3294=CARTESIAN_POINT('',(-18.4408584238866,38.3688485906289,0.));
#3295=CARTESIAN_POINT('',(-17.3408584238866,40.488083337268,0.));
#3296=CARTESIAN_POINT('',(-18.4408584238866,40.488083337268,0.));
#3297=CARTESIAN_POINT('',(-17.3408584238866,39.4688485906289,0.));
#3298=CARTESIAN_POINT('',(-17.3408584238866,40.488083337268,0.));
#3299=CARTESIAN_POINT('',(-2.99364059405253,32.1988156784884,0.));
#3300=CARTESIAN_POINT('',(-2.99364059405253,23.9786363260095,0.));
#3301=CARTESIAN_POINT('',(-1.79364059405253,32.1988156784884,0.));
#3302=CARTESIAN_POINT('',(-2.99364059405253,32.1988156784884,0.));
#3303=CARTESIAN_POINT('',(-1.79364059405253,23.0001996201687,0.));
#3304=CARTESIAN_POINT('',(-1.79364059405253,32.1988156784884,0.));
#3305=CARTESIAN_POINT('',(-2.4384201744963,22.8504559162262,0.));
#3306=CARTESIAN_POINT('',(-1.79364059405253,23.0001996201687,0.));
#3307=CARTESIAN_POINT('',(-2.4384201744963,13.2857717965368,0.));
#3308=CARTESIAN_POINT('',(-2.4384201744963,22.8504559162262,0.));
#3309=CARTESIAN_POINT('',(-5.09442289260491,13.2857717965368,0.));
#3310=CARTESIAN_POINT('',(-2.4384201744963,13.2857717965368,0.));
#3311=CARTESIAN_POINT('',(-5.09442289260491,17.6084191595151,0.));
#3312=CARTESIAN_POINT('',(-5.09442289260491,13.2857717965368,0.));
#3313=CARTESIAN_POINT('',(-8.67767004875801,17.6084191595151,0.));
#3314=CARTESIAN_POINT('',(-5.09442289260491,17.6084191595151,0.));
#3315=CARTESIAN_POINT('',(-8.67767004875801,20.6797738647892,0.));
#3316=CARTESIAN_POINT('',(-8.67767004875801,17.6084191595151,0.));
#3317=CARTESIAN_POINT('',(-9.13268556065046,22.6135897903322,0.));
#3318=CARTESIAN_POINT('',(-8.67767004875801,20.6797738647892,0.));
#3319=CARTESIAN_POINT('',(-17.2908337103038,51.4568722640519,0.));
#3320=CARTESIAN_POINT('',(-17.2908337103038,45.3710397924903,0.));
#3321=CARTESIAN_POINT('',(-15.8689102356398,51.4568722640519,0.));
#3322=CARTESIAN_POINT('',(-17.2908337103038,51.4568722640519,0.));
#3323=CARTESIAN_POINT('',(-15.8689102356398,48.6699022537106,0.));
#3324=CARTESIAN_POINT('',(-15.8689102356398,51.4568722640519,0.));
#3325=CARTESIAN_POINT('',(-12.7406785913792,48.6699022537106,0.));
#3326=CARTESIAN_POINT('',(-15.8689102356398,48.6699022537106,0.));
#3327=CARTESIAN_POINT('',(-12.7406785913792,55.8363965660167,0.));
#3328=CARTESIAN_POINT('',(-12.7406785913792,48.6699022537106,0.));
#3329=CARTESIAN_POINT('',(-17.0633259543575,57.3720739186538,0.));
#3330=CARTESIAN_POINT('',(-12.7406785913792,55.8363965660167,0.));
#3331=CARTESIAN_POINT('',(-21.0447116834165,57.3720739186538,0.));
#3332=CARTESIAN_POINT('',(-17.0633259543575,57.3720739186538,0.));
#3333=CARTESIAN_POINT('',(-22.6372659750401,46.5085785722214,0.));
#3334=CARTESIAN_POINT('',(-21.0447116834165,57.3720739186538,0.));
#3335=CARTESIAN_POINT('',(-18.4908337103038,46.5085785722214,0.));
#3336=CARTESIAN_POINT('',(-22.6372659750401,46.5085785722214,0.));
#3337=CARTESIAN_POINT('',(-18.4908337103038,45.3710397924903,0.));
#3338=CARTESIAN_POINT('',(-18.4908337103038,46.5085785722214,0.));
#3339=CARTESIAN_POINT('',(-40.6259026811683,27.4144935637584,0.));
#3340=CARTESIAN_POINT('',(-39.5482532373631,27.6351101457875,0.));
#3341=CARTESIAN_POINT('',(-41.5099982409995,31.7330496739112,0.));
#3342=CARTESIAN_POINT('',(-40.6259026811683,27.4144935637584,0.));
#3343=CARTESIAN_POINT('',(-41.3838429782471,32.9104987929333,0.));
#3344=CARTESIAN_POINT('',(-41.5099982409995,31.7330496739112,0.));
#3345=CARTESIAN_POINT('',(-40.2901029089353,32.7933123569357,0.));
#3346=CARTESIAN_POINT('',(-41.3838429782471,32.9104987929333,0.));
#3347=CARTESIAN_POINT('',(-40.3980274804586,31.7860163560521,0.));
#3348=CARTESIAN_POINT('',(-40.2901029089353,32.7933123569357,0.));
#3349=CARTESIAN_POINT('',(-41.3338861304323,34.5234632479661,0.));
#3350=CARTESIAN_POINT('',(-40.2401460611205,34.4062768119684,0.));
#3351=CARTESIAN_POINT('',(-41.0815756049276,36.8783614860104,0.));
#3352=CARTESIAN_POINT('',(-41.3338861304323,34.5234632479661,0.));
#3353=CARTESIAN_POINT('',(-39.9878355356158,36.7611750500128,0.));
#3354=CARTESIAN_POINT('',(-41.0815756049276,36.8783614860104,0.));
#3355=CARTESIAN_POINT('',(-40.5965924769029,41.6857444536806,0.));
#3356=CARTESIAN_POINT('',(-39.5028524075911,41.5685580176829,0.));
#3357=CARTESIAN_POINT('',(-39.9646264881633,47.5840936819161,0.));
#3358=CARTESIAN_POINT('',(-40.5965924769029,41.6857444536806,0.));
#3359=CARTESIAN_POINT('',(-38.8708864188516,47.4669072459184,0.));
#3360=CARTESIAN_POINT('',(-39.9646264881633,47.5840936819161,0.));
#3361=CARTESIAN_POINT('',(-39.7539711585835,51.6567633871263,0.));
#3362=CARTESIAN_POINT('',(-38.6539711585835,51.6567633871263,0.));
#3363=CARTESIAN_POINT('',(-39.7539711585835,59.9425396839334,0.));
#3364=CARTESIAN_POINT('',(-39.7539711585835,51.6567633871263,0.));
#3365=CARTESIAN_POINT('',(-38.6539711585835,59.9425396839334,0.));
#3366=CARTESIAN_POINT('',(-39.7539711585835,59.9425396839334,0.));
#3367=CARTESIAN_POINT('',(-8.01459876191269,56.88238004267,0.));
#3368=CARTESIAN_POINT('',(-8.01459876191269,55.1485913218483,0.));
#3369=CARTESIAN_POINT('',(-11.1354184593918,56.88238004267,0.));
#3370=CARTESIAN_POINT('',(-8.01459876191269,56.88238004267,0.));
#3371=CARTESIAN_POINT('',(-16.5968529299802,59.1363053797383,0.));
#3372=CARTESIAN_POINT('',(-11.1354184593918,56.88238004267,0.));
#3373=CARTESIAN_POINT('',(-14.1695487208298,66.5049074432306,0.));
#3374=CARTESIAN_POINT('',(-16.5968529299802,59.1363053797383,0.));
#3375=CARTESIAN_POINT('',(-8.01459876191269,66.5049074432306,0.));
#3376=CARTESIAN_POINT('',(-14.1695487208298,66.5049074432306,0.));
#3377=CARTESIAN_POINT('',(-1.68626993091338,60.2632680482724,0.));
#3378=CARTESIAN_POINT('',(-8.01459876191269,66.5049074432306,0.));
#3379=CARTESIAN_POINT('',(-1.68626993091338,50.4673617756297,0.));
#3380=CARTESIAN_POINT('',(-1.68626993091338,60.2632680482724,0.));
#3381=CARTESIAN_POINT('',(-2.78626993091338,50.4673617756297,0.));
#3382=CARTESIAN_POINT('',(-1.68626993091338,50.4673617756297,0.));
#3383=CARTESIAN_POINT('',(-2.78626993091338,59.8031829291418,0.));
#3384=CARTESIAN_POINT('',(-2.78626993091338,50.4673617756297,0.));
#3385=CARTESIAN_POINT('',(-8.46579617436453,65.4049074432306,0.));
#3386=CARTESIAN_POINT('',(-2.78626993091338,59.8031829291418,0.));
#3387=CARTESIAN_POINT('',(-13.3737567427586,65.4049074432306,0.));
#3388=CARTESIAN_POINT('',(-8.46579617436453,65.4049074432306,0.));
#3389=CARTESIAN_POINT('',(-15.2322274922991,59.7631212392684,0.));
#3390=CARTESIAN_POINT('',(-13.3737567427586,65.4049074432306,0.));
#3391=CARTESIAN_POINT('',(-10.9173545928491,57.98238004267,0.));
#3392=CARTESIAN_POINT('',(-15.2322274922991,59.7631212392684,0.));
#3393=CARTESIAN_POINT('',(-6.91459876191269,57.98238004267,0.));
#3394=CARTESIAN_POINT('',(-10.9173545928491,57.98238004267,0.));
#3395=CARTESIAN_POINT('',(-6.91459876191269,54.0485913218483,0.));
#3396=CARTESIAN_POINT('',(-6.91459876191269,57.98238004267,0.));
#3397=CARTESIAN_POINT('',(-10.1951452268988,54.0485913218483,0.));
#3398=CARTESIAN_POINT('',(-6.91459876191269,54.0485913218483,0.));
#3399=CARTESIAN_POINT('',(-10.1951452268988,41.3649709913156,0.));
#3400=CARTESIAN_POINT('',(-10.1951452268988,50.4673617756297,0.));
#3401=CARTESIAN_POINT('',(-10.1951452268988,54.0485913218483,0.));
#3402=CARTESIAN_POINT('',(-11.2951452268988,41.3649709913156,0.));
#3403=CARTESIAN_POINT('',(-10.1951452268988,41.3649709913156,0.));
#3404=CARTESIAN_POINT('',(-11.2951452268988,55.1485913218483,0.));
#3405=CARTESIAN_POINT('',(-11.2951452268988,41.3649709913156,0.));
#3406=CARTESIAN_POINT('',(-5.00520123381904,40.620782589349,0.));
#3407=CARTESIAN_POINT('',(-6.05655814341318,40.9442770230702,0.));
#3408=CARTESIAN_POINT('',(-5.66257565902035,38.4843157074447,0.));
#3409=CARTESIAN_POINT('',(-5.00520123381904,40.620782589349,0.));
#3410=CARTESIAN_POINT('',(-6.71393256861449,38.807810141166,0.));
#3411=CARTESIAN_POINT('',(-5.66257565902035,38.4843157074447,0.));
#3412=CARTESIAN_POINT('',(-4.92547053008188,44.620311766397,0.));
#3413=CARTESIAN_POINT('',(-3.87411362048773,44.2968173326757,0.));
#3414=CARTESIAN_POINT('',(-3.98383949725977,47.6806126230688,0.));
#3415=CARTESIAN_POINT('',(-4.92547053008188,44.620311766397,0.));
#3416=CARTESIAN_POINT('',(-2.93248258766563,47.3571181893476,0.));
#3417=CARTESIAN_POINT('',(-3.98383949725977,47.6806126230688,0.));
#3418=CARTESIAN_POINT('',(-36.0892097399437,14.1154694339723,0.));
#3419=CARTESIAN_POINT('',(-35.7880698357069,15.1734461624859,0.));
#3420=CARTESIAN_POINT('',(-38.0155754957605,14.6637854636141,0.));
#3421=CARTESIAN_POINT('',(-36.0892097399437,14.1154694339723,0.));
#3422=CARTESIAN_POINT('',(-39.5893837502551,22.3513925079865,0.));
#3423=CARTESIAN_POINT('',(-38.0155754957605,14.6637854636141,0.));
#3424=CARTESIAN_POINT('',(-38.5117343064498,22.5720090900156,0.));
#3425=CARTESIAN_POINT('',(-39.5893837502551,22.3513925079865,0.));
#3426=CARTESIAN_POINT('',(-37.0719099224479,15.5388752597023,0.));
#3427=CARTESIAN_POINT('',(-38.5117343064498,22.5720090900156,0.));
#3428=CARTESIAN_POINT('',(-31.2290272841135,13.8757714590662,0.));
#3429=CARTESIAN_POINT('',(-31.5301671883504,12.8177947305527,0.));
#3430=CARTESIAN_POINT('',(-27.2095599372431,12.7316801201002,0.));
#3431=CARTESIAN_POINT('',(-31.2290272841135,13.8757714590662,0.));
#3432=CARTESIAN_POINT('',(-27.51069984148,11.6737033915867,0.));
#3433=CARTESIAN_POINT('',(-27.2095599372431,12.7316801201002,0.));
#3434=CARTESIAN_POINT('',(-25.3814659271479,36.5703682155119,0.));
#3435=CARTESIAN_POINT('',(-24.2814659271479,36.5703682155119,0.));
#3436=CARTESIAN_POINT('',(-25.3814659271479,39.6970504314311,0.));
#3437=CARTESIAN_POINT('',(-25.3814659271479,36.5703682155119,0.));
#3438=CARTESIAN_POINT('',(-24.2814659271479,39.6970504314311,0.));
#3439=CARTESIAN_POINT('',(-25.3814659271479,39.6970504314311,0.));
#3440=CARTESIAN_POINT('',(-24.2814659271479,32.7145790146815,0.));
#3441=CARTESIAN_POINT('',(-24.2814659271479,34.8096743119819,0.));
#3442=CARTESIAN_POINT('',(-22.3013109792287,32.0982393951305,0.));
#3443=CARTESIAN_POINT('',(-24.2814659271479,32.7145790146815,0.));
#3444=CARTESIAN_POINT('',(-22.6282251130004,31.0479407951408,0.));
#3445=CARTESIAN_POINT('',(-22.3013109792287,32.0982393951305,0.));
#3446=CARTESIAN_POINT('',(-25.3814659271479,31.9049097902728,0.));
#3447=CARTESIAN_POINT('',(-22.6282251130004,31.0479407951408,0.));
#3448=CARTESIAN_POINT('',(-25.3814659271479,34.8096743119819,0.));
#3449=CARTESIAN_POINT('',(-25.3814659271479,31.9049097902728,0.));
#3450=CARTESIAN_POINT('',(-13.3825857685931,29.2555430451185,0.));
#3451=CARTESIAN_POINT('',(-13.3902778882072,30.3555161499242,0.));
#3452=CARTESIAN_POINT('',(-16.7930481401778,29.2316936579046,0.));
#3453=CARTESIAN_POINT('',(-13.3825857685931,29.2555430451185,0.));
#3454=CARTESIAN_POINT('',(-17.9163739183303,29.581338105409,0.));
#3455=CARTESIAN_POINT('',(-16.7930481401778,29.2316936579046,0.));
#3456=CARTESIAN_POINT('',(-17.5894597845586,30.6316367053988,0.));
#3457=CARTESIAN_POINT('',(-17.9163739183303,29.581338105409,0.));
#3458=CARTESIAN_POINT('',(-16.6295721796822,30.3328637422915,0.));
#3459=CARTESIAN_POINT('',(-17.5894597845586,30.6316367053988,0.));
#3460=CARTESIAN_POINT('',(-11.4540049218185,30.3690565203185,0.));
#3461=CARTESIAN_POINT('',(-11.4463128022045,29.2690834155129,0.));
#3462=CARTESIAN_POINT('',(-9.44357593104796,30.3831154643099,0.));
#3463=CARTESIAN_POINT('',(-11.4540049218185,30.3690565203185,0.));
#3464=CARTESIAN_POINT('',(-8.78856131769204,32.2662824777082,0.));
#3465=CARTESIAN_POINT('',(-9.44357593104796,30.3831154643099,0.));
#3466=CARTESIAN_POINT('',(-7.74961484131526,31.9049097902728,0.));
#3467=CARTESIAN_POINT('',(-8.78856131769204,32.2662824777082,0.));
#3468=CARTESIAN_POINT('',(-8.65964586510017,29.2885705968912,0.));
#3469=CARTESIAN_POINT('',(-7.74961484131526,31.9049097902728,0.));
#3470=CARTESIAN_POINT('',(-44.9650948867186,33.1713669785244,0.));
#3471=CARTESIAN_POINT('',(-44.9650948867186,37.2897000522977,0.));
#3472=CARTESIAN_POINT('',(-46.0650948867186,33.1713669785244,0.));
#3473=CARTESIAN_POINT('',(-44.9650948867186,33.1713669785244,0.));
#3474=CARTESIAN_POINT('',(-46.0650948867186,37.2897000522977,0.));
#3475=CARTESIAN_POINT('',(-46.0650948867186,33.1713669785244,0.));
#3476=CARTESIAN_POINT('',(-44.9650948867186,32.0713669785244,0.));
#3477=CARTESIAN_POINT('',(-46.0650948867186,32.0713669785244,0.));
#3478=CARTESIAN_POINT('',(-44.9650948867186,27.2218382694757,0.));
#3479=CARTESIAN_POINT('',(-44.9650948867186,32.0713669785244,0.));
#3480=CARTESIAN_POINT('',(-46.0650948867186,27.2218382694757,0.));
#3481=CARTESIAN_POINT('',(-44.9650948867186,27.2218382694757,0.));
#3482=CARTESIAN_POINT('',(-32.9460587245339,43.7449041605604,0.));
#3483=CARTESIAN_POINT('',(-32.9460587245339,41.4513912126163,0.));
#3484=CARTESIAN_POINT('',(-31.8460587245339,43.7449041605604,0.));
#3485=CARTESIAN_POINT('',(-32.9460587245339,43.7449041605604,0.));
#3486=CARTESIAN_POINT('',(-31.8460587245339,41.4513912126163,0.));
#3487=CARTESIAN_POINT('',(-31.8460587245339,43.7449041605604,0.));
#3488=CARTESIAN_POINT('',(-31.6276035358056,30.5207972334105,0.));
#3489=CARTESIAN_POINT('',(-31.1171355481065,28.1833911844723,0.));
#3490=CARTESIAN_POINT('',(-30.5529329947779,30.755495397543,0.));
#3491=CARTESIAN_POINT('',(-31.6276035358056,30.5207972334105,0.));
#3492=CARTESIAN_POINT('',(-30.0424650070788,28.4180893486048,0.));
#3493=CARTESIAN_POINT('',(-30.5529329947779,30.755495397543,0.));
#3494=CARTESIAN_POINT('',(-29.4447143605215,20.5254625886884,0.));
#3495=CARTESIAN_POINT('',(-25.3831934889426,20.5254625886884,0.));
#3496=CARTESIAN_POINT('',(-29.8381749806459,22.3270980597844,0.));
#3497=CARTESIAN_POINT('',(-29.4447143605215,20.5254625886884,0.));
#3498=CARTESIAN_POINT('',(-28.7635044396182,22.5617962239168,0.));
#3499=CARTESIAN_POINT('',(-29.8381749806459,22.3270980597844,0.));
#3500=CARTESIAN_POINT('',(-28.5590177836487,21.6254625886884,0.));
#3501=CARTESIAN_POINT('',(-28.7635044396182,22.5617962239168,0.));
#3502=CARTESIAN_POINT('',(-25.3831934889426,21.6254625886884,0.));
#3503=CARTESIAN_POINT('',(-28.5590177836487,21.6254625886884,0.));
#3504=CARTESIAN_POINT('',(-43.608112098594,58.385338875446,0.));
#3505=CARTESIAN_POINT('',(-43.608112098594,52.2653574897167,0.));
#3506=CARTESIAN_POINT('',(-43.0483577035578,58.385338875446,0.));
#3507=CARTESIAN_POINT('',(-43.608112098594,58.385338875446,0.));
#3508=CARTESIAN_POINT('',(-43.0483577035578,52.2653574897167,0.));
#3509=CARTESIAN_POINT('',(-43.0483577035578,58.385338875446,0.));
#3510=CARTESIAN_POINT('',(-41.5929962764637,58.385338875446,0.));
#3511=CARTESIAN_POINT('',(-41.5929962764637,52.2653574897167,0.));
#3512=CARTESIAN_POINT('',(-41.0332418814275,58.385338875446,0.));
#3513=CARTESIAN_POINT('',(-41.5929962764637,58.385338875446,0.));
#3514=CARTESIAN_POINT('',(-41.0332418814275,52.2653574897167,0.));
#3515=CARTESIAN_POINT('',(-41.0332418814275,58.385338875446,0.));
#3516=CARTESIAN_POINT('',(-37.0403271968358,58.833142391475,0.));
#3517=CARTESIAN_POINT('',(-37.0403271968358,54.5790089891997,0.));
#3518=CARTESIAN_POINT('',(-36.4805728017996,58.833142391475,0.));
#3519=CARTESIAN_POINT('',(-37.0403271968358,58.833142391475,0.));
#3520=CARTESIAN_POINT('',(-36.4805728017996,54.5790089891997,0.));
#3521=CARTESIAN_POINT('',(-36.4805728017996,58.833142391475,0.));
#3522=CARTESIAN_POINT('',(-35.0998452940436,58.833142391475,0.));
#3523=CARTESIAN_POINT('',(-35.0998452940436,54.5790089891997,0.));
#3524=CARTESIAN_POINT('',(-34.5400908990074,58.833142391475,0.));
#3525=CARTESIAN_POINT('',(-35.0998452940436,58.833142391475,0.));
#3526=CARTESIAN_POINT('',(-34.5400908990074,54.5790089891997,0.));
#3527=CARTESIAN_POINT('',(-34.5400908990074,58.833142391475,0.));
#3528=CARTESIAN_POINT('',(-37.0403271968358,53.6834019571418,0.));
#3529=CARTESIAN_POINT('',(-37.0403271968358,49.4292685548665,0.));
#3530=CARTESIAN_POINT('',(-36.4805728017996,53.6834019571418,0.));
#3531=CARTESIAN_POINT('',(-37.0403271968358,53.6834019571418,0.));
#3532=CARTESIAN_POINT('',(-36.4805728017996,49.4292685548665,0.));
#3533=CARTESIAN_POINT('',(-36.4805728017996,53.6834019571418,0.));
#3534=CARTESIAN_POINT('',(-35.0998452940436,53.6834019571418,0.));
#3535=CARTESIAN_POINT('',(-35.0998452940436,48.1978088857868,0.));
#3536=CARTESIAN_POINT('',(-34.5400908990074,53.6834019571418,0.));
#3537=CARTESIAN_POINT('',(-35.0998452940436,53.6834019571418,0.));
#3538=CARTESIAN_POINT('',(-34.5400908990074,48.1978088857868,0.));
#3539=CARTESIAN_POINT('',(-34.5400908990074,53.6834019571418,0.));
#3540=CARTESIAN_POINT('',(-35.0998452940436,47.0409831360453,0.));
#3541=CARTESIAN_POINT('',(-35.0998452940436,42.78684973377,0.));
#3542=CARTESIAN_POINT('',(-34.5400908990074,47.0409831360453,0.));
#3543=CARTESIAN_POINT('',(-35.0998452940436,47.0409831360453,0.));
#3544=CARTESIAN_POINT('',(-34.5400908990074,42.78684973377,0.));
#3545=CARTESIAN_POINT('',(-34.5400908990074,47.0409831360453,0.));
#3546=CARTESIAN_POINT('',(-37.0403271968358,47.0409831360453,0.));
#3547=CARTESIAN_POINT('',(-37.0403271968358,42.78684973377,0.));
#3548=CARTESIAN_POINT('',(-36.4805728017996,47.0409831360453,0.));
#3549=CARTESIAN_POINT('',(-37.0403271968358,47.0409831360453,0.));
#3550=CARTESIAN_POINT('',(-36.4805728017996,42.78684973377,0.));
#3551=CARTESIAN_POINT('',(-36.4805728017996,47.0409831360453,0.));
#3552=CARTESIAN_POINT('',(-37.0403271968358,38.6819841701711,0.));
#3553=CARTESIAN_POINT('',(-37.0403271968358,34.4278507678958,0.));
#3554=CARTESIAN_POINT('',(-36.4805728017996,38.6819841701711,0.));
#3555=CARTESIAN_POINT('',(-37.0403271968358,38.6819841701711,0.));
#3556=CARTESIAN_POINT('',(-36.4805728017996,34.4278507678958,0.));
#3557=CARTESIAN_POINT('',(-36.4805728017996,38.6819841701711,0.));
#3558=CARTESIAN_POINT('',(-35.0998452940436,38.6819841701711,0.));
#3559=CARTESIAN_POINT('',(-35.0998452940436,34.4278507678958,0.));
#3560=CARTESIAN_POINT('',(-34.5400908990074,38.6819841701711,0.));
#3561=CARTESIAN_POINT('',(-35.0998452940436,38.6819841701711,0.));
#3562=CARTESIAN_POINT('',(-34.5400908990074,34.4278507678958,0.));
#3563=CARTESIAN_POINT('',(-34.5400908990074,38.6819841701711,0.));
#3564=CARTESIAN_POINT('',(-38.7127717921546,32.0566067775951,0.));
#3565=CARTESIAN_POINT('',(-37.859560546044,27.8889117822932,0.));
#3566=CARTESIAN_POINT('',(-38.1643908717202,32.1688714152412,0.));
#3567=CARTESIAN_POINT('',(-38.7127717921546,32.0566067775951,0.));
#3568=CARTESIAN_POINT('',(-37.3111796256096,28.0011764199393,0.));
#3569=CARTESIAN_POINT('',(-38.1643908717202,32.1688714152412,0.));
#3570=CARTESIAN_POINT('',(-36.5856821736342,32.4920649351744,0.));
#3571=CARTESIAN_POINT('',(-35.7324709275236,28.3243699398725,0.));
#3572=CARTESIAN_POINT('',(-36.0373012531997,32.6043295728206,0.));
#3573=CARTESIAN_POINT('',(-36.5856821736342,32.4920649351744,0.));
#3574=CARTESIAN_POINT('',(-35.1840900070892,28.4366345775187,0.));
#3575=CARTESIAN_POINT('',(-36.0373012531997,32.6043295728206,0.));
#3576=CARTESIAN_POINT('',(-34.5091750292505,32.917167839829,0.));
#3577=CARTESIAN_POINT('',(-33.6559637831399,28.7494728445271,0.));
#3578=CARTESIAN_POINT('',(-33.960794108816,33.0294324774751,0.));
#3579=CARTESIAN_POINT('',(-34.5091750292505,32.917167839829,0.));
#3580=CARTESIAN_POINT('',(-33.1075828627054,28.8617374821732,0.));
#3581=CARTESIAN_POINT('',(-33.960794108816,33.0294324774751,0.));
#3582=CARTESIAN_POINT('',(-42.1751095995565,25.0695899496612,0.));
#3583=CARTESIAN_POINT('',(-41.3218983534459,20.9018949543593,0.));
#3584=CARTESIAN_POINT('',(-41.626728679122,25.1818545873073,0.));
#3585=CARTESIAN_POINT('',(-42.1751095995565,25.0695899496612,0.));
#3586=CARTESIAN_POINT('',(-40.7735174330114,21.0141595920054,0.));
#3587=CARTESIAN_POINT('',(-41.626728679122,25.1818545873073,0.));
#3588=CARTESIAN_POINT('',(-40.4719681672917,17.9689188638284,0.));
#3589=CARTESIAN_POINT('',(-39.6187569211811,13.8012238685265,0.));
#3590=CARTESIAN_POINT('',(-39.9235872468572,18.0811835014745,0.));
#3591=CARTESIAN_POINT('',(-40.4719681672917,17.9689188638284,0.));
#3592=CARTESIAN_POINT('',(-39.0703760007467,13.9134885061726,0.));
#3593=CARTESIAN_POINT('',(-39.9235872468572,18.0811835014745,0.));
#3594=CARTESIAN_POINT('',(-26.6466100192012,29.0478796719927,0.));
#3595=CARTESIAN_POINT('',(-21.5387593031993,27.5673691723517,0.));
#3596=CARTESIAN_POINT('',(-26.4907791263737,29.5855056717388,0.));
#3597=CARTESIAN_POINT('',(-26.6466100192012,29.0478796719927,0.));
#3598=CARTESIAN_POINT('',(-21.3829284103719,28.1049951720978,0.));
#3599=CARTESIAN_POINT('',(-26.4907791263737,29.5855056717388,0.));
#3600=CARTESIAN_POINT('',(-27.2366815373998,27.0120972662251,0.));
#3601=CARTESIAN_POINT('',(-22.128830821398,25.5315867665841,0.));
#3602=CARTESIAN_POINT('',(-27.0808506445724,27.5497232659711,0.));
#3603=CARTESIAN_POINT('',(-27.2366815373998,27.0120972662251,0.));
#3604=CARTESIAN_POINT('',(-21.9729999285705,26.0692127663302,0.));
#3605=CARTESIAN_POINT('',(-27.0808506445724,27.5497232659711,0.));
#3606=CARTESIAN_POINT('',(-27.9190422918587,24.6579114167633,0.));
#3607=CARTESIAN_POINT('',(-22.8111915758569,23.1774009171223,0.));
#3608=CARTESIAN_POINT('',(-27.7632113990312,25.1955374165093,0.));
#3609=CARTESIAN_POINT('',(-27.9190422918587,24.6579114167633,0.));
#3610=CARTESIAN_POINT('',(-22.6553606830294,23.7150269168684,0.));
#3611=CARTESIAN_POINT('',(-27.7632113990312,25.1955374165093,0.));
#3612=CARTESIAN_POINT('',(-32.5693422300597,16.1430818641298,0.));
#3613=CARTESIAN_POINT('',(-25.4483453574321,14.0790609629692,0.));
#3614=CARTESIAN_POINT('',(-32.4135113372322,16.6807078638759,0.));
#3615=CARTESIAN_POINT('',(-32.5693422300597,16.1430818641298,0.));
#3616=CARTESIAN_POINT('',(-25.2925144646046,14.6166869627153,0.));
#3617=CARTESIAN_POINT('',(-32.4135113372322,16.6807078638759,0.));
#3618=CARTESIAN_POINT('',(-31.9648969220146,18.2284547137186,0.));
#3619=CARTESIAN_POINT('',(-24.843900049387,16.164433812558,0.));
#3620=CARTESIAN_POINT('',(-31.8090660291871,18.7660807134646,0.));
#3621=CARTESIAN_POINT('',(-31.9648969220146,18.2284547137186,0.));
#3622=CARTESIAN_POINT('',(-24.6880691565595,16.7020598123041,0.));
#3623=CARTESIAN_POINT('',(-31.8090660291871,18.7660807134646,0.));
#3624=CARTESIAN_POINT('',(-36.9499272712964,12.0774575767698,0.));
#3625=CARTESIAN_POINT('',(-27.15755154887,9.23913753189002,0.));
#3626=CARTESIAN_POINT('',(-36.7940963784689,12.6150835765159,0.));
#3627=CARTESIAN_POINT('',(-36.9499272712964,12.0774575767698,0.));
#3628=CARTESIAN_POINT('',(-27.0017206560425,9.77676353163609,0.));
#3629=CARTESIAN_POINT('',(-36.7940963784689,12.6150835765159,0.));
#3630=CARTESIAN_POINT('',(-37.6322880257553,9.723271727308,0.));
#3631=CARTESIAN_POINT('',(-27.8399123033289,6.88495168242821,0.));
#3632=CARTESIAN_POINT('',(-37.4764571329278,10.2608977270541,0.));
#3633=CARTESIAN_POINT('',(-37.6322880257553,9.723271727308,0.));
#3634=CARTESIAN_POINT('',(-27.6840814105014,7.42257768217429,0.));
#3635=CARTESIAN_POINT('',(-37.4764571329278,10.2608977270541,0.));
#3636=CARTESIAN_POINT('',(-12.2618493894897,27.6569253752078,0.));
#3637=CARTESIAN_POINT('',(-12.2618493894897,27.0225370608334,0.));
#3638=CARTESIAN_POINT('',(-5.05967617335715,27.6569253752078,0.));
#3639=CARTESIAN_POINT('',(-12.2618493894897,27.6569253752078,0.));
#3640=CARTESIAN_POINT('',(-5.05967617335715,27.0225370608334,0.));
#3641=CARTESIAN_POINT('',(-5.05967617335715,27.6569253752078,0.));
#3642=CARTESIAN_POINT('',(-12.2618493894897,25.4179077950629,0.));
#3643=CARTESIAN_POINT('',(-12.2618493894897,24.7835194806885,0.));
#3644=CARTESIAN_POINT('',(-6.21650192309864,25.4179077950629,0.));
#3645=CARTESIAN_POINT('',(-12.2618493894897,25.4179077950629,0.));
#3646=CARTESIAN_POINT('',(-6.21650192309864,24.7835194806885,0.));
#3647=CARTESIAN_POINT('',(-6.21650192309864,25.4179077950629,0.));
#3648=CARTESIAN_POINT('',(-13.6425768972457,25.4179077950629,0.));
#3649=CARTESIAN_POINT('',(-13.6425768972457,24.7835194806885,0.));
#3650=CARTESIAN_POINT('',(-19.6879243636368,25.4179077950629,0.));
#3651=CARTESIAN_POINT('',(-13.6425768972457,25.4179077950629,0.));
#3652=CARTESIAN_POINT('',(-19.6879243636368,24.7835194806885,0.));
#3653=CARTESIAN_POINT('',(-19.6879243636368,25.4179077950629,0.));
#3654=CARTESIAN_POINT('',(-13.6425768972457,27.6569253752078,0.));
#3655=CARTESIAN_POINT('',(-13.6425768972457,27.0225370608334,0.));
#3656=CARTESIAN_POINT('',(-19.0202279759367,27.6569253752078,0.));
#3657=CARTESIAN_POINT('',(-13.6425768972457,27.6569253752078,0.));
#3658=CARTESIAN_POINT('',(-19.0202279759367,27.0225370608334,0.));
#3659=CARTESIAN_POINT('',(-19.0202279759367,27.6569253752078,0.));
#3660=CARTESIAN_POINT('',(-18.3585443538849,14.4217344697995,0.));
#3661=CARTESIAN_POINT('',(-18.3585443538849,13.7873461554252,0.));
#3662=CARTESIAN_POINT('',(-23.7361954325759,14.4217344697995,0.));
#3663=CARTESIAN_POINT('',(-18.3585443538849,14.4217344697995,0.));
#3664=CARTESIAN_POINT('',(-23.7361954325759,13.7873461554252,0.));
#3665=CARTESIAN_POINT('',(-23.7361954325759,14.4217344697995,0.));
#3666=CARTESIAN_POINT('',(-18.3585443538849,16.5100190466757,0.));
#3667=CARTESIAN_POINT('',(-18.3585443538849,15.8756307323013,0.));
#3668=CARTESIAN_POINT('',(-22.7443405097077,16.5100190466757,0.));
#3669=CARTESIAN_POINT('',(-18.3585443538849,16.5100190466757,0.));
#3670=CARTESIAN_POINT('',(-22.7443405097077,15.8756307323013,0.));
#3671=CARTESIAN_POINT('',(-22.7443405097077,16.5100190466757,0.));
#3672=CARTESIAN_POINT('',(-19.2600879978439,9.69762317714481,0.));
#3673=CARTESIAN_POINT('',(-19.2600879978439,9.06323486277043,0.));
#3674=CARTESIAN_POINT('',(-24.6377390765349,9.69762317714481,0.));
#3675=CARTESIAN_POINT('',(-19.2600879978439,9.69762317714481,0.));
#3676=CARTESIAN_POINT('',(-24.6377390765349,9.06323486277043,0.));
#3677=CARTESIAN_POINT('',(-24.6377390765349,9.69762317714481,0.));
#3678=CARTESIAN_POINT('',(-19.2600879978439,7.45860559699992,0.));
#3679=CARTESIAN_POINT('',(-19.2600879978439,6.82421728262554,0.));
#3680=CARTESIAN_POINT('',(-25.305435464235,7.45860559699992,0.));
#3681=CARTESIAN_POINT('',(-19.2600879978439,7.45860559699992,0.));
#3682=CARTESIAN_POINT('',(-25.305435464235,6.82421728262554,0.));
#3683=CARTESIAN_POINT('',(-25.305435464235,7.45860559699992,0.));
#3684=CARTESIAN_POINT('',(-18.1816278634075,9.69762317714481,0.));
#3685=CARTESIAN_POINT('',(-18.1816278634075,9.06323486277043,0.));
#3686=CARTESIAN_POINT('',(-12.1362803970164,9.69762317714481,0.));
#3687=CARTESIAN_POINT('',(-18.1816278634075,9.69762317714481,0.));
#3688=CARTESIAN_POINT('',(-12.1362803970164,9.06323486277043,0.));
#3689=CARTESIAN_POINT('',(-12.1362803970164,9.69762317714481,0.));
#3690=CARTESIAN_POINT('',(-18.1816278634075,7.45860559699992,0.));
#3691=CARTESIAN_POINT('',(-18.1816278634075,6.82421728262554,0.));
#3692=CARTESIAN_POINT('',(-12.1362803970164,7.45860559699992,0.));
#3693=CARTESIAN_POINT('',(-18.1816278634075,7.45860559699992,0.));
#3694=CARTESIAN_POINT('',(-12.1362803970164,6.82421728262554,0.));
#3695=CARTESIAN_POINT('',(-12.1362803970164,7.45860559699992,0.));
#3696=CARTESIAN_POINT('',(0.,0.,0.));
ENDSEC;
END-ISO-10303-21;
