
CASCADE Topology V3, (c) Open Cascade
Locations 0
Curve2ds 0
Curves 1696
1 9.3998019999999993 68.661949000000007 0 -0.68480181545272212 0.72872935548985263 0 
1 8.4105329999999991 69.714675999999997 0 1 0 0 
1 9.3998019999999993 69.714675999999997 0 0 -1 0 
1 9.424747 67.925774000000004 0 -0.4931976601800217 0.8699172765228611 0 
1 8.4105329999999991 69.714675999999997 0 0.68480181545272212 -0.72872935548985263 0 
1 9.3998019999999993 68.661949000000007 0 0.033865170391261044 -0.99942641061479398 0 
1 10.409378999999999 69.714675999999997 0 0 -1 0 
1 10.409378999999999 68.661949000000007 0 -1 0 0 
1 9.5657599999999992 68.661949000000007 0 0 1 0 
1 9.5657599999999992 69.714675999999997 0 1 0 0 
1 9.5657599999999992 68.661949000000007 0 1 0 0 
1 10.409378999999999 68.661949000000007 0 0.36090599782183064 -0.93260219854782078 0 
1 10.694269999999999 67.925774000000004 0 -1 0 0 
1 9.424747 67.925774000000004 0 0.1881280191509021 0.98214451503348421 0 
1 9.424747 67.925774000000004 0 -0.033865170391261044 0.99942641061479398 0 
1 9.3998019999999993 68.661949000000007 0 1 0 0 
1 9.5657599999999992 68.661949000000007 0 -0.1881280191509021 -0.98214451503348421 0 
1 8.4105329999999991 69.714675999999997 0 0.40840142243410699 -0.91280243106260306 0 
1 9.424747 67.447845000000001 0 -0.09950371902100065 -0.99503719020998893 0 
1 9.3642939999999992 66.843315000000004 0 -0.3152283241981847 0.94901586057515619 0 
1 10.361776000000001 67.447845000000001 0 -0.72414037271157139 -0.68965260864376243 0 
1 9.7270149999999997 66.843315000000004 0 -0.44721714638885962 0.89442541554665433 0 
1 9.424747 67.447845000000001 0 1 0 0 
1 9.424747 67.447845000000001 0 0.44721714638885962 -0.89442541554665433 0 
1 9.7270149999999997 66.843315000000004 0 -1 0 0 
1 9.3642939999999992 66.843315000000004 0 0.09950371902100065 0.99503719020998893 0 
1 9.424747 67.925774000000004 0 0 -1 0 
1 9.424747 67.447845000000001 0 -0.40840142243410699 0.91280243106260306 0 
1 8.4105329999999991 69.714675999999997 0 0.4931976601800217 -0.8699172765228611 0 
1 9.7270149999999997 66.843315000000004 0 0.83204666440384711 -0.55470564108762388 0 
1 10.361776000000001 66.420135000000002 0 0.11728068999007236 -0.99309880664285 0 
1 10.433763000000001 65.810569999999998 0 -0.56475630356903894 0.82525772797292574 0 
1 10.433763000000001 65.810569999999998 0 -0.11728068999007236 0.99309880664285 0 
1 10.361776000000001 66.420135000000002 0 0.36362998335506164 -0.9315434693052157 0 
1 10.599721000000001 65.810569999999998 0 -1 0 0 
1 10.409378999999999 68.661949000000007 0 1 0 0 
1 10.575336 68.661949000000007 0 0.15948872890730803 -0.98719974946893674 0 
1 10.694269999999999 67.925774000000004 0 -0.36090599782183064 0.93260219854782078 0 
1 9.7270149999999997 66.843315000000004 0 0.72414037271157139 0.68965260864376243 0 
1 10.361776000000001 67.447845000000001 0 0 -1 0 
1 10.361776000000001 66.420135000000002 0 -0.83204666440384711 0.55470564108762388 0 
1 10.433763000000001 65.810569999999998 0 -0.47064588692201698 -0.88232219122233801 0 
1 9.7270149999999997 64.485625999999996 0 0 1 0 
1 9.7270149999999997 66.843315000000004 0 0.56475630356903894 -0.82525772797292574 0 
1 9.3642939999999992 63.941547 0 -0.16299754483893977 0.98662647459739183 0 
1 8.4105329999999991 69.714675999999997 0 0.3152283241981847 -0.94901586057515619 0 
1 9.3642939999999992 66.843315000000004 0 0 -1 0 
1 11.335977 68.793327000000005 0 0 -1 0 
1 11.335977 68.592796000000007 0 -0.99589275571930402 0.090540704138032377 0 
1 10.575336 68.661949000000007 0 0.98540953123550645 0.17020004626973362 0 
1 10.575336 69.714675999999997 0 1 0 0 
1 12.176793 69.714675999999997 0 0 -1 0 
1 12.176793 68.793327000000005 0 -1 0 0 
1 11.335977 68.793327000000005 0 -0.6366459100951789 0.77115626507153612 0 
1 11.335977 68.592796000000007 0 0 -1 0 
1 11.335977 67.728431999999998 0 -0.95582350568952912 0.29394119475054636 0 
1 10.694269999999999 67.925774000000004 0 0.69329938692995507 0.72064967916633971 0 
1 11.335977 68.592796000000007 0 -0.69329938692995507 -0.72064967916633971 0 
1 10.694269999999999 67.925774000000004 0 -0.15948872890730803 0.98719974946893674 0 
1 10.575336 68.661949000000007 0 0.99589275571930402 -0.090540704138032377 0 
1 12.480905 63.941547 0 0 1 0 
1 12.480905 70.029747 0 0.35204610957300658 -0.93598265835137695 0 
1 13.704406000000001 66.776832999999996 0 -0.39621027127203207 -0.91815980141723852 0 
1 12.176793 68.592796000000007 0 0 -1 0 
1 12.176793 67.728431999999998 0 -1 0 0 
1 11.335977 67.728431999999998 0 0 1 0 
1 11.335977 68.592796000000007 0 1 0 0 
1 10.694269999999999 67.925774000000004 0 0.84989399614682892 -0.52695369370901457 0 
1 11.335977 67.527901 0 -0.6167979480798208 -0.78712152253925993 0 
1 10.694269999999999 66.708991999999995 0 0 1 0 
1 10.361776000000001 66.420135000000002 0 1 0 0 
1 12.175381 66.420135000000002 0 -0.80588906718744857 -0.59206655993033741 0 
1 11.345674000000001 65.810569999999998 0 -1 0 0 
1 10.599721000000001 65.810569999999998 0 -0.36362998335506164 0.9315434693052157 0 
1 12.176793 66.708991999999995 0 -1 0 0 
1 10.694269999999999 66.708991999999995 0 0.6167979480798208 0.78712152253925993 0 
1 11.335977 67.527901 0 1 0 0 
1 12.176793 67.527901 0 0 -1 0 
1 11.335977 67.728431999999998 0 0 -1 0 
1 11.335977 67.527901 0 -0.84989399614682892 0.52695369370901457 0 
1 10.694269999999999 67.925774000000004 0 0.95582350568952912 -0.29394119475054636 0 
1 12.175381 66.420135000000002 0 -0.7365301140687468 -0.6764047538788287 0 
1 11.511632000000001 65.810569999999998 0 -1 0 0 
1 11.345674000000001 65.810569999999998 0 0.80588906718744857 0.59206655993033741 0 
1 12.480905 70.029747 0 1 0 0 
1 14.764068 70.029747 0 -0.30973766857487167 -0.95082205310236834 0 
1 13.704406000000001 66.776832999999996 0 -0.35204610957300658 0.93598265835137695 0 
1 11.335977 68.793327000000005 0 -0.98540953123550645 -0.17020004626973362 0 
1 10.575336 68.661949000000007 0 0 1 0 
1 10.575336 69.714675999999997 0 0.6366459100951789 -0.77115626507153612 0 
1 9.3642939999999992 63.941547 0 0.18825678287094713 -0.98211984182332901 0 
1 10.32727 58.917782000000003 0 -1 0 0 
1 9.7675149999999995 58.917782000000003 0 -0.080005423454121108 0.99679442826388565 0 
1 9.7675149999999995 52.797798 0 -0.079957854885370883 0.99679824510385751 0 
1 8.4105329999999991 69.714675999999997 0 0.12470158508920168 -0.9921942928057188 0 
1 9.7675149999999995 58.917782000000003 0 0 -1 0 
1 10.433763000000001 65.810569999999998 0 0 -1 0 
1 10.433763000000001 64.485625999999996 0 -1 0 0 
1 9.7270149999999997 64.485625999999996 0 0.47064588692201698 0.88232219122233801 0 
1 11.345674000000001 64.485625999999996 0 -1 0 0 
1 10.599721000000001 64.485625999999996 0 0 1 0 
1 10.599721000000001 65.810569999999998 0 1 0 0 
1 11.345674000000001 65.810569999999998 0 0 -1 0 
1 10.32727 52.797798 0 0 1 0 
1 10.32727 58.917782000000003 0 1 0 0 
1 11.782631 58.917782000000003 0 0 -1 0 
1 11.782631 52.797798 0 -1 0 0 
1 3.6704080000000001 41.318232999999999 0 0 1 0 
1 3.6704080000000001 42.920605000000002 0 0.87102978110800733 -0.49123021122782845 0 
1 6.5116699999999996 41.318232999999999 0 -1 0 0 
1 7.3105330000000004 42.920605000000002 0 -0.44617535385963597 -0.89494555901922246 0 
1 6.5116699999999996 41.318232999999999 0 -0.87102978110800733 0.49123021122782845 0 
1 3.6704080000000001 42.920605000000002 0 1 0 0 
1 9.7675149999999995 52.797798 0 0.61420355379621938 -0.78914763796395837 0 
1 13.411001000000001 48.116534999999999 0 -0.10653311172991385 -0.99430915519527507 0 
1 12.779035 42.218184999999998 0 -0.27377741454356103 0.96179307924617696 0 
1 7.3105330000000004 42.920605000000002 0 -0.37754565454106259 -0.92599097119635065 0 
1 6.5116699999999996 40.961266000000002 0 0 1 0 
1 6.5116699999999996 41.318232999999999 0 0.44617535385963597 0.89494555901922246 0 
1 13.411001000000001 48.116534999999999 0 -0.61420355379621938 0.78914763796395837 0 
1 9.7675149999999995 52.797798 0 1 0 0 
1 10.32727 52.797798 0 0.5501085290494504 -0.8350931722071796 0 
1 9.7675149999999995 52.797798 0 -0.097331547241212804 -0.99525201326680646 0 
1 8.4105329999999991 38.922142000000001 0 0 1 0 
1 8.4105329999999991 69.714675999999997 0 0.079957854885370883 -0.99679824510385751 0 
1 6.5116699999999996 40.961266000000002 0 0.36477348888805294 -0.93109629029678653 0 
1 7.3105330000000004 38.922142000000001 0 -0.87243918547750987 0.48872268992071499 0 
1 3.6704080000000001 40.961266000000002 0 1 0 0 
1 9.3642939999999992 63.941547 0 1 0 0 
1 12.480905 63.941547 0 -0.13767066670799494 -0.99047806009430417 0 
1 11.782631 58.917782000000003 0 -1 0 0 
1 10.32727 58.917782000000003 0 -0.18825678287094713 0.98211984182332901 0 
1 8.4105329999999991 69.714675999999997 0 0.16299754483893977 -0.98662647459739183 0 
1 9.3642939999999992 63.941547 0 0.080005423454121108 -0.99679442826388565 0 
1 9.7675149999999995 58.917782000000003 0 -0.12470158508920168 0.9921942928057188 0 
1 11.511632000000001 64.485625999999996 0 0 1 0 
1 11.511632000000001 65.810569999999998 0 0.7365301140687468 0.6764047538788287 0 
1 12.175381 66.420135000000002 0 0 -1 0 
1 12.175381 64.485625999999996 0 -1 0 0 
1 11.782631 58.917782000000003 0 0.13767066670799494 0.99047806009430417 0 
1 12.480905 63.941547 0 0.31258287157116732 -0.94989049284658233 0 
1 13.621656 60.474983000000002 0 -0.76316054917545462 -0.64620892610843617 0 
1 12.480905 63.941547 0 0.66369385007766413 -0.74800432710585785 0 
1 13.704406000000001 62.562621999999998 0 -0.03960697660938426 -0.99921533585302014 0 
1 13.621656 60.474983000000002 0 -0.31258287157116732 0.94989049284658233 0 
1 13.704406000000001 66.776832999999996 0 0 -1 0 
1 13.704406000000001 62.562621999999998 0 -0.66369385007766413 0.74800432710585785 0 
1 12.480905 63.941547 0 0.39621027127203207 0.91815980141723852 0 
1 12.342385 58.917782000000003 0 -1 0 0 
1 11.782631 58.917782000000003 0 0.76316054917545462 0.64620892610843617 0 
1 13.621656 60.474983000000002 0 -0.63478137881501229 -0.77269178920816284 0 
1 12.779035 42.218184999999998 0 -0.79827170406651538 -0.60229750662504145 0 
1 8.4105329999999991 38.922142000000001 0 0.097331547241212804 0.99525201326680646 0 
1 9.7675149999999995 52.797798 0 0.27377741454356103 -0.96179307924617696 0 
1 11.782631 52.797798 0 1 0 0 
1 12.342385 52.797798 0 0.22255028330301205 -0.97492121292017708 0 
1 13.411001000000001 48.116534999999999 0 -0.32853945283320529 0.94449024766381673 0 
1 13.621656 60.474983000000002 0 0 -1 0 
1 13.621656 52.189205000000001 0 -0.90302038340715773 0.42959770384766921 0 
1 12.342385 52.797798 0 0 1 0 
1 12.342385 58.917782000000003 0 0.63478137881501229 0.77269178920816284 0 
1 11.782631 52.797798 0 0.32853945283320529 -0.94449024766381673 0 
1 13.411001000000001 48.116534999999999 0 -0.5501085290494504 0.8350931722071796 0 
1 10.32727 52.797798 0 1 0 0 
1 14.504740999999999 47.999347999999998 0 -0.99430909889273555 0.10653363721903232 0 
1 13.411001000000001 48.116534999999999 0 0.051655001098010349 0.99866498930400316 0 
1 13.621656 52.189205000000001 0 0.20623630572213966 -0.97850221573693141 0 
1 12.342385 52.797798 0 0.90302038340715773 -0.42959770384766921 0 
1 13.621656 52.189205000000001 0 -0.051655001098010349 -0.99866498930400316 0 
1 13.411001000000001 48.116534999999999 0 -0.22255028330301205 0.97492121292017708 0 
1 16.3353 43.319290000000002 0 -0.89630761337980436 -0.44343281587789507 0 
1 13.872775000000001 42.100997999999997 0 0.10653311172991356 0.99430915519527507 0 
1 14.504740999999999 47.999347999999998 0 0.36426680472441741 -0.93129463381674393 0 
1 14.504740999999999 47.999347999999998 0 -0.20623630572213966 0.97850221573693141 0 
1 13.621656 52.189205000000001 0 1 0 0 
1 14.721657 52.189205000000001 0 -0.051702452418198597 -0.99866253379905257 0 
1 13.704406000000001 62.562621999999998 0 0.43803766786025133 -0.89895661827229023 0 
1 14.721657 60.474983000000002 0 -1 0 0 
1 13.621656 60.474983000000002 0 0.03960697660938426 0.99921533585302014 0 
1 12.779035 42.218184999999998 0 0.99430909889273544 -0.10653363721903213 0 
1 13.872775000000001 42.100997999999997 0 -0.10037351970487239 -0.99494982614303507 0 
1 13.387791999999999 37.293616999999998 0 -0.12268252359128028 0.9924459674991255 0 
1 14.721657 60.474983000000002 0 -0.43803766786025133 0.89895661827229023 0 
1 13.704406000000001 62.562621999999998 0 1 0 0 
1 18.842950999999999 62.562621999999998 0 -0.89207794829209064 -0.45188154882775861 0 
1 23.017782 67.523612999999997 0 -0.9584148021674731 -0.28537881313489888 0 
1 18.842950999999999 66.280510000000007 0 -0.65344132926126275 0.75697716558247241 0 
1 15.834809999999999 69.765281999999999 0 0.95459378350863866 -0.29791057129055049 0 
1 20.267237000000002 65.236328 0 -0.47015371696273522 -0.88258454689968613 0 
1 18.842950999999999 62.562621999999998 0 0 1 0 
1 18.842950999999999 66.280510000000007 0 0.80648448442037834 -0.59125525485123309 0 
1 15.834809999999999 69.765281999999999 0 0.65344132926126275 -0.75697716558247241 0 
1 18.842950999999999 66.280510000000007 0 -0.95668807595695449 0.29111496925060459 0 
1 15.073290999999999 67.427597000000006 0 0.30973765205900972 0.95082205848253853 0 
1 16.3353 59.365585000000003 0 -0.82403752862801682 0.56653521639226501 0 
1 14.721657 60.474983000000002 0 0.89207794829209064 0.45188154882775861 0 
1 18.842950999999999 62.562621999999998 0 -0.61716599149838247 -0.78683298033179716 0 
1 18.842950999999999 62.562621999999998 0 -0.52031223841590235 -0.85397609717991119 0 
1 16.895053999999998 59.365585000000003 0 -1 0 0 
1 16.3353 59.365585000000003 0 0.61716599149838247 0.78683298033179716 0 
1 16.895053999999998 55.111449999999998 0 0 -1 0 
1 16.895053999999998 54.215843 0 -1 0 0 
1 16.3353 54.215843 0 0 1 0 
1 16.3353 55.111449999999998 0 1 0 0 
1 16.895053999999998 55.111449999999998 0 0 1 0 
1 16.895053999999998 59.365585000000003 0 1 0 0 
1 18.275782 59.365585000000003 0 0 -1 0 
1 18.275782 55.111449999999998 0 -1 0 0 
1 14.721657 60.474983000000002 0 0.82403752862801682 -0.56653521639226501 0 
1 16.3353 59.365585000000003 0 0 -1 0 
1 16.3353 55.111449999999998 0 -0.28809849723247277 0.95760078106295987 0 
1 18.842950999999999 62.562621999999998 0 -0.0023190160340146849 -0.99999731107870193 0 
1 18.835536999999999 59.365585000000003 0 -1 0 0 
1 18.275782 59.365585000000003 0 0.17467711900843785 0.98462576855113437 0 
1 18.835536999999999 55.111449999999998 0 0 -1 0 
1 18.835536999999999 54.215843 0 -1 0 0 
1 18.275782 54.215843 0 0 1 0 
1 18.275782 55.111449999999998 0 1 0 0 
1 20.267237000000002 65.236328 0 -0.23692673169800074 -0.97152752086953442 0 
1 18.835536999999999 59.365585000000003 0 0.0023190160340146849 0.99999731107870193 0 
1 18.842950999999999 62.562621999999998 0 0.47015371696273522 0.88258454689968613 0 
1 18.275782 59.365585000000003 0 -1 0 0 
1 16.895053999999998 59.365585000000003 0 0.52031223841590235 0.85397609717991119 0 
1 18.842950999999999 62.562621999999998 0 -0.17467711900843785 -0.98462576855113437 0 
1 18.275782 55.111449999999998 0 0 -1 0 
1 18.275782 54.215843 0 -1 0 0 
1 16.895053999999998 54.215843 0 0 1 0 
1 16.895053999999998 55.111449999999998 0 1 0 0 
1 29.637438 67.946785000000006 0 -0.71519986708315608 -0.69891998835648983 0 
1 28.111827999999999 66.455901999999995 0 -0.13120365441961399 0.9913554362926239 0 
1 27.914512999999999 67.946785000000006 0 1 0 0 
1 28.111827999999999 66.455901999999995 0 -0.99326105714596169 -0.11589854337862318 0 
1 23.075973999999999 65.868294000000006 0 0.91881251858460189 0.39469425596557706 0 
1 27.914512999999999 67.946785000000006 0 0.13120365441961399 -0.9913554362926239 0 
1 18.842950999999999 66.280510000000007 0 0.9584148021674731 0.28537881313489888 0 
1 23.017782 67.523612999999997 0 -0.76888568793994527 -0.6393862673541848 0 
1 20.267237000000002 65.236328 0 -0.80648448442037834 0.59125525485123309 0 
1 30.725598999999999 68.309501999999995 0 -0.94868416987026249 -0.31622515054557371 0 
1 29.637438 67.946785000000006 0 0.63059321414156599 0.77611352151512536 0 
1 31.209229000000001 69.881293999999997 0 -0.29408678889957568 -0.95577871947158166 0 
1 29.637438 67.946785000000006 0 -0.36399631870312388 0.93140038649904688 0 
1 28.609728 70.576508000000004 0 0.96604837318546921 -0.25836125999404103 0 
1 31.209229000000001 69.881293999999997 0 -0.63059321414156599 -0.77611352151512536 0 
1 29.637438 67.946785000000006 0 0.20952772113460288 -0.97780270713275286 0 
1 29.909476999999999 66.677261000000001 0 -0.99250365311260658 -0.12221496863367665 0 
1 28.111827999999999 66.455901999999995 0 0.71519986708315608 0.69891998835648983 0 
1 27.766380000000002 65.308127999999996 0 0.76429171628057013 -0.64487066333095078 0 
1 33.430427999999999 60.529091000000001 0 -1 0 0 
1 30.259975000000001 60.529091000000001 0 -0.46259289420887978 0.88657081737865251 0 
1 28.609728 70.576508000000004 0 0.36399631870312388 -0.93140038649904688 0 
1 29.637438 67.946785000000006 0 -1 0 0 
1 27.914512999999999 67.946785000000006 0 0.2555874116435462 0.96678595097847408 0 
1 28.111827999999999 66.455901999999995 0 0.99250365311260658 0.12221496863367665 0 
1 29.909476999999999 66.677261000000001 0 0.64824898126743058 -0.7614284328062213 0 
1 35.163119999999999 60.506371000000001 0 -0.76429130320782179 0.6448711528986929 0 
1 23.017782 67.523612999999997 0 0.03513285065767751 -0.99938265084234146 0 
1 23.075973999999999 65.868294000000006 0 -0.9756097430797499 -0.21951225297888102 0 
1 20.267237000000002 65.236328 0 0.76888568793994527 0.6393862673541848 0 
1 21.333978999999999 47.493786 0 0 1 0 
1 21.333978999999999 64.353667999999999 0 0.55774379673969554 -0.83001316688254367 0 
1 23.112247 61.707317000000003 0 0 -1 0 
1 23.112247 47.232337999999999 0 -0.98936410013619991 0.14546022604714842 0 
1 21.333978999999999 64.353667999999999 0 0.97613011322149712 0.21718656050084514 0 
1 23.260961999999999 64.782416999999995 0 -0.04830457479200314 -0.9988326526771959 0 
1 23.112247 61.707317000000003 0 -0.55774379673969554 0.83001316688254367 0 
1 23.380738999999998 61.707317000000003 0 -0.03892108986635686 0.99924228731755294 0 
1 23.260961999999999 64.782416999999995 0 0.99326113686196682 0.11589786020316924 0 
1 27.766380000000002 65.308127999999996 0 -0.77287143157248617 -0.63456264486581282 0 
1 27.766380000000002 65.308127999999996 0 0.46259289420887978 -0.88657081737865251 0 
1 30.259975000000001 60.529091000000001 0 -0.98564781280564084 0.16881465905381657 0 
1 23.380738999999998 61.707317000000003 0 0.77287143157248617 0.63456264486581282 0 
1 23.112247 61.707317000000003 0 0.04830457479200314 0.9988326526771959 0 
1 23.260961999999999 64.782416999999995 0 0.03892108986635686 -0.99924228731755294 0 
1 23.380738999999998 61.707317000000003 0 -1 0 0 
1 23.017782 67.523612999999997 0 0.99628663989606958 0.086098380731575344 0 
1 27.914512999999999 67.946785000000006 0 -0.91881251858460189 -0.39469425596557706 0 
1 23.075973999999999 65.868294000000006 0 -0.03513285065767751 0.99938265084234146 0 
1 29.133223000000001 45.105499000000002 0 0.81764702288068303 -0.57571985025214811 0 
1 34.934769000000003 41.020527000000001 0 -0.99095267232106754 -0.1342117775000948 0 
1 29.094162000000001 40.229492 0 0.0080106010333872643 0.99996791462080614 0 
1 17.282617999999999 77.761107999999993 0 0.79733178424330797 0.60354123789131664 0 
1 26.448430999999999 84.699180999999996 0 0.85736578626574089 -0.5147075951848078 0 
1 38.005412999999997 77.761107999999993 0 -1 0 0 
1 30.259975000000001 60.529091000000001 0 -0.49042429298531243 -0.87148379953379307 0 
1 23.380738999999998 48.304690999999998 0 0 1 0 
1 23.380738999999998 61.707317000000003 0 0.98564781280564084 -0.16881465905381657 0 
1 14.504740999999999 47.999347999999998 0 0.68212291340692155 0.73123753391442725 0 
1 16.3353 49.961711999999999 0 0 -1 0 
1 16.3353 47.573425 0 -0.97398318129924977 0.22662030479679574 0 
1 16.3353 54.215843 0 0 -1 0 
1 16.3353 49.961711999999999 0 -0.5866602539947523 0.80983315959697066 0 
1 14.721657 52.189205000000001 0 0.62288866991198455 0.78231049136214381 0 
1 16.3353 55.111449999999998 0 0 -1 0 
1 16.3353 54.215843 0 -0.62288866991198455 -0.78231049136214381 0 
1 14.721657 52.189205000000001 0 0.48339191922476465 0.87540405095487106 0 
1 16.895053999999998 49.961711999999999 0 0 -1 0 
1 16.895053999999998 47.573425 0 -1 0 0 
1 16.3353 47.573425 0 0 1 0 
1 16.3353 49.961711999999999 0 1 0 0 
1 18.275782 54.215843 0 0 -1 0 
1 18.275782 48.730251000000003 0 -0.74629519499989749 0.66561511545341656 0 
1 16.895053999999998 49.961711999999999 0 0 1 0 
1 16.895053999999998 54.215843 0 1 0 0 
1 18.275782 48.730251000000003 0 -0.7665205254973988 -0.64221980971563908 0 
1 16.895053999999998 47.573425 0 0 1 0 
1 16.895053999999998 49.961711999999999 0 0.74629519499989749 -0.66561511545341656 0 
1 16.895053999999998 43.319290000000002 0 0 -1 0 
1 16.895053999999998 39.214424000000001 0 -1 0 0 
1 16.3353 39.214424000000001 0 0 1 0 
1 16.3353 43.319290000000002 0 1 0 0 
1 16.895053999999998 43.319290000000002 0 0 1 0 
1 16.895053999999998 47.573425 0 1 0 0 
1 18.275782 47.573425 0 0 -1 0 
1 18.275782 43.319290000000002 0 -1 0 0 
1 16.3353 47.573425 0 0 -1 0 
1 16.3353 43.319290000000002 0 -0.36426680472441741 0.93129463381674393 0 
1 14.504740999999999 47.999347999999998 0 0.97398318129924977 -0.22662030479679574 0 
1 18.835536999999999 48.730251000000003 0 0 -1 0 
1 18.835536999999999 47.573425 0 -1 0 0 
1 18.275782 47.573425 0 0 1 0 
1 18.275782 48.730251000000003 0 1 0 0 
1 18.275782 48.730251000000003 0 0 -1 0 
1 18.275782 47.573425 0 -1 0 0 
1 16.895053999999998 47.573425 0 0.7665205254973988 0.64221980971563908 0 
1 18.835536999999999 47.573425 0 0 1 0 
1 18.835536999999999 48.730251000000003 0 0.69414807885135188 -0.71983223366766336 0 
1 20.027884 47.493786 0 -0.99777686339900562 0.066643310734403272 0 
1 18.275782 43.319290000000002 0 0 -1 0 
1 18.275782 39.214424000000001 0 -1 0 0 
1 16.895053999999998 39.214424000000001 0 0 1 0 
1 16.895053999999998 43.319290000000002 0 1 0 0 
1 20.027884 47.493786 0 -0.17465202813356645 0.98463021945745299 0 
1 18.835536999999999 54.215843 0 0 1 0 
1 18.835536999999999 55.111449999999998 0 0.15464109687499988 -0.98797071371437772 0 
1 16.3353 49.961711999999999 0 -0.68212291340692155 -0.73123753391442725 0 
1 14.504740999999999 47.999347999999998 0 0.051702452418198597 0.99866253379905257 0 
1 14.721657 52.189205000000001 0 0.5866602539947523 -0.80983315959697066 0 
1 18.835536999999999 54.215843 0 0.17465202813356645 -0.98463021945745299 0 
1 20.027884 47.493786 0 -0.69414807885135188 0.71983223366766336 0 
1 18.835536999999999 48.730251000000003 0 0 1 0 
1 18.835536999999999 55.111449999999998 0 0.14001132797937524 0.99014990180146556 0 
1 20.267237000000002 65.236328 0 -0.013489116898764338 -0.99990901772375851 0 
1 20.027884 47.493786 0 -0.15464109687499988 0.98797071371437772 0 
1 20.027884 47.493786 0 1 0 0 
1 21.333978999999999 47.493786 0 0.06069769365128546 -0.99815619518460874 0 
1 21.52957 44.277348000000003 0 -1 0 0 
1 20.429569000000001 44.277348000000003 0 -0.12392241845722751 0.99229190977439286 0 
1 21.333978999999999 47.493786 0 0.98936410013619991 -0.14546022604714842 0 
1 23.112247 47.232337999999999 0 -0.47213950426889045 -0.881523844549157 0 
1 21.52957 44.277348000000003 0 -0.06069769365128546 0.99815619518460874 0 
1 23.112247 47.232337999999999 0 0.98936424268468082 -0.1454592564843093 0 
1 27.933222000000001 46.523544000000001 0 0 -1 0 
1 27.933222000000001 45.105499000000002 0 -0.9149221282451524 0.40363039931026162 0 
1 18.835536999999999 59.365585000000003 0 0.23692673169800074 0.97152752086953442 0 
1 20.267237000000002 65.236328 0 -0.14001132797937524 -0.99014990180146556 0 
1 18.835536999999999 55.111449999999998 0 0 1 0 
1 27.933222000000001 45.105499000000002 0 -0.99174100333504323 -0.12825670471364115 0 
1 21.52957 44.277348000000003 0 0.47213950426889045 0.881523844549157 0 
1 23.112247 47.232337999999999 0 0.9149221282451524 -0.40363039931026162 0 
1 18.835536999999999 43.319290000000002 0 0 -1 0 
1 18.835536999999999 39.214424000000001 0 -1 0 0 
1 18.275782 39.214424000000001 0 0 1 0 
1 18.275782 43.319290000000002 0 1 0 0 
1 20.429569000000001 44.277348000000003 0 0 -1 0 
1 20.429569000000001 41.983832999999997 0 -0.76654020582720683 0.64219631955530809 0 
1 18.835536999999999 43.319290000000002 0 0.85710392703754323 0.51514353170434124 0 
1 20.429569000000001 44.277348000000003 0 -0.85710392703754323 -0.51514353170434124 0 
1 18.835536999999999 43.319290000000002 0 0 1 0 
1 18.835536999999999 47.573425 0 0.43537413882764092 -0.90024960940846288 0 
1 21.52957 44.277348000000003 0 0.99174100333504323 0.12825670471364115 0 
1 27.933222000000001 45.105499000000002 0 -0.89888272686040904 -0.43818927799752855 0 
1 21.52957 41.983832999999997 0 0 1 0 
1 21.52957 41.983832999999997 0 0.89888272686040904 0.43818927799752855 0 
1 27.933222000000001 45.105499000000002 0 0.012496955233197939 -0.99992191000592612 0 
1 27.994161999999999 40.229492 0 -0.96509387784187672 0.26190419422401179 0 
1 29.094162000000001 40.229492 0 -1 0 0 
1 27.994161999999999 40.229492 0 -0.012496955233197939 0.99992191000592612 0 
1 27.933222000000001 45.105499000000002 0 1 0 0 
1 29.133223000000001 45.105499000000002 0 -0.0080106010333872643 -0.99996791462080614 0 
1 29.094162000000001 40.229492 0 0.97510433294312671 -0.221746566772836 0 
1 34.934769000000003 38.901291000000001 0 -0.95571592171099962 -0.29429080343784852 0 
1 29.094162000000001 37.102809999999998 0 0 1 0 
1 21.52957 41.983832999999997 0 0 -1 0 
1 21.52957 39.286110000000001 0 -1 0 0 
1 20.429569000000001 39.286110000000001 0 0 1 0 
1 20.429569000000001 41.983832999999997 0 1 0 0 
1 18.835536999999999 39.214424000000001 0 0 1 0 
1 18.835536999999999 43.319290000000002 0 0.76654020582720683 -0.64219631955530809 0 
1 20.429569000000001 41.983832999999997 0 0 -1 0 
1 20.429569000000001 39.286110000000001 0 -0.99899031363958579 -0.044926086567626589 0 
1 30.738361000000001 47.041018999999999 0 -0.63835298525755901 -0.76974376659558763 0 
1 29.133223000000001 45.105499000000002 0 0 1 0 
1 29.133223000000001 46.635494000000001 0 0.9695368343229086 0.24494555903529464 0 
1 20.027884 47.493786 0 0.12392241845722751 -0.99229190977439286 0 
1 20.429569000000001 44.277348000000003 0 -0.43537413882764092 0.90024960940846288 0 
1 18.835536999999999 47.573425 0 0.99777686339900562 -0.066643310734403272 0 
1 23.380738999999998 48.304690999999998 0 0.49042429298531243 0.87148379953379307 0 
1 30.259975000000001 60.529091000000001 0 -0.15923710336186497 -0.9872403683566241 0 
1 28.174557 47.599888 0 -0.98936419212024096 0.14545960040596456 0 
1 13.872775000000001 42.100997999999997 0 0.89630761337980436 0.44343281587789507 0 
1 16.3353 43.319290000000002 0 0 -1 0 
1 16.3353 39.214424000000001 0 -0.64901482676761935 0.76077575844383794 0 
1 16.3353 55.111449999999998 0 -0.48339191922476465 -0.87540405095487106 0 
1 14.721657 52.189205000000001 0 0 1 0 
1 14.721657 60.474983000000002 0 0.28809849723247277 -0.95760078106295987 0 
1 27.994161999999999 40.229492 0 -0.98951922820555116 -0.14440116693257812 0 
1 21.52957 39.286110000000001 0 0 1 0 
1 21.52957 41.983832999999997 0 0.96509387784187672 -0.26190419422401179 0 
1 7.3105330000000004 37.822144000000002 0 -0.33391201232459755 -0.94260424782903329 0 
1 6.5116699999999996 35.567024000000004 0 -1 0 0 
1 3.6704080000000001 35.567024000000004 0 0.85008645131364591 0.52664316694795577 0 
1 6.5116699999999996 35.567024000000004 0 0.39406175771438406 -0.9190839630344172 0 
1 7.3105330000000004 33.703808000000002 0 -0.46854714492929855 0.88343849416844122 0 
1 6.5116699999999996 35.210051999999997 0 0 1 0 
1 7.3105330000000004 38.922142000000001 0 1 0 0 
1 8.4105329999999991 38.922142000000001 0 0 -1 0 
1 8.4105329999999991 37.822144000000002 0 -1 0 0 
1 7.3105330000000004 37.822144000000002 0 0 1 0 
1 7.3105330000000004 38.922142000000001 0 -0.36477348888805294 0.93109629029678653 0 
1 6.5116699999999996 40.961266000000002 0 0.37754565454106259 0.92599097119635065 0 
1 7.3105330000000004 42.920605000000002 0 0 -1 0 
1 12.041741 35.055903999999998 0 -0.79547339659390937 0.60598851087405026 0 
1 8.4105329999999991 37.822144000000002 0 0.99443732931286299 -0.10532994858586291 0 
1 12.294052000000001 37.410805000000003 0 -0.10653319817670909 -0.9943091459331157 0 
1 3.6704080000000001 35.567024000000004 0 0 1 0 
1 3.6704080000000001 40.961266000000002 0 0.87243918547750987 -0.48872268992071499 0 
1 7.3105330000000004 38.922142000000001 0 0 -1 0 
1 7.3105330000000004 37.822144000000002 0 -0.85008645131364591 -0.52664316694795577 0 
1 3.6704080000000001 35.210051999999997 0 1 0 0 
1 6.5116699999999996 35.210051999999997 0 0.29306090811576541 -0.95609377371383553 0 
1 7.3105330000000004 32.603808999999998 0 -0.81308284425033472 0.58214799526047167 0 
1 7.3105330000000004 32.603808999999998 0 -0.29306090811576541 0.95609377371383553 0 
1 6.5116699999999996 35.210051999999997 0 0.46854714492929855 -0.88343849416844122 0 
1 7.3105330000000004 33.703808000000002 0 0 -1 0 
1 8.4105329999999991 33.703808000000002 0 0 -1 0 
1 8.4105329999999991 32.603808999999998 0 -1 0 0 
1 7.3105330000000004 32.603808999999998 0 0 1 0 
1 7.3105330000000004 33.703808000000002 0 1 0 0 
1 7.3105330000000004 37.822144000000002 0 0 -1 0 
1 7.3105330000000004 33.703808000000002 0 -0.39406175771438406 0.9190839630344172 0 
1 6.5116699999999996 35.567024000000004 0 0.33391201232459755 0.94260424782903329 0 
1 3.6704080000000001 28.490307000000001 0 0 1 0 
1 3.6704080000000001 35.210051999999997 0 0.81308284425033472 -0.58214799526047167 0 
1 7.3105330000000004 32.603808999999998 0 -0.66270233880592921 -0.74888290816465508 0 
1 13.135482 34.938716999999997 0 -0.60740604823647948 -0.79439152347299335 0 
1 11.991784000000001 33.44294 0 0.030957328224487785 0.99952070705373652 0 
1 12.041741 35.055903999999998 0 0.9943091092103723 -0.10653354092151358 0 
1 11.991784000000001 33.44294 0 -0.10653291491514741 -0.99430917628254945 0 
1 11.865629 32.265490999999997 0 -0.92320079893002338 0.38431794760974475 0 
1 8.4105329999999991 33.703808000000002 0 0.9973574817512908 -0.072650214003290386 0 
1 11.865629 32.265490999999997 0 -0.99524017931771525 0.097452478016938376 0 
1 8.4105329999999991 32.603808999999998 0 0 1 0 
1 8.4105329999999991 33.703808000000002 0 0.92320079893002338 -0.38431794760974475 0 
1 12.041741 35.055903999999998 0 -0.030957328224487785 -0.99952070705373652 0 
1 11.991784000000001 33.44294 0 -0.9973574817512908 0.072650214003290386 0 
1 8.4105329999999991 33.703808000000002 0 0.93714179095581152 0.34894879802649281 0 
1 8.4105329999999991 33.703808000000002 0 0 1 0 
1 8.4105329999999991 37.822144000000002 0 0.79547339659390937 -0.60598851087405026 0 
1 12.041741 35.055903999999998 0 -0.93714179095581152 -0.34894879802649281 0 
1 8.4105329999999991 32.603808999999998 0 0.99524017931771525 -0.097452478016938376 0 
1 11.865629 32.265490999999997 0 -0.60804364112289622 -0.79390360276925975 0 
1 8.4105329999999991 27.754280000000001 0 0 1 0 
1 12.294052000000001 37.410805000000003 0 -0.99443732931286299 0.10532994858586291 0 
1 8.4105329999999991 37.822144000000002 0 0 1 0 
1 8.4105329999999991 38.922142000000001 0 0.93191712969094254 -0.36267128834330853 0 
1 13.387791999999999 37.293616999999998 0 -0.99430900259473309 0.1065345359921714 0 
1 12.294052000000001 37.410805000000003 0 0.10037354037356731 0.99494982405791499 0 
1 12.779035 42.218184999999998 0 0.12268252359128028 -0.9924459674991255 0 
1 13.085525000000001 33.325752000000001 0 0.030957309050072948 0.9995207076476097 0 
1 13.135482 34.938716999999997 0 0.54501103944010543 -0.83842886811489015 0 
1 14.662856 32.58905 0 -0.90604789362933014 0.42317515811996098 0 
1 13.135482 34.938716999999997 0 -0.030957309050072948 -0.9995207076476097 0 
1 13.085525000000001 33.325752000000001 0 -0.99430901291254359 0.10653443969385251 0 
1 11.991784000000001 33.44294 0 0.60740604823647948 0.79439152347299335 0 
1 16.3353 34.960293 0 -0.99997726753621341 -0.006742730219145115 0 
1 13.135482 34.938716999999997 0 0.10653282546434518 0.99430918586654105 0 
1 13.387791999999999 37.293616999999998 0 0.78406133729353544 -0.62068334870646624 0 
1 16.3353 34.960293 0 -0.44549209173840582 -0.89528587400815152 0 
1 15.211237000000001 32.701312999999999 0 -0.68012827407592602 0.733093125600358 0 
1 13.135482 34.938716999999997 0 0.99997726753621341 0.006742730219145115 0 
1 17.338325999999999 33.136772000000001 0 -0.23620710399228309 0.97170273439132548 0 
1 16.895053999999998 34.960293 0 1 0 0 
1 18.275782 34.960293 0 -0.45721116054259631 -0.88935817007282969 0 
1 13.387791999999999 37.293616999999998 0 0.8378031370265755 0.545972438487905 0 
1 16.3353 39.214424000000001 0 0 -1 0 
1 16.3353 34.960293 0 -0.78406133729353544 0.62068334870646624 0 
1 12.294052000000001 37.410805000000003 0 -0.93191712969094254 0.36267128834330853 0 
1 8.4105329999999991 38.922142000000001 0 0.79827170406651538 0.60229750662504145 0 
1 12.779035 42.218184999999998 0 -0.10037354037356731 -0.99494982405791499 0 
1 16.895053999999998 34.960293 0 -0.054217433138370318 -0.99852915327690173 0 
1 16.789946 33.024506000000002 0 -0.22864223340237078 0.97351051823017087 0 
1 16.3353 34.960293 0 1 0 0 
1 13.085525000000001 33.325752000000001 0 0.90604789362933014 -0.42317515811996098 0 
1 14.662856 32.58905 0 -0.98735364859305152 -0.15853319087808954 0 
1 12.977600000000001 32.318458999999997 0 0.10653385556453594 0.99430907549843617 0 
1 12.977600000000001 32.318458999999997 0 0.98735364859305152 0.15853319087808954 0 
1 14.662856 32.58905 0 -0.18567328666026034 -0.98261153596972228 0 
1 13.827374000000001 28.167551 0 -0.2005603910540458 0.97968134081457736 0 
1 16.064447000000001 28.533619000000002 0 -0.20056029395548888 0.9796813606925916 0 
1 15.211237000000001 32.701312999999999 0 0.97968138348158229 0.2005601826375642 0 
1 16.789946 33.024506000000002 0 -0.15948147465856166 -0.98720092141404048 0 
1 14.662856 32.58905 0 -0.54501103944010543 0.83842886811489015 0 
1 13.135482 34.938716999999997 0 0.68012827407592602 -0.733093125600358 0 
1 15.211237000000001 32.701312999999999 0 -0.97968189311112241 -0.20055769322119557 0 
1 16.789946 33.024506000000002 0 -0.97968138348158229 -0.2005601826375642 0 
1 15.211237000000001 32.701312999999999 0 0.44549209173840582 0.89528587400815152 0 
1 16.3353 34.960293 0 0.22864223340237078 -0.97351051823017087 0 
1 14.863894 23.10445 0 0.21591421458432053 0.97641233704846031 0 
1 16.064447000000001 28.533619000000002 0 0.97968138348158262 0.20056018263756209 0 
1 17.643156000000001 28.856812000000001 0 -0.43503589388009317 -0.90041311131943669 0 
1 18.866453 33.449607999999998 0 -0.14895237848388573 -0.98884437043651785 0 
1 18.191538000000001 28.969076000000001 0 -0.20056065280185456 0.97968128722952241 0 
1 17.338325999999999 33.136772000000001 0 0.97968161812875587 0.20055903644718306 0 
1 16.064447000000001 28.533619000000002 0 0.15948147465856166 0.98720092141404048 0 
1 16.789946 33.024506000000002 0 0.20056029395548872 -0.9796813606925916 0 
1 17.643156000000001 28.856812000000001 0 -0.97968138348158262 -0.20056018263756209 0 
1 16.789946 33.024506000000002 0 0.054217433138370318 0.99852915327690173 0 
1 16.895053999999998 34.960293 0 0.23620710399228309 -0.97170273439132548 0 
1 17.338325999999999 33.136772000000001 0 -0.97968076818749761 -0.20056318815663632 0 
1 18.191538000000001 28.969076000000001 0 -0.49350147679503115 -0.86974495824990172 0 
1 14.863894 23.10445 0 0.43503589388009317 0.90041311131943669 0 
1 17.643156000000001 28.856812000000001 0 0.97968161395364628 0.2005590568415663 0 
1 16.895053999999998 34.960293 0 0 1 0 
1 16.895053999999998 39.214424000000001 0 1 0 0 
1 18.275782 39.214424000000001 0 0 -1 0 
1 18.275782 34.960293 0 -1 0 0 
1 16.3353 39.214424000000001 0 -0.8378031370265755 -0.545972438487905 0 
1 13.387791999999999 37.293616999999998 0 0.10037351970487239 0.99494982614303507 0 
1 13.872775000000001 42.100997999999997 0 0.64901482676761935 -0.76077575844383794 0 
1 7.3105330000000004 32.603808999999998 0 -0.19064324352658113 -0.98165938782128748 0 
1 6.5116699999999996 28.490307000000001 0 -1 0 0 
1 3.6704080000000001 28.490307000000001 0 0.66270233880592921 0.74888290816465508 0 
1 7.3105330000000004 26.65428 0 -0.92644401419793854 0.37643258168868676 0 
1 3.6704080000000001 28.133334999999999 0 1 0 0 
1 6.5116699999999996 28.133334999999999 0 0.47522873079223771 -0.87986229231033597 0 
1 6.5116699999999996 28.133334999999999 0 0 1 0 
1 6.5116699999999996 28.490307000000001 0 0.73543860543902884 -0.6775913647840387 0 
1 7.3105330000000004 27.754280000000001 0 -0.90345490517387306 0.4286831397632383 0 
1 6.5116699999999996 28.490307000000001 0 0.19064324352658113 0.98165938782128748 0 
1 7.3105330000000004 32.603808999999998 0 0 -1 0 
1 7.3105330000000004 27.754280000000001 0 -0.73543860543902884 0.6775913647840387 0 
1 7.3105330000000004 27.754280000000001 0 1 0 0 
1 8.4105329999999991 27.754280000000001 0 0 -1 0 
1 8.4105329999999991 26.65428 0 -1 0 0 
1 7.3105330000000004 26.65428 0 0 1 0 
1 11.200518000000001 25.602032000000001 0 -0.79178584366323546 0.61079880302313827 0 
1 8.4105329999999991 27.754280000000001 0 0.99901581658595562 0.044355362822282612 0 
1 12.749724000000001 27.946936000000001 0 -0.55123111633919664 -0.83435259715508947 0 
1 6.5116699999999996 28.133334999999999 0 0.90345490517387306 -0.4286831397632383 0 
1 7.3105330000000004 27.754280000000001 0 0 -1 0 
1 7.3105330000000004 26.65428 0 -0.47522873079223771 0.87986229231033597 0 
1 11.865629 32.265490999999997 0 0.20056045670933534 -0.97968132737362235 0 
1 12.749724000000001 27.946936000000001 0 -0.99901581658595562 -0.044355362822282612 0 
1 8.4105329999999991 27.754280000000001 0 0.60804364112289622 0.79390360276925975 0 
1 3.6704080000000001 21.464348000000001 0 0 1 0 
1 3.6704080000000001 28.133334999999999 0 0.92644401419793854 -0.37643258168868676 0 
1 7.3105330000000004 26.65428 0 -0.57422146806662133 -0.81870000953427025 0 
1 7.3105330000000004 26.65428 0 0 -1 0 
1 7.3105330000000004 21.464348000000001 0 -1 0 0 
1 3.6704080000000001 21.464348000000001 0 0.57422146806662133 0.81870000953427025 0 
1 8.4105329999999991 26.65428 0 0.9356655705020348 -0.35288799948014898 0 
1 11.200518000000001 25.602032000000001 0 0.20056042719180692 -0.97968133341645325 0 
1 12.053729000000001 21.434335999999998 0 -0.57232683217142355 0.82002560763467813 0 
1 8.4105329999999991 27.754280000000001 0 0.79178584366323546 -0.61079880302313827 0 
1 11.200518000000001 25.602032000000001 0 -0.9356655705020348 0.35288799948014898 0 
1 8.4105329999999991 26.65428 0 0 1 0 
1 12.903658999999999 18.501359999999998 0 -0.50330161290739461 -0.8641108068094131 0 
1 8.4105329999999991 10.787181 0 0.32374720287400616 0.94614361945280656 0 
1 12.053729000000001 21.434335999999998 0 0.27833322015490231 -0.96048457486739613 0 
1 13.786243000000001 22.883835000000001 0 -0.66294891843837966 -0.74866463222285484 0 
1 12.60211 21.546600000000002 0 -0.20056042719180708 0.97968133341645325 0 
1 11.748899 25.714296000000001 0 0.58419369441619551 -0.81161427254845431 0 
1 12.053729000000001 21.434335999999998 0 -0.32374720287400616 -0.94614361945280656 0 
1 8.4105329999999991 10.787181 0 0 1 0 
1 8.4105329999999991 26.65428 0 0.57232683217142355 -0.82002560763467813 0 
1 11.200518000000001 25.602032000000001 0 0.55123111633919664 0.83435259715508947 0 
1 12.749724000000001 27.946936000000001 0 -0.40905126862250202 -0.91251140247030427 0 
1 11.748899 25.714296000000001 0 -0.9796815420936047 -0.20055940785985715 0 
1 12.60211 21.546600000000002 0 0.098541118271508327 -0.99513298006336848 0 
1 12.903658999999999 18.501359999999998 0 -0.27833322015490231 0.96048457486739613 0 
1 12.053729000000001 21.434335999999998 0 0.97968154209360359 0.20055940785986326 0 
1 13.827374000000001 28.167551 0 -0.64642129095919654 -0.76298067773348344 0 
1 11.748899 25.714296000000001 0 0.40905126862250202 0.91251140247030427 0 
1 12.749724000000001 27.946936000000001 0 0.97968161547478283 0.20055904941118904 0 
1 14.863894 23.10445 0 -0.97968165204193769 -0.20055887078955142 0 
1 13.786243000000001 22.883835000000001 0 0.0077842476440251615 0.99996970228533244 0 
1 13.827374000000001 28.167551 0 0.20056072977901149 -0.97968127147073214 0 
1 13.786243000000001 22.883835000000001 0 -0.078025004059265907 -0.99695140239710356 0 
1 13.452040999999999 18.613624999999999 0 -0.27833360980948357 0.9604844619515831 0 
1 12.60211 21.546600000000002 0 0.66294891843837966 0.74866463222285484 0 
1 13.452040999999999 18.613624999999999 0 -0.97968126293458224 -0.20056077147563478 0 
1 12.903658999999999 18.501359999999998 0 -0.098541118271508327 0.99513298006336848 0 
1 12.60211 21.546600000000002 0 0.27833360980948357 -0.9604844619515831 0 
1 13.827374000000001 28.167551 0 -0.0077842476440251615 -0.99996970228533244 0 
1 13.786243000000001 22.883835000000001 0 -0.58419369441619551 0.81161427254845431 0 
1 11.748899 25.714296000000001 0 0.64642129095919654 0.76298067773348344 0 
1 14.863894 23.10445 0 0.12174783046576015 0.99256106400406441 0 
1 15.516067 28.421354000000001 0 0.97968111921171619 0.20056147351891701 0 
1 16.064447000000001 28.533619000000002 0 -0.21591421458432053 -0.97641233704846031 0 
1 13.827374000000001 28.167551 0 0.98889343985839462 0.14862625812766536 0 
1 15.516067 28.421354000000001 0 -0.12174783046576015 -0.99256106400406441 0 
1 14.863894 23.10445 0 -0.20056072977901149 0.97968127147073214 0 
1 14.863894 23.10445 0 0.3454682496728036 -0.9384304388008784 0 
1 17.587557 15.705888 0 -0.96179684297095958 0.2737641920542116 0 
1 16.303716999999999 16.071318000000002 0 -0.2005603941819496 0.97968134017423292 0 
1 17.587557 15.705888 0 -0.3454682496728036 0.9384304388008784 0 
1 14.863894 23.10445 0 0.83328212853321881 -0.55284798477262109 0 
1 21.410730000000001 18.760897 0 -0.78122048631406105 -0.62425519762611659 0 
1 15.360052 15.196227 0 -0.4874881183422306 0.87312962066073063 0 
1 13.452040999999999 18.613624999999999 0 0.078025004059265907 0.99695140239710356 0 
1 13.786243000000001 22.883835000000001 0 0.20056059637205212 -0.97968129878184718 0 
1 14.305251 14.445930000000001 0 0.39995742913539789 -0.91653371726271116 0 
1 15.89917 10.793340000000001 0 -0.51770913253542583 0.85555669250460376 0 
1 13.756869999999999 14.333665999999999 0 0.97968154209360425 0.20055940785985957 0 
1 8.4105329999999991 10.787181 0 0.83332426970636553 0.5527844620811555 0 
1 13.756869999999999 14.333665999999999 0 0.43792932573108323 -0.89900940243398952 0 
1 15.74334 10.255713 0 -0.99738376467289658 0.072288491248054837 0 
1 13.756869999999999 14.333665999999999 0 0.51770913253542583 -0.85555669250460376 0 
1 15.89917 10.793340000000001 0 -0.27838959930415208 -0.960468235289056 0 
1 15.74334 10.255713 0 -0.43792932573108323 0.89900940243398952 0 
1 16.425701 12.6099 0 -0.75598779520449055 0.65458571134867671 0 
1 14.305251 14.445930000000001 0 0.81487640184488019 0.57963475544202947 0 
1 15.360052 15.196227 0 0.38096095673512098 -0.92459112554872669 0 
1 15.360052 15.196227 0 -0.81487640184488019 -0.57963475544202947 0 
1 14.305251 14.445930000000001 0 -0.20056024776859827 0.9796813701479673 0 
1 13.452040999999999 18.613624999999999 0 0.4874881183422306 -0.87312962066073063 0 
1 26.373906999999999 10.309205 0 -0.96046766599512357 0.27839156341002858 0 
1 16.581531999999999 13.147525 0 0.99925933489868468 0.038480925376586192 0 
1 21.845461 13.350236000000001 0 0.83017845547918423 -0.55749774175165601 0 
1 15.360052 15.196227 0 0.9617970015360211 -0.27376363497791156 0 
1 17.286417 14.647911000000001 0 -0.42521467480739311 -0.9050925258383492 0 
1 16.581531999999999 13.147525 0 -0.51210735864377344 0.85892144764401912 0 
1 14.305251 14.445930000000001 0 0.75598779520449055 -0.65458571134867671 0 
1 16.425701 12.6099 0 -0.27839208251872583 -0.96046751553130982 0 
1 15.89917 10.793340000000001 0 -0.39995742913539789 0.91653371726271116 0 
1 16.425701 12.6099 0 0.96046764737066659 -0.27839162766551839 0 
1 26.218077000000001 9.7715789999999991 0 -0.27839257026976094 -0.96046737415624706 0 
1 25.691545000000001 7.9550190000000001 0 -0.89357851463360416 0.44890693710968854 0 
1 15.360052 15.196227 0 0.51210735864377344 -0.85892144764401912 0 
1 16.581531999999999 13.147525 0 -0.27839220271348192 -0.96046748069277998 0 
1 16.425701 12.6099 0 -0.38096095673512098 0.92459112554872669 0 
1 21.845461 13.350236000000001 0 -0.99925933489868468 -0.038480925376586192 0 
1 16.581531999999999 13.147525 0 0.42521467480739311 0.9050925258383492 0 
1 17.286417 14.647911000000001 0 0.9617970323477788 -0.2737635267288282 0 
1 17.286417 14.647911000000001 0 0.27376356485377473 0.96179702149598745 0 
1 17.587557 15.705888 0 0.95749674407109453 0.28844407619719442 0 
1 20.806286 16.675523999999999 0 -0.86651366949149899 -0.49915334375758463 0 
1 8.4105329999999991 10.787181 0 0.50330161290739461 0.8641108068094131 0 
1 12.903658999999999 18.501359999999998 0 0.20056051956566262 -0.97968131450566687 0 
1 13.756869999999999 14.333665999999999 0 -0.83332426970636553 -0.5527844620811555 0 
1 13.827374000000001 28.167551 0 0.18567328666026034 0.98261153596972228 0 
1 14.662856 32.58905 0 0.20056042719180708 -0.97968133341645325 0 
1 15.516067 28.421354000000001 0 -0.98889343985839462 -0.14862625812766536 0 
1 26.205262999999999 5.547123 0 -0.95927331286129369 0.28247957666372708 0 
1 8.4105329999999991 10.787181 0 0.99738376467289658 -0.072288491248054837 0 
1 15.74334 10.255713 0 0.91189786676845386 -0.41041720307894397 0 
1 21.566561 19.298522999999999 0 -0.86959062890970229 0.49377336715585263 0 
1 14.863894 23.10445 0 0.49350147679503115 0.86974495824990172 0 
1 18.191538000000001 28.969076000000001 0 0.32950917811774244 -0.94415237199096735 0 
1 20.429569000000001 37.090373999999997 0 -0.60023964237056615 0.79982021212698473 0 
1 18.835536999999999 39.214424000000001 0 0.99899031363958579 0.044926086567626589 0 
1 20.429569000000001 39.286110000000001 0 0 -1 0 
1 27.994161999999999 37.102809999999998 0 -0.98694329739736386 -0.16106808412102802 0 
1 21.774457999999999 36.087761 0 -0.21336183357246255 0.97697324834132315 0 
1 21.52957 37.209091000000001 0 0.999864882687167 -0.016438259304976638 0 
1 21.52957 37.209091000000001 0 0 1 0 
1 21.52957 39.286110000000001 0 0.98951922820555116 0.14440116693257812 0 
1 27.994161999999999 40.229492 0 0 -1 0 
1 27.994161999999999 37.102809999999998 0 -0.999864882687167 0.016438259304976638 0 
1 20.429569000000001 37.090373999999997 0 -0.59915079460697207 -0.80063620035683736 0 
1 18.835536999999999 34.960293 0 0 1 0 
1 18.835536999999999 39.214424000000001 0 0.60023964237056615 -0.79982021212698473 0 
1 18.866453 33.449607999999998 0 -0.36414986846564501 0.93134036382863461 0 
1 18.275782 34.960293 0 1 0 0 
1 18.835536999999999 34.960293 0 0.020460604323338884 -0.99979065992372795 0 
1 18.835536999999999 34.960293 0 0.38271268980378292 -0.9238674131406267 0 
1 19.414833000000002 33.561874000000003 0 -0.97968076818749561 -0.20056318815664731 0 
1 18.866453 33.449607999999998 0 -0.020460604323338884 0.99979065992372795 0 
1 19.414833000000002 33.561874000000003 0 -0.38271268980378292 0.9238674131406267 0 
1 18.835536999999999 34.960293 0 0.90191356279015866 0.43191657210063428 0 
1 20.699787000000001 35.853062000000001 0 -0.48915061565848583 -0.87219933226351665 0 
1 18.191538000000001 28.969076000000001 0 0.14895237848388573 0.98884437043651785 0 
1 18.866453 33.449607999999998 0 0.20056051956566306 -0.97968131450566664 0 
1 19.719664000000002 29.281914 0 -0.97968134040853772 -0.20056039303743628 0 
1 21.748024000000001 31.053239999999999 0 -0.66568374932517393 -0.74623397529486624 0 
1 20.268045000000001 29.394178 0 -0.20056065280185359 0.97968128722952263 0 
1 19.414833000000002 33.561874000000003 0 0.68103790061546732 -0.73224816689786032 0 
1 21.774457999999999 36.087761 0 -0.0052504767857267879 -0.99998621615176397 0 
1 21.748024000000001 31.053239999999999 0 -0.21336196962625198 0.97697321862843634 0 
1 20.699787000000001 35.853062000000001 0 0.97697307971440861 0.21336260570527299 0 
1 20.268045000000001 29.394178 0 0.4474422420064974 -0.89431283121075644 0 
1 23.537452999999999 22.859539000000002 0 -0.51098437178097456 0.8595900021496311 0 
1 19.719664000000002 29.281914 0 0.9796815420936047 0.20055940785985715 0 
1 20.268045000000001 29.394178 0 0.66568374932517393 0.74623397529486624 0 
1 21.748024000000001 31.053239999999999 0 0.21336197656434175 -0.97697321711322127 0 
1 22.258492 28.715834000000001 0 -0.94654176946788471 0.32258127449157004 0 
1 20.699787000000001 35.853062000000001 0 0.21336196962625198 -0.97697321862843634 0 
1 21.748024000000001 31.053239999999999 0 -0.68103790061546732 0.73224816689786032 0 
1 19.414833000000002 33.561874000000003 0 0.48915061565848583 0.87219933226351665 0 
1 18.835536999999999 34.960293 0 0.59915079460697207 0.80063620035683736 0 
1 20.429569000000001 37.090373999999997 0 0.21336229657287833 -0.9769731472262414 0 
1 20.699787000000001 35.853062000000001 0 -0.90191356279015866 -0.43191657210063428 0 
1 18.191538000000001 28.969076000000001 0 0.97968134040853772 0.20056039303743628 0 
1 19.719664000000002 29.281914 0 0.1819103106363692 -0.98331512694770429 0 
1 21.566561 19.298522999999999 0 -0.32950917811774244 0.94415237199096735 0 
1 21.748024000000001 31.053239999999999 0 0.0052504767857267879 0.99998621615176397 0 
1 21.774457999999999 36.087761 0 0.21336188476937892 -0.97697323716039342 0 
1 22.822695 31.287936999999999 0 -0.97697345871192898 -0.21336087029361961 0 
1 21.774457999999999 36.087761 0 0.99289043785892206 -0.1190318377927433 0 
1 27.994161999999999 35.342117000000002 0 -0.78699177559739408 -0.616963487689556 0 
1 22.822695 31.287936999999999 0 -0.21336188476937892 0.97697323716039342 0 
1 27.994161999999999 35.342117000000002 0 0 1 0 
1 27.994161999999999 37.102809999999998 0 1 0 0 
1 29.094162000000001 37.102809999999998 0 0 -1 0 
1 29.094162000000001 35.342117000000002 0 -1 0 0 
1 26.729016999999999 29.580321999999999 0 -0.91627795712385718 0.40054301303222217 0 
1 22.822695 31.287936999999999 0 0.96093595402391963 -0.27677082986496171 0 
1 26.884848000000002 30.117947000000001 0 -0.27839220271348691 -0.96046748069277832 0 
1 22.822695 31.287936999999999 0 0.97617910041112288 0.2169662736937025 0 
1 27.994161999999999 32.437351 0 -0.43146620473130326 -0.90212910061407792 0 
1 26.884848000000002 30.117947000000001 0 -0.96093595402391963 0.27677082986496171 0 
1 27.994161999999999 32.437351 0 -0.97617910041112288 -0.2169662736937025 0 
1 22.822695 31.287936999999999 0 0.78699177559739408 0.616963487689556 0 
1 27.994161999999999 35.342117000000002 0 0 -1 0 
1 27.994161999999999 37.102809999999998 0 0 -1 0 
1 27.994161999999999 35.342117000000002 0 -0.99289043785892206 0.1190318377927433 0 
1 21.774457999999999 36.087761 0 0.98694329739736386 0.16106808412102802 0 
1 29.094162000000001 35.342117000000002 0 0.58976790020497682 -0.80757279788747993 0 
1 31.074316 32.630679999999998 0 -0.95481667982262741 0.29719540361939367 0 
1 29.094162000000001 33.247020999999997 0 0 1 0 
1 30.747402000000001 31.580383000000001 0 -0.93521177994343896 -0.35408886830148228 0 
1 26.884848000000002 30.117947000000001 0 0.43146620473130326 0.90212910061407792 0 
1 27.994161999999999 32.437351 0 0.95481698207402799 -0.29719443255728289 0 
1 23.333162000000002 28.950531000000002 0 0.033521007930073336 -0.99943801309903757 0 
1 23.537452999999999 22.859539000000002 0 -0.21336197105363633 0.9769732183167088 0 
1 22.258492 28.715834000000001 0 0.97697341732746235 0.21336105979184661 0 
1 23.333162000000002 28.950531000000002 0 0.57744574985801222 -0.81642905752485184 0 
1 25.612414999999999 25.727979999999999 0 -0.27838959930415091 -0.96046823528905656 0 
1 25.456585 25.190353000000002 0 -0.49172464168772256 0.87075075466925722 0 
1 25.612414999999999 25.727979999999999 0 -0.57744574985801222 0.81642905752485184 0 
1 23.333162000000002 28.950531000000002 0 0.89403166609944718 -0.44800377231832161 0 
1 26.138947000000002 27.544537999999999 0 -0.27839285302036948 -0.96046729220061366 0 
1 22.258492 28.715834000000001 0 0.21336197105363633 -0.9769732183167088 0 
1 23.537452999999999 22.859539000000002 0 -0.4474422420064974 0.89431283121075644 0 
1 20.268045000000001 29.394178 0 0.94654176946788471 -0.32258127449157004 0 
1 23.333162000000002 28.950531000000002 0 0.95960174029322665 -0.28136186668809759 0 
1 26.294777 28.082165 0 -0.27838959930414919 -0.960468235289057 0 
1 26.138947000000002 27.544537999999999 0 -0.89403166609944718 0.44800377231832161 0 
1 25.612414999999999 25.727979999999999 0 0.27839285302036948 0.96046729220061366 0 
1 26.138947000000002 27.544537999999999 0 0.81165871448416349 -0.58413194673970281 0 
1 30.720265999999999 24.247468999999999 0 -0.96046764929113693 0.27839162103978177 0 
1 26.138947000000002 27.544537999999999 0 0.96046769956975242 -0.27839144757550954 0 
1 31.246797999999998 26.064028 0 -0.27839271164499535 -0.960467333178462 0 
1 30.720265999999999 24.247468999999999 0 -0.81165871448416349 0.58413194673970281 0 
1 31.402628 26.601654 0 -0.96046764929113693 0.27839162103978177 0 
1 26.294777 28.082165 0 0.27839107685118092 0.96046780702407708 0 
1 26.729016999999999 29.580321999999999 0 0.84328927109583818 -0.53745995688483628 0 
1 26.729016999999999 29.580321999999999 0 -0.27839107685118092 -0.96046780702407708 0 
1 26.294777 28.082165 0 -0.95960174029322665 0.28136186668809759 0 
1 23.333162000000002 28.950531000000002 0 0.98323381259052178 0.18234930704202482 0 
1 26.729016999999999 29.580321999999999 0 -0.98323381259052178 -0.18234930704202482 0 
1 23.333162000000002 28.950531000000002 0 -0.21336157761856067 0.97697330423923001 0 
1 22.822695 31.287936999999999 0 0.91627795712385718 -0.40054301303222217 0 
1 29.094162000000001 37.102809999999998 0 0.40486449807413194 -0.9143766938188993 0 
1 31.074316 32.630679999999998 0 -0.58976790020497682 0.80757279788747993 0 
1 29.094162000000001 35.342117000000002 0 0 1 0 
1 23.333162000000002 28.950531000000002 0 0.49172464168772256 -0.87075075466925722 0 
1 25.456585 25.190353000000002 0 -0.63563582895839355 -0.77198904975677973 0 
1 23.537452999999999 22.859539000000002 0 -0.033521007930073336 0.99943801309903757 0 
1 21.566561 19.298522999999999 0 -0.27839172502779569 -0.96046761915019707 0 
1 21.410730000000001 18.760897 0 -0.83328212853321881 0.55284798477262109 0 
1 14.863894 23.10445 0 0.86959062890970229 -0.49377336715585263 0 
1 20.806286 16.675523999999999 0 -0.95749674407109453 -0.28844407619719442 0 
1 17.587557 15.705888 0 0.91306107408353843 0.40782284756180015 0 
1 20.962116000000002 17.213149999999999 0 -0.27839007698591894 -0.96046809683392087 0 
1 28.687559 17.234501000000002 0 -0.96046764246532923 0.27839164458922355 0 
1 21.566561 19.298522999999999 0 0.80225540538069884 0.59698095827040454 0 
1 23.930914000000001 21.057905000000002 0 0.77942091879900433 -0.62650062357392433 0 
1 20.962116000000002 17.213149999999999 0 -0.91306107408353843 -0.40782284756180015 0 
1 17.587557 15.705888 0 0.78122048631406105 0.62425519762611659 0 
1 21.410730000000001 18.760897 0 -0.27839128591173684 -0.96046774642796273 0 
1 25.456585 25.190353000000002 0 -0.37368450020815425 -0.92755587125745809 0 
1 24.612123 23.094238000000001 0 -0.97697303832928506 -0.21336279520489429 0 
1 23.537452999999999 22.859539000000002 0 0.63563582895839355 0.77198904975677973 0 
1 21.410730000000001 18.760897 0 0.96046763201200658 -0.27839168065380271 0 
1 28.531727 16.696874999999999 0 -0.27839145184042752 -0.9604676983335666 0 
1 28.083113000000001 15.149129 0 -0.87942658263452067 0.47603454260774858 0 
1 24.612123 23.094238000000001 0 0.37368450020815425 0.92755587125745809 0 
1 25.456585 25.190353000000002 0 -0.20649388941559055 -0.97844789009636168 0 
1 24.816610000000001 22.157903999999998 0 -0.21336223067793972 0.97697316161711101 0 
1 21.566561 19.298522999999999 0 0.48424352955020195 0.87493325693378621 0 
1 23.537452999999999 22.859539000000002 0 0.21336233029732884 -0.97697313986111889 0 
1 23.930914000000001 21.057905000000002 0 -0.80225540538069884 -0.59698095827040454 0 
1 23.537452999999999 22.859539000000002 0 -0.48424352955020195 -0.87493325693378621 0 
1 21.566561 19.298522999999999 0 -0.1819103106363692 0.98331512694770429 0 
1 19.719664000000002 29.281914 0 0.51098437178097456 -0.8595900021496311 0 
1 20.806286 16.675523999999999 0 0.96046765762326547 -0.27839159229344157 0 
1 27.927282000000002 14.611503000000001 0 -0.99938220921188037 -0.035145410949105123 0 
1 22.146601 14.408213 0 -0.50888135594276074 0.86083666602547626 0 
1 25.691545000000001 7.9550190000000001 0 -0.96046763976903082 0.27839165389161213 0 
1 15.89917 10.793340000000001 0 0.27839208251872583 0.96046751553130982 0 
1 16.425701 12.6099 0 0.89357851463360416 -0.44890693710968854 0 
1 20.806286 16.675523999999999 0 0.50888135594276074 -0.86083666602547626 0 
1 22.146601 14.408213 0 -0.27376356485377473 -0.96179702149598745 0 
1 21.845461 13.350236000000001 0 -0.29828087686230464 0.95447813935063741 0 
1 26.205262999999999 5.547123 0 -0.33704813549053081 0.94148741593414653 0 
1 25.535715 7.4173929999999997 0 0.27839007698591856 0.96046809683392109 0 
1 25.691545000000001 7.9550190000000001 0 0.20865149358354576 -0.97799005834689123 0 
1 15.74334 10.255713 0 0.96046766599512357 -0.27839156341002869 0 
1 25.535715 7.4173929999999997 0 0.33704813549053081 -0.94148741593414653 0 
1 26.205262999999999 5.547123 0 -0.91189786676845386 0.41041720307894397 0 
1 26.218077000000001 9.7715789999999991 0 0.72090069822107272 -0.6930383707301998 0 
1 28.070191999999999 7.991047 0 -0.99988531262739611 -0.015144688574361735 0 
1 25.691545000000001 7.9550190000000001 0 0.27839257026976094 0.96046737415624706 0 
1 25.691545000000001 7.9550190000000001 0 0.96978668678176083 -0.24395446735170687 0 
1 28.070191999999999 7.3566589999999996 0 -0.71768495497504847 -0.69636793823557297 0 
1 26.205262999999999 5.547123 0 -0.20865149358354576 0.97799005834689123 0 
1 26.373906999999999 10.309205 0 -0.25914988160601576 0.96583711818483564 0 
1 25.864927000000002 12.206144999999999 0 0.27376356485377434 0.96179702149598778 0 
1 26.166067000000002 13.264122 0 0.07016365503465348 -0.99753549386083418 0 
1 26.373906999999999 10.309205 0 -0.83017845547918423 0.55749774175165601 0 
1 21.845461 13.350236000000001 0 0.96179702312372817 -0.27376355913513145 0 
1 25.864927000000002 12.206144999999999 0 0.25914988160601576 -0.96583711818483564 0 
1 17.286417 14.647911000000001 0 0.86651366949149899 0.49915334375758463 0 
1 20.806286 16.675523999999999 0 0.29828087686230464 -0.95447813935063741 0 
1 21.845461 13.350236000000001 0 -0.9617970323477788 0.2737635267288282 0 
1 27.992433999999999 21.057905000000002 0 0.17887563293719955 -0.98387169282448417 0 
1 28.687559 17.234501000000002 0 -0.77942091879900433 0.62650062357392433 0 
1 23.930914000000001 21.057905000000002 0 1 0 0 
1 21.410730000000001 18.760897 0 0.87942658263452067 -0.47603454260774858 0 
1 28.083113000000001 15.149129 0 -0.96046766807658313 0.27839155622886741 0 
1 20.962116000000002 17.213149999999999 0 0.27839128591173684 0.96046774642796273 0 
1 28.531727 16.696874999999999 0 0.5364327438135662 -0.84394307353319098 0 
1 29.639433 14.954176 0 -0.99224543524229747 0.12429399116941993 0 
1 28.083113000000001 15.149129 0 0.27839145184042752 0.9604676983335666 0 
1 30.564436000000001 23.709842999999999 0 -0.69620522962927511 -0.71784279493274039 0 
1 27.992433999999999 21.057905000000002 0 0 1 0 
1 27.992433999999999 22.157903999999998 0 0.85620697694555004 0.51663295735924775 0 
1 27.927282000000002 14.611503000000001 0 -0.79423388572063469 -0.60761215818406888 0 
1 26.166067000000002 13.264122 0 -0.96179702312372839 0.27376355913513106 0 
1 22.146601 14.408213 0 0.99938220921188037 0.035145410949105123 0 
1 28.687559 17.234501000000002 0 -0.17887563293719955 0.98387169282448417 0 
1 27.992433999999999 21.057905000000002 0 0.54919716843260413 -0.83569280850418348 0 
1 30.631287 17.042460999999999 0 -0.99515474028925588 0.098321121229488329 0 
1 30.564436000000001 23.709842999999999 0 0.010026070189867106 -0.9999497376951243 0 
1 30.631287 17.042460999999999 0 -0.54919716843260413 0.83569280850418348 0 
1 27.992433999999999 21.057905000000002 0 0.69620522962927511 0.71784279493274039 0 
1 28.687559 17.234501000000002 0 0.99515474028925588 -0.098321121229488329 0 
1 30.631287 17.042460999999999 0 0 -1 0 
1 30.631287 16.408072000000001 0 -0.92027217632153124 0.39127882831611605 0 
1 33.983550999999999 21.057905000000002 0 -0.64086793708823164 -0.76765114942418611 0 
1 30.631287 17.042460999999999 0 -0.010026070189867106 0.9999497376951243 0 
1 30.564436000000001 23.709842999999999 0 0.79017733497278797 -0.61287827445203358 0 
1 28.531727 16.696874999999999 0 0.27839337306721773 0.96046714146411949 0 
1 28.687559 17.234501000000002 0 0.92027217632153124 -0.39127882831611605 0 
1 30.631287 16.408072000000001 0 -0.99067161132272819 0.13627090121970117 0 
1 24.816610000000001 22.157903999999998 0 0.20649388941559055 0.97844789009636168 0 
1 25.456585 25.190353000000002 0 0.64149847590805453 -0.76712430896670392 0 
1 27.992433999999999 22.157903999999998 0 -1 0 0 
1 30.631287 16.408072000000001 0 -0.5635545064975781 -0.82607888134624952 0 
1 29.639433 14.954176 0 -0.5364327438135662 0.84394307353319098 0 
1 28.531727 16.696874999999999 0 0.99067161132272819 -0.13627090121970117 0 
1 28.737888000000002 9.5956759999999992 0 -0.38417439376675866 -0.92326054566083537 0 
1 28.070191999999999 7.991047 0 -0.5905262805313195 0.80701840871311314 0 
1 26.373906999999999 10.309205 0 0.95734178702190087 -0.28895796030169035 0 
1 28.737888000000002 10.230064 0 -0.64660735325881524 0.76282300090625843 0 
1 26.166067000000002 13.264122 0 0.79423388572063469 0.60761215818406888 0 
1 27.927282000000002 14.611503000000001 0 0.18192183295381251 -0.98331299528416949 0 
1 28.070191999999999 7.991047 0 0 -1 0 
1 28.070191999999999 7.3566589999999996 0 -0.96978668678176083 0.24395446735170687 0 
1 25.691545000000001 7.9550190000000001 0 0.99988531262739611 0.015144688574361735 0 
1 34.115540000000003 7.991047 0 -1 0 0 
1 28.070191999999999 7.991047 0 0.38417439376675866 0.92326054566083537 0 
1 28.737888000000002 9.5956759999999992 0 1 0 0 
1 34.115540000000003 9.5956759999999992 0 0 -1 0 
1 26.373906999999999 10.309205 0 -0.07016365503465348 0.99753549386083418 0 
1 26.166067000000002 13.264122 0 0.64660735325881524 -0.76282300090625843 0 
1 28.737888000000002 10.230064 0 -0.99944008740288226 0.033459104771633663 0 
1 26.373906999999999 10.309205 0 0.5905262805313195 -0.80701840871311314 0 
1 28.070191999999999 7.991047 0 -0.72090069822107272 0.6930383707301998 0 
1 26.218077000000001 9.7715789999999991 0 0.27839007698591228 0.96046809683392287 0 
1 27.927282000000002 14.611503000000001 0 0.98579400860797173 -0.16795884196024452 0 
1 29.639433 14.319788000000001 0 -0.2152730322836186 -0.97655390100670647 0 
1 28.737888000000002 10.230064 0 -0.18192183295381251 0.98331299528416949 0 
1 35.017082000000002 14.954176 0 -1 0 0 
1 29.639433 14.954176 0 0.5635545064975781 0.82607888134624952 0 
1 30.631287 16.408072000000001 0 1 0 0 
1 35.017082000000002 16.408072000000001 0 0 -1 0 
1 26.373906999999999 10.309205 0 0.99944008740288226 -0.033459104771633663 0 
1 28.737888000000002 10.230064 0 0 -1 0 
1 28.737888000000002 9.5956759999999992 0 -0.95734178702190087 0.28895796030169035 0 
1 32.032684000000003 11.60568 0 0.83443788607319014 -0.55110199989267472 0 
1 34.115540000000003 10.230064 0 -1 0 0 
1 28.737888000000002 10.230064 0 0.922799821031836 0.38527975589642838 0 
1 29.639433 14.319788000000001 0 0.66138073492430893 -0.75005034729075426 0 
1 32.032684000000003 11.60568 0 -0.922799821031836 -0.38527975589642838 0 
1 28.737888000000002 10.230064 0 0.2152730322836186 0.97655390100670647 0 
1 29.639433 14.319788000000001 0 -0.98579400860797173 0.16795884196024452 0 
1 27.927282000000002 14.611503000000001 0 0.27839172502779569 0.96046761915019707 0 
1 28.083113000000001 15.149129 0 0.88251684263419783 -0.47028079108865017 0 
1 29.639433 14.319788000000001 0 -0.88251684263419783 0.47028079108865017 0 
1 28.083113000000001 15.149129 0 0.99224543524229747 -0.12429399116941993 0 
1 29.639433 14.954176 0 0 -1 0 
1 25.456585 25.190353000000002 0 0.96046769956975231 -0.27839144757550999 0 
1 30.564436000000001 23.709842999999999 0 -0.85620697694555004 -0.51663295735924775 0 
1 27.992433999999999 22.157903999999998 0 -0.64149847590805453 0.76712430896670392 0 
1 34.115540000000003 7.3566589999999996 0 -0.97481906851038858 -0.22299727278273734 0 
1 26.205262999999999 5.547123 0 0.71768495497504847 0.69636793823557297 0 
1 28.070191999999999 7.3566589999999996 0 1 0 0 
1 30.720265999999999 24.247468999999999 0 0.84214687321308124 -0.53924822107952342 0 
1 33.983550999999999 22.157903999999998 0 -0.91058748640436082 0.41331637954935679 0 
1 30.564436000000001 23.709842999999999 0 0.27839007698591312 0.96046809683392265 0 
1 18.866453 33.449607999999998 0 -0.97968161812875587 -0.20055903644718306 0 
1 17.338325999999999 33.136772000000001 0 0.45721116054259631 0.88935817007282969 0 
1 18.275782 34.960293 0 0.36414986846564501 -0.93134036382863461 0 
1 32.330916999999999 57.904513999999999 0 -0.27298226423773991 -0.96201906603332799 0 
1 29.133223000000001 46.635494000000001 0 0.15923709700336994 0.9872403693822186 0 
1 31.196767999999999 59.429088999999998 0 0.59686903536988034 -0.80233867825041849 0 
1 35.833919999999999 61.871212 0 -0.44109022414563398 -0.89746276477810172 0 
1 35.163119999999999 60.506371000000001 0 -0.64824898126743058 0.7614284328062213 0 
1 29.909476999999999 66.677261000000001 0 0.77659883474727698 -0.62999543638757549 0 
1 38.594195999999997 69.579727000000005 0 -0.33594543405009164 -0.94188144972756294 0 
1 37.526615 66.586578000000003 0 -0.2873753083990544 0.95781805794344277 0 
1 34.503940999999998 76.661109999999994 0 0.50016659625247062 -0.86592919802557633 0 
1 35.163119999999999 60.506371000000001 0 0.88778204108020842 -0.46026410628622666 0 
1 36.778773999999999 59.668747000000003 0 -0.98917665495362905 -0.14672949701661531 0 
1 35.163119999999999 59.429088999999998 0 0 1 0 
1 36.312302000000003 57.904513999999999 0 -1 0 0 
1 32.330916999999999 57.904513999999999 0 -0.59686903536988034 0.80233867825041849 0 
1 31.196767999999999 59.429088999999998 0 1 0 0 
1 35.163119999999999 59.429088999999998 0 0.60192604377579451 -0.79855183790685769 0 
1 30.738361000000001 47.041018999999999 0 -0.9695368343229086 -0.24494555903529464 0 
1 29.133223000000001 46.635494000000001 0 0.27298226423773991 0.96201906603332799 0 
1 32.330916999999999 57.904513999999999 0 -0.14504672862398249 -0.98942480589253523 0 
1 30.738361000000001 47.041018999999999 0 1 0 0 
1 34.884791999999997 47.041018999999999 0 0 -1 0 
1 34.884791999999997 45.903480999999999 0 -0.96436757468760692 0.26456602369000987 0 
1 34.934769000000003 41.020527000000001 0 -0.57182086453636816 0.82037850951916136 0 
1 30.738361000000001 47.041018999999999 0 0.96436757468760692 -0.26456602369000987 0 
1 34.884791999999997 45.903480999999999 0 0.010234456956442775 -0.99994762657391534 0 
1 36.034770999999999 41.020527000000001 0 -1 0 0 
1 34.934769000000003 41.020527000000001 0 -0.010234456956442775 0.99994762657391534 0 
1 34.884791999999997 45.903480999999999 0 1 0 0 
1 36.084792999999998 45.903480999999999 0 -0.010243671240170149 -0.999947532223328 0 
1 36.034770999999999 40.001289 0 0 1 0 
1 36.034770999999999 41.020527000000001 0 0.72255662214413396 -0.69131174429171915 0 
1 37.100074999999997 40.001289 0 -1 0 0 
1 36.084792999999998 51.989314999999998 0 0.45447047107650906 -0.89076180369361146 0 
1 37.506717999999999 49.202342999999999 0 -0.39582975232998047 -0.91832391190167018 0 
1 36.084792999999998 45.903480999999999 0 0 1 0 
1 29.094162000000001 40.229492 0 0.99095267232106754 0.1342117775000948 0 
1 34.934769000000003 41.020527000000001 0 0 -1 0 
1 34.934769000000003 38.901291000000001 0 -0.97510433294312671 0.221746566772836 0 
1 35.833919999999999 61.871212 0 0.39425078687380316 -0.91900289284059766 0 
1 36.778773999999999 59.668747000000003 0 -0.88778204108020842 0.46026410628622666 0 
1 35.163119999999999 60.506371000000001 0 0.44109022414563398 0.89746276477810172 0 
1 39.128815000000003 69.579727000000005 0 -1 0 0 
1 38.594195999999997 69.579727000000005 0 -0.21908041956463459 0.97570680522551623 0 
1 37.004176999999999 76.661109999999994 0 0.28737557002849096 -0.95781797944640823 0 
1 38.594195999999997 68.526923999999994 0 -0.48205418830544539 -0.87614140384824757 0 
1 37.526615 66.586578000000003 0 0.33594543405009164 0.94188144972756294 0 
1 38.594195999999997 69.579727000000005 0 0 -1 0 
1 37.526615 66.586578000000003 0 0.96581687264281268 0.25922532383711483 0 
1 39.206077999999998 67.037345999999999 0 -0.31287366795768984 -0.94979475040595029 0 
1 36.778773999999999 59.668747000000003 0 0.10747720886902712 0.99420754853990301 0 
1 38.594195999999997 68.526923999999994 0 1 0 0 
1 44.813046 68.526923999999994 0 0.34525769388543659 -0.9385079247469944 0 
1 45.361030999999997 67.037345999999999 0 -1 0 0 
1 39.206077999999998 67.037345999999999 0 -0.37996722526749266 0.92499995012028113 0 
1 37.526615 66.586578000000003 0 0.48205418830544539 0.87614140384824757 0 
1 38.594195999999997 68.526923999999994 0 0.37996722526749266 -0.92499995012028113 0 
1 39.206077999999998 67.037345999999999 0 -0.96581687264281268 -0.25922532383711483 0 
1 36.778773999999999 59.668747000000003 0 -0.2556206980314959 -0.96677715050465007 0 
1 36.312302000000003 57.904513999999999 0 -0.60192604377579451 0.79855183790685769 0 
1 35.163119999999999 59.429088999999998 0 0.98917665495362905 0.14672949701661531 0 
1 37.506717999999999 49.202342999999999 0 -0.45447047107650906 0.89076180369361146 0 
1 36.084792999999998 51.989314999999998 0 1 0 0 
1 37.506717999999999 51.989314999999998 0 0 -1 0 
1 36.084792999999998 45.903480999999999 0 0.39582975232998047 0.91832391190167018 0 
1 37.506717999999999 49.202342999999999 0 1 0 0 
1 40.634948999999999 49.202342999999999 0 -0.80961053640504488 -0.5869674431703481 0 
1 36.084792999999998 45.903480999999999 0 0.80961053640504488 0.5869674431703481 0 
1 40.634948999999999 49.202342999999999 0 0.19412031204167338 -0.98097772882611523 0 
1 42.080482000000003 41.897410999999998 0 -0.83147738347648659 0.55555860245980848 0 
1 40.634948999999999 56.368839000000001 0 -0.94230178175720458 0.33476462193188439 0 
1 36.312302000000003 57.904513999999999 0 0.2556206980314959 0.96677715050465007 0 
1 36.778773999999999 59.668747000000003 0 0.75978060309595663 -0.65017954071098261 0 
1 37.526615 66.586578000000003 0 -0.10747720886902712 -0.99420754853990301 0 
1 36.778773999999999 59.668747000000003 0 -0.39425078687380316 0.91900289284059766 0 
1 35.833919999999999 61.871212 0 0.33786466746535471 0.94119470168426111 0 
1 37.100074999999997 40.001289 0 -0.72255662214413396 0.69131174429171915 0 
1 36.034770999999999 41.020527000000001 0 0.010243671240170149 0.999947532223328 0 
1 36.084792999999998 45.903480999999999 0 0.16952789542494695 -0.98552538915686405 0 
1 42.458271000000003 58.51482 0 -0.92437380043119177 0.38148797763022002 0 
1 38.143397999999998 60.295563000000001 0 0.31287372323070523 0.94979473219836086 0 
1 40.001868999999999 65.937347000000003 0 0.31418105668584406 -0.94936308313509132 0 
1 38.594195999999997 69.579727000000005 0 -0.50016659625247062 0.86592919802557633 0 
1 34.503940999999998 76.661109999999994 0 1 0 0 
1 37.004176999999999 76.661109999999994 0 0.21908041956463459 -0.97570680522551623 0 
1 37.100074999999997 40.001289 0 -0.16952789542494695 0.98552538915686405 0 
1 36.084792999999998 45.903480999999999 0 0.83147738347648659 -0.55555860245980848 0 
1 42.080482000000003 41.897410999999998 0 -0.93456112129378577 -0.35580262866665552 0 
1 31.992699000000002 28.637436000000001 0 -0.38969414675860276 0.920944337070425 0 
1 30.747402000000001 31.580383000000001 0 0.2971949689447827 0.95481681511895755 0 
1 31.074316 32.630679999999998 0 0.22413306230234958 -0.97455855154165627 0 
1 31.992699000000002 28.637436000000001 0 0.90913005006517966 -0.41651236724554019 0 
1 34.355400000000003 27.554978999999999 0 -0.9773912703136054 0.21143865473171367 0 
1 31.836867999999999 28.099812 0 0.27839268040074439 0.96046734223464825 0 
1 31.402628 26.601654 0 -0.84328927109583818 0.53745995688483628 0 
1 26.729016999999999 29.580321999999999 0 0.96046769956975242 -0.27839144757550938 0 
1 31.836867999999999 28.099812 0 -0.27839090543044592 -0.96046785671026835 0 
1 31.992699000000002 28.637436000000001 0 -0.22413306230234958 0.97455855154165627 0 
1 31.074316 32.630679999999998 0 0.86728544422892784 -0.49781116723977925 0 
1 35.459254999999999 30.113779000000001 0 -0.92003862511653667 -0.39182767678365049 0 
1 35.786166999999999 31.164078 0 -0.29719279541278032 -0.9548174916468265 0 
1 35.459254999999999 30.113779000000001 0 -0.86728544422892784 0.49781116723977925 0 
1 31.074316 32.630679999999998 0 0.95481694525886296 -0.29719455083586838 0 
1 37.100074999999997 38.901291000000001 0 -0.16741985695337994 -0.98588568885936756 0 
1 35.786166999999999 31.164078 0 -0.10937913940180069 0.99400010254713822 0 
1 34.934769000000003 38.901291000000001 0 1 0 0 
1 39.733051000000003 28.189367000000001 0 -1 0 0 
1 34.355400000000003 28.189367000000001 0 0.81651157958667431 0.57732905729823947 0 
1 36.582580999999998 29.764135 0 0.89448022089379564 -0.44710751998796283 0 
1 35.459254999999999 30.113779000000001 0 -0.49756235585699976 -0.86742821145846549 0 
1 34.355400000000003 28.189367000000001 0 -0.98248876734691704 0.1863218238348254 0 
1 31.992699000000002 28.637436000000001 0 0.92003862511653667 0.39182767678365049 0 
1 35.459254999999999 30.113779000000001 0 0.95481703367431858 -0.2971942667774316 0 
1 36.582580999999998 29.764135 0 -0.81651157958667431 -0.57732905729823947 0 
1 34.355400000000003 28.189367000000001 0 0.49756235585699976 0.86742821145846549 0 
1 34.934769000000003 38.901291000000001 0 0.10937913940180069 -0.99400010254713822 0 
1 35.786166999999999 31.164078 0 -0.95481694525886296 0.29719455083586838 0 
1 31.074316 32.630679999999998 0 0.52425653952943341 0.85156037998525014 0 
1 31.074316 32.630679999999998 0 -0.40486449807413194 0.9143766938188993 0 
1 29.094162000000001 37.102809999999998 0 0.95571592171099962 0.29429080343784852 0 
1 34.934769000000003 38.901291000000001 0 -0.52425653952943341 -0.85156037998525014 0 
1 34.355400000000003 28.189367000000001 0 0 -1 0 
1 34.355400000000003 27.554978999999999 0 -0.90913005006517966 0.41651236724554019 0 
1 31.992699000000002 28.637436000000001 0 0.98248876734691704 -0.1863218238348254 0 
1 33.687702000000002 25.95035 0 -0.99891728119315659 0.04652166520742957 0 
1 31.246797999999998 26.064028 0 0.27839007698591894 0.96046809683392087 0 
1 31.402628 26.601654 0 0.9616987672170636 -0.27410852072341713 0 
1 31.246797999999998 26.064028 0 0.99891728119315659 -0.04652166520742957 0 
1 33.687702000000002 25.95035 0 0 -1 0 
1 33.687702000000002 25.315961999999999 0 -0.95610666375041042 0.29301885183731718 0 
1 39.733051000000003 25.95035 0 -1 0 0 
1 33.687702000000002 25.95035 0 0.38417537467391133 0.92326013749872249 0 
1 34.355400000000003 27.554978999999999 0 1 0 0 
1 39.733051000000003 27.554978999999999 0 0 -1 0 
1 31.402628 26.601654 0 0.27839090543044592 0.96046785671026835 0 
1 31.836867999999999 28.099812 0 0.65250458970083292 -0.75778477183125537 0 
1 33.687702000000002 25.95035 0 -0.9616987672170636 0.27410852072341713 0 
1 30.720265999999999 24.247468999999999 0 0.94086557968997353 0.33878010708223461 0 
1 33.687702000000002 25.315961999999999 0 0.093272285442605768 -0.99564063836723393 0 
1 33.983550999999999 22.157903999999998 0 -0.84214687321308124 0.53924822107952342 0 
1 39.244114000000003 22.157903999999998 0 -1 0 0 
1 33.983550999999999 22.157903999999998 0 -0.093272285442605768 0.99564063836723393 0 
1 33.687702000000002 25.315961999999999 0 1 0 0 
1 39.733051000000003 25.315961999999999 0 -0.15299921887016105 -0.98822630961997793 0 
1 36.393439999999998 21.057905000000002 0 -0.32424724149496476 -0.94597237083484942 0 
1 35.017082000000002 17.042460999999999 0 -0.24926459619413469 0.9684354191602943 0 
1 33.983550999999999 21.057905000000002 0 1 0 0 
1 33.983550999999999 22.157903999999998 0 0 -1 0 
1 33.983550999999999 21.057905000000002 0 -0.79017733497278797 0.61287827445203358 0 
1 30.564436000000001 23.709842999999999 0 0.91058748640436082 -0.41331637954935679 0 
1 33.687702000000002 25.95035 0 -0.65250458970083292 0.75778477183125537 0 
1 31.836867999999999 28.099812 0 0.9773912703136054 -0.21143865473171367 0 
1 34.355400000000003 27.554978999999999 0 -0.38417537467391133 -0.92326013749872249 0 
1 33.983550999999999 21.057905000000002 0 0.24926459619413469 -0.9684354191602943 0 
1 35.017082000000002 17.042460999999999 0 -1 0 0 
1 30.631287 17.042460999999999 0 0.64086793708823164 0.76765114942418611 0 
1 31.246797999999998 26.064028 0 0.95610666375041042 -0.29301885183731718 0 
1 33.687702000000002 25.315961999999999 0 -0.94086557968997353 -0.33878010708223461 0 
1 30.720265999999999 24.247468999999999 0 0.27839271164499535 0.960467333178462 0 
1 37.100074999999997 38.901291000000001 0 -0.044011520668652361 -0.99903102356655205 0 
1 36.746056000000003 30.865304999999999 0 -0.9548170212405962 0.29719430672412755 0 
1 35.786166999999999 31.164078 0 0.16741985695337994 0.98588568885936756 0 
1 42.080482000000003 41.897410999999998 0 -0.18694811910925113 -0.98236978819664111 0 
1 39.985348000000002 30.887958999999999 0 -0.3387686823344504 0.94086969335258119 0 
1 37.100074999999997 38.901291000000001 0 0.85689452806652 0.51549177274681701 0 
1 36.746056000000003 30.865304999999999 0 0.044011520668652361 0.99903102356655205 0 
1 37.100074999999997 38.901291000000001 0 0.3387686823344504 -0.94086969335258119 0 
1 39.985348000000002 30.887958999999999 0 -0.99997554635126784 -0.0069933325019914576 0 
1 36.582580999999998 29.764135 0 0.99997554854726167 0.0069930184901254222 0 
1 39.993042000000003 29.787984999999999 0 -0.16052574574872228 -0.98703165347004784 0 
1 39.733051000000003 28.189367000000001 0 -0.89448022089379564 0.44710751998796283 0 
1 41.929313999999998 29.801525000000002 0 -0.45139666712617027 -0.89232339928267346 0 
1 41.113776999999999 28.189367000000001 0 -0.57404741941366011 0.81882205653274731 0 
1 39.993042000000003 29.787984999999999 0 0.9999755511365328 0.0069926482242119066 0 
1 41.113776999999999 28.189367000000001 0 0 -1 0 
1 41.113776999999999 27.554978999999999 0 -1 0 0 
1 39.733051000000003 27.554978999999999 0 0 1 0 
1 39.733051000000003 28.189367000000001 0 1 0 0 
1 39.993042000000003 29.787984999999999 0 0.57404741941366011 -0.81882205653274731 0 
1 41.113776999999999 28.189367000000001 0 -1 0 0 
1 39.733051000000003 28.189367000000001 0 0.16052574574872228 0.98703165347004784 0 
1 37.100074999999997 40.001289 0 0.93456112129378577 0.35580262866665552 0 
1 42.080482000000003 41.897410999999998 0 -0.85689452806652 -0.51549177274681701 0 
1 37.100074999999997 38.901291000000001 0 0 1 0 
1 41.921622999999997 30.901499000000001 0 -0.86601621812931429 -0.50001590968388165 0 
1 39.993042000000003 29.787984999999999 0 -0.0069945396788160599 0.99997553790814375 0 
1 39.985348000000002 30.887958999999999 0 0.99997555121229043 0.0069926373905653885 0 
1 39.733051000000003 25.95035 0 0 1 0 
1 39.733051000000003 27.554978999999999 0 1 0 0 
1 41.113776999999999 27.554978999999999 0 0 -1 0 
1 41.113776999999999 25.95035 0 -1 0 0 
1 39.733051000000003 25.315961999999999 0 1 0 0 
1 41.113776999999999 25.315961999999999 0 -0.50944363407228155 -0.86050402887100252 0 
1 39.244114000000003 22.157903999999998 0 0.15299921887016105 0.98822630961997793 0 
1 39.733051000000003 25.315961999999999 0 0 1 0 
1 39.733051000000003 25.95035 0 1 0 0 
1 41.113776999999999 25.95035 0 0 -1 0 
1 41.113776999999999 25.315961999999999 0 -1 0 0 
1 39.244114000000003 22.157903999999998 0 0.50944363407228155 0.86050402887100252 0 
1 41.113776999999999 25.315961999999999 0 0.70800411622808546 -0.70620830595801387 0 
1 43.446967999999998 22.988689000000001 0 -0.98101747983378174 -0.19391932410302895 0 
1 41.929313999999998 29.801525000000002 0 0.99997555027957219 0.0069927707717843748 0 
1 44.715980999999999 29.821012 0 -0.91091062699990399 -0.41260371983131916 0 
1 41.113776999999999 28.189367000000001 0 0.45139666712617027 0.89232339928267346 0 
1 39.864361000000002 21.054874000000002 0 0.72274042724142917 -0.69111958070284518 0 
1 41.054268 19.917027000000001 0 0 -1 0 
1 41.054268 19.679044999999999 0 -0.65415219643511335 0.75636294455712005 0 
1 42.080482000000003 55.681033999999997 0 -0.21776644727214739 -0.97600090903772574 0 
1 40.634948999999999 49.202342999999999 0 0 1 0 
1 40.634948999999999 56.368839000000001 0 0.90299239765287509 -0.42965652535614046 0 
1 29.133223000000001 45.105499000000002 0 0.63835298525755901 0.76974376659558763 0 
1 30.738361000000001 47.041018999999999 0 0.57182086453636816 -0.82037850951916136 0 
1 34.934769000000003 41.020527000000001 0 -0.81764702288068303 0.57571985025214811 0 
1 47.051406999999998 67.342712000000006 0 -0.98407164914496625 -0.17777229634874611 0 
1 45.361030999999997 67.037345999999999 0 -0.34525769388543659 0.9385079247469944 0 
1 44.813046 68.526923999999994 0 0.88391894966121365 -0.46764012919104458 0 
1 51.689357999999999 60.795712000000002 0 -0.71196665032595896 0.70221327872921446 0 
1 45.361030999999997 67.037345999999999 0 0.98407164914496625 0.17777229634874611 0 
1 47.051406999999998 67.342712000000006 0 0.57805822891328296 -0.81599551713574914 0 
1 40.001868999999999 65.937347000000003 0 1 0 0 
1 44.909832000000002 65.937347000000003 0 -0.31362283464162199 -0.94954763840017731 0 
1 42.458271000000003 58.51482 0 -0.31418105668584406 0.94936308313509132 0 
1 47.400227000000001 80.716980000000007 0 0.86382476209505488 -0.50379239810801224 0 
1 57.969219000000002 74.553023999999994 0 -0.98733335276974377 0.15865954275887922 0 
1 38.005412999999997 77.761107999999993 0 0.95390026571205111 0.30012377958848613 0 
1 50.589359000000002 60.335625 0 -0.91496011640298336 -0.40354427934470716 0 
1 46.461029000000003 58.51482 0 -0.20456559040405412 0.97885285882130457 0 
1 44.909832000000002 65.937347000000003 0 0.71196665278225613 -0.7022132762388007 0 
1 48.173740000000002 75.013000000000005 0 -0.14478046689022334 -0.98946380247437493 0 
1 47.051406999999998 67.342712000000006 0 -0.88391894966121365 0.46764012919104458 0 
1 44.813046 68.526923999999994 0 0.46005212073629287 0.88789191133044987 0 
1 45.830520999999997 75.389542000000006 0 0.98733345838334163 -0.15865888552737925 0 
1 48.173740000000002 75.013000000000005 0 -0.46005212073629287 -0.88789191133044987 0 
1 44.813046 68.526923999999994 0 0.14666020639786212 0.98918693069577934 0 
1 42.240208000000003 57.414822000000001 0 1 0 0 
1 45.361030999999997 57.414822000000001 0 0 -1 0 
1 45.361030999999997 55.681033999999997 0 -1 0 0 
1 42.080482000000003 55.681033999999997 0 0.091736982264800551 0.99578327264769206 0 
1 36.778773999999999 59.668747000000003 0 0.92437394206148216 -0.38148763444929057 0 
1 42.240208000000003 57.414822000000001 0 -0.83783144142842569 -0.54592900248472465 0 
1 40.634948999999999 56.368839000000001 0 -0.75978060309595663 0.65017954071098261 0 
1 48.450156999999997 45.152752 0 -0.85075893722524476 -0.52555611568259009 0 
1 43.180481 41.897410999999998 0 0 1 0 
1 43.180481 54.581032 0 0.48788706069005078 -0.87290676249598553 0 
1 40.634948999999999 56.368839000000001 0 0.83783144142842569 0.54592900248472465 0 
1 42.240208000000003 57.414822000000001 0 -0.091736982264800551 -0.99578327264769206 0 
1 42.080482000000003 55.681033999999997 0 -0.90299239765287509 0.42965652535614046 0 
1 50.589359000000002 60.335625 0 -0.58291114022226509 -0.81253590850175894 0 
1 46.461029000000003 54.581032 0 0 1 0 
1 46.461029000000003 58.51482 0 0.91496011640298336 0.40354427934470716 0 
1 46.461029000000003 58.51482 0 -1 0 0 
1 42.458271000000003 58.51482 0 0.31362283464162199 0.94954763840017731 0 
1 44.909832000000002 65.937347000000003 0 0.20456559040405412 -0.97885285882130457 0 
1 52.153804999999998 62.310211000000002 0 -0.29319032646229654 -0.95605409494909432 0 
1 51.689357999999999 60.795712000000002 0 -0.57805822891328296 0.81599551713574914 0 
1 47.051406999999998 67.342712000000006 0 0.71196652777068536 -0.70221340298669443 0 
1 51.689357999999999 60.795712000000002 0 0.29319032646229654 0.95605409494909432 0 
1 52.153804999999998 62.310211000000002 0 1 0 0 
1 54.459063999999998 62.310211000000002 0 -0.87739567196890067 -0.47976747994235819 0 
1 54.459063999999998 72.575478000000004 0 1 0 0 
1 56.869221000000003 72.575478000000004 0 -0.22857203057087713 -0.97352700365254696 0 
1 54.459063999999998 62.310211000000002 0 0 1 0 
1 57.969219000000002 52.939788999999998 0 0 1 0 
1 57.969219000000002 74.553023999999994 0 0.43131100355143853 0.90220331312595559 0 
1 60.915984999999999 80.716980000000007 0 -0.1054938533247694 -0.99441995500426883 0 
1 57.969219000000002 74.553023999999994 0 -0.86382476209505488 0.50379239810801224 0 
1 47.400227000000001 80.716980000000007 0 1 0 0 
1 60.915984999999999 80.716980000000007 0 -0.43131100355143853 -0.90220331312595559 0 
1 56.869221000000003 53.113174000000001 0 -0.55903902653248672 0.8291413430854897 0 
1 51.689357999999999 60.795712000000002 0 0.87739567196890067 0.47976747994235819 0 
1 54.459063999999998 62.310211000000002 0 0.25349809471631013 -0.96733588580968122 0 
1 50.589359000000002 50.999802000000003 0 -0.046958324144384042 -0.99889684942618118 0 
1 50.443145999999999 47.889561 0 -0.95577920528177063 0.29408521001734683 0 
1 49.391787999999998 48.213054999999997 0 0.39482456660441506 0.9187565301023094 0 
1 48.370426000000002 41.153224999999999 0 0.019931147316116435 0.9998013549534045 0 
1 48.450156999999997 45.152752 0 0.95577912665799669 -0.29408546554509829 0 
1 49.501514 44.829258000000003 0 -0.2940860680831347 -0.95577894126173435 0 
1 52.310394000000002 39.011211000000003 0 -0.43477011128235765 0.90054147618836877 0 
1 49.501514 44.829258000000003 0 0.29408593662340082 0.95577898171090636 0 
1 50.443145999999999 47.889561 0 0.20581223118483927 -0.97859150082898128 0 
1 49.391787999999998 48.213054999999997 0 -0.294085651319271 -0.9557790694967746 0 
1 48.450156999999997 45.152752 0 -0.20643051484341643 0.97846126266780853 0 
1 46.461029000000003 54.581032 0 0.41808098238651625 -0.90840976005694996 0 
1 56.869221000000003 72.575478000000004 0 0 -1 0 
1 56.869221000000003 53.113174000000001 0 -0.25349809471631013 0.96733588580968122 0 
1 54.459063999999998 62.310211000000002 0 0.22857203057087713 0.97352700365254696 0 
1 50.443145999999999 47.889561 0 0.046958324144384042 0.99889684942618118 0 
1 50.589359000000002 50.999802000000003 0 1 0 0 
1 51.689357999999999 50.999802000000003 0 -0.37193492791208743 -0.92825880518260107 0 
1 56.869221000000003 53.113174000000001 0 -0.77597054514666797 -0.63076914403352269 0 
1 50.443145999999999 47.889561 0 0.37193492791208743 0.92825880518260107 0 
1 51.689357999999999 50.999802000000003 0 0.92590128110810599 0.37776555910030762 0 
1 56.869221000000003 53.113174000000001 0 -0.92590128110810599 -0.37776555910030762 0 
1 51.689357999999999 50.999802000000003 0 0 1 0 
1 51.689357999999999 60.795712000000002 0 0.55903902653248672 -0.8291413430854897 0 
1 49.391787999999998 48.213054999999997 0 -0.41808098238651625 0.90840976005694996 0 
1 46.461029000000003 54.581032 0 0.75538617173708456 -0.65527988794742642 0 
1 50.589359000000002 50.999802000000003 0 -0.39482456660441506 -0.9187565301023094 0 
1 57.969219000000002 52.939788999999998 0 0.29884728873555644 -0.95430094729881032 0 
1 60.915984999999999 43.529961 0 -0.84128966188575816 -0.54058459541883586 0 
1 53.357059 38.672848000000002 0 0.30760202262128444 0.95151510533427419 0 
1 57.969219000000002 52.939788999999998 0 0.1054938533247694 0.99441995500426883 0 
1 60.915984999999999 80.716980000000007 0 0 -1 0 
1 60.915984999999999 43.529961 0 -0.29884728873555644 0.95430094729881032 0 
1 50.589359000000002 50.999802000000003 0 -0.75538617173708456 0.65527988794742642 0 
1 46.461029000000003 54.581032 0 0.58291114022226509 0.81253590850175894 0 
1 50.589359000000002 60.335625 0 0 -1 0 
1 44.587066999999998 32.798724999999997 0 -0.81469552622422869 -0.57988895449924482 0 
1 41.921622999999997 30.901499000000001 0 0.014445588886239676 0.99989565703713801 0 
1 42.080482000000003 41.897410999999998 0 0.26559446093174782 -0.96408484186941468 0 
1 40.634948999999999 49.202342999999999 0 0.21776644727214739 0.97600090903772574 0 
1 42.080482000000003 55.681033999999997 0 0 -1 0 
1 42.080482000000003 41.897410999999998 0 -0.19412031204167338 0.98097772882611523 0 
1 41.921622999999997 30.901499000000001 0 0.81469552622422869 0.57988895449924482 0 
1 44.587066999999998 32.798724999999997 0 -0.32852035260035212 -0.94449689143339177 0 
1 43.932053000000003 30.915558000000001 0 -0.99997554965308633 -0.0069928603595112958 0 
1 43.180481 41.897410999999998 0 0.15277739690890274 -0.98826062705833806 0 
1 44.587066999999998 32.798724999999997 0 -0.26559446093174782 0.96408484186941468 0 
1 42.080482000000003 41.897410999999998 0 1 0 0 
1 41.921622999999997 30.901499000000001 0 0.0069918125416910783 -0.99997555697996032 0 
1 41.929313999999998 29.801525000000002 0 -0.9999755511365328 -0.0069926482242119066 0 
1 39.993042000000003 29.787984999999999 0 0.86601621812931429 0.50001590968388165 0 
1 45.626010999999998 32.437351 0 -0.94449618348867237 0.32852238793624416 0 
1 44.587066999999998 32.798724999999997 0 0.30230798299837874 0.95321030387603967 0 
1 46.661693999999997 39.340252 0 -0.14837517925894925 -0.98893114329556564 0 
1 43.180481 41.897410999999998 0 0.80593338262896452 -0.59200623540992781 0 
1 46.661693999999997 39.340252 0 -0.30230798299837874 -0.95321030387603967 0 
1 44.587066999999998 32.798724999999997 0 -0.15277739690890274 0.98826062705833806 0 
1 48.315952000000003 28.189367000000001 0 -0.91081442200215668 0.41281604701474162 0 
1 44.715980999999999 29.821012 0 0.32852031690463657 0.94449690384928053 0 
1 45.626010999999998 32.437351 0 0.53498836397712701 -0.8448594264190209 0 
1 46.661693999999997 39.340252 0 -0.80593338262896452 0.59200623540992781 0 
1 43.180481 41.897410999999998 0 0.9948732244719668 -0.10112995218406767 0 
1 47.319068999999999 41.476719000000003 0 -0.29408606889235922 -0.95577894101274186 0 
1 47.159126000000001 25.95035 0 -1 0 0 
1 41.113776999999999 25.95035 0 0 1 0 
1 41.113776999999999 27.554978999999999 0 1 0 0 
1 48.315952000000003 27.554978999999999 0 -0.5848017223553692 -0.81117627278551085 0 
1 41.113776999999999 28.189367000000001 0 0.91091062699990399 0.41260371983131916 0 
1 44.715980999999999 29.821012 0 0.91081442200215668 -0.41281604701474162 0 
1 48.315952000000003 28.189367000000001 0 -1 0 0 
1 39.864361000000002 21.054874000000002 0 1 0 0 
1 43.901985000000003 21.054874000000002 0 -0.062513330068595829 -0.9980441290663129 0 
1 43.830714999999998 19.917027000000001 0 -1 0 0 
1 41.054268 19.917027000000001 0 -0.72274042724142917 0.69111958070284518 0 
1 43.446967999999998 22.988689000000001 0 0.98101716929320804 0.19392089508854221 0 
1 44.242942999999997 23.146032000000002 0 -0.16092247049505906 -0.98696705035668086 0 
1 43.901985000000003 21.054874000000002 0 -0.22904014736318509 0.97341697688906703 0 
1 41.113776999999999 25.315961999999999 0 1 0 0 
1 47.159126000000001 25.315961999999999 0 -0.80226651571074215 -0.59696602731591475 0 
1 44.242942999999997 23.146032000000002 0 -0.82175142808929391 0.56984611118547257 0 
1 48.315952000000003 27.554978999999999 0 -0.45902022413016424 -0.88842581785959696 0 
1 47.159126000000001 25.315961999999999 0 0 1 0 
1 47.159126000000001 25.95035 0 0.5848017223553692 0.81117627278551085 0 
1 43.901985000000003 21.054874000000002 0 0.16092247049505906 0.98696705035668086 0 
1 44.242942999999997 23.146032000000002 0 0.22903801507179339 -0.97341747860410488 0 
1 44.697955999999998 21.212215 0 -0.98101745283403519 -0.19391946069185922 0 
1 50.381988999999997 24.511078000000001 0 -0.97615965806529348 -0.21705373059647964 0 
1 44.242942999999997 23.146032000000002 0 0.80226651571074215 0.59696602731591475 0 
1 47.159126000000001 25.315961999999999 0 0.97020138625779673 -0.24229995894231901 0 
1 44.242942999999997 23.146032000000002 0 -0.98101716929320804 -0.19392089508854221 0 
1 43.446967999999998 22.988689000000001 0 -0.70800411622808546 0.70620830595801387 0 
1 41.113776999999999 25.315961999999999 0 0.82175142808929391 -0.56984611118547257 0 
1 44.697955999999998 21.212215 0 -0.55637899056549434 -0.83092864847550019 0 
1 43.830714999999998 19.917027000000001 0 0.062513330068595829 0.9980441290663129 0 
1 43.901985000000003 21.054874000000002 0 0.98101745283403519 0.19391946069185922 0 
1 47.713051 39.016758000000003 0 -0.30236056602411698 -0.9531936257201763 0 
1 45.626010999999998 32.437351 0 0.14837517925894925 0.98893114329556564 0 
1 46.661693999999997 39.340252 0 0.95577912665799669 -0.29408546554509829 0 
1 41.921622999999997 30.901499000000001 0 -0.99997555121229043 -0.0069926373905653885 0 
1 39.985348000000002 30.887958999999999 0 0.18694811910925113 0.98236978819664111 0 
1 42.080482000000003 41.897410999999998 0 -0.014445588886239676 -0.99989565703713801 0 
1 48.370426000000002 41.153224999999999 0 -0.9557791266579948 0.29408546554510412 0 
1 47.319068999999999 41.476719000000003 0 0.2940860680831352 0.95577894126173424 0 
1 48.450156999999997 45.152752 0 -0.019931147316116435 -0.9998013549534045 0 
1 45.626010999999998 32.437351 0 0.99809599334917432 0.061679721629762187 0 
1 50.381988999999997 32.731257999999997 0 -0.41405889542699575 -0.91025009262167944 0 
1 48.315952000000003 28.189367000000001 0 -0.53498836397712701 0.8448594264190209 0 
1 47.713051 39.016758000000003 0 0.99999927209944917 -0.0012065656102526201 0 
1 52.310394000000002 39.011211000000003 0 -0.29354511765260521 -0.95594522013675975 0 
1 50.381988999999997 32.731257999999997 0 -0.39084299268811684 0.92045736189494232 0 
1 52.310394000000002 39.011211000000003 0 -0.99999927209944917 0.0012065656102526201 0 
1 47.713051 39.016758000000003 0 0.29408606889236011 0.95577894101274175 0 
1 48.370426000000002 41.153224999999999 0 0.87855648229508898 -0.4776384693649362 0 
1 47.713051 39.016758000000003 0 0.39084299268811684 -0.92045736189494232 0 
1 50.381988999999997 32.731257999999997 0 -0.99809599334917432 -0.061679721629762187 0 
1 45.626010999999998 32.437351 0 0.30236056602411698 0.9531936257201763 0 
1 50.443145999999999 47.889561 0 0.77597054514666797 0.63076914403352269 0 
1 56.869221000000003 53.113174000000001 0 -0.30760204903259325 -0.95151509679613078 0 
1 52.310394000000002 39.011211000000003 0 -0.20581223118483927 0.97859150082898128 0 
1 49.501514 44.829258000000003 0 0.43477011128235765 -0.90054147618836877 0 
1 52.310394000000002 39.011211000000003 0 -0.87855648229508898 0.4776384693649362 0 
1 48.370426000000002 41.153224999999999 0 0.2940860680831347 0.95577894126173435 0 
1 53.357059 38.672848000000002 0 -0.28625244585867804 -0.95815423457808946 0 
1 51.581985000000003 32.731257999999997 0 0.11521711049816573 0.99334033314290304 0 
1 52.310394000000002 39.011211000000003 0 0.95151476009772651 -0.30760309055041379 0 
1 60.915984999999999 43.529961 0 -0.63975700234164901 -0.76857724267299732 0 
1 56.138644999999997 37.790664999999997 0 -0.95320923969430715 0.30231133845987446 0 
1 53.357059 38.672848000000002 0 0.84128966188575816 0.54058459541883586 0 
1 51.581985000000003 32.731257999999997 0 -1 0 0 
1 50.381988999999997 32.731257999999997 0 0.29354511765260521 0.95594522013675975 0 
1 52.310394000000002 39.011211000000003 0 -0.11521711049816573 -0.99334033314290304 0 
1 47.319068999999999 41.476719000000003 0 -0.9948732244719668 0.10112995218406767 0 
1 43.180481 41.897410999999998 0 0.85075893722524476 0.52555611568259009 0 
1 48.450156999999997 45.152752 0 -0.2940860680831352 -0.95577894126173424 0 
1 56.138644999999997 37.790664999999997 0 -0.66922383446506939 -0.74306087192360581 0 
1 51.581985000000003 32.731257999999997 0 0.28625244585867804 0.95815423457808946 0 
1 53.357059 38.672848000000002 0 0.95320923969430715 -0.30231133845987446 0 
1 50.381988999999997 24.511078000000001 0 -0.56160057132908159 0.82740848332782346 0 
1 48.315952000000003 27.554978999999999 0 0 1 0 
1 48.315952000000003 28.189367000000001 0 0.4897208600132229 -0.8718792802148182 0 
1 48.315952000000003 27.554978999999999 0 0.56160057132908159 -0.82740848332782346 0 
1 50.381988999999997 24.511078000000001 0 -0.97020138625779673 0.24229995894231901 0 
1 47.159126000000001 25.315961999999999 0 0.45902022413016424 0.88842581785959696 0 
1 50.381988999999997 24.511078000000001 0 -0.4897208600132229 0.8718792802148182 0 
1 48.315952000000003 28.189367000000001 0 0.41405889542699575 0.91025009262167944 0 
1 50.381988999999997 32.731257999999997 0 0 -1 0 
1 56.138644999999997 37.790664999999997 0 -0.28168072529745991 -0.95950819120833819 0 
1 53.867046000000002 30.052762999999999 0 -0.64902261583095411 0.76076911355545029 0 
1 51.581985000000003 32.731257999999997 0 0.66922383446506939 0.74306087192360581 0 
1 50.937206000000003 23.382898000000001 0 0.97407684393690253 0.22621737799276889 0 
1 51.581985000000003 23.532640000000001 0 0.84850818951538154 -0.52918224868690489 0 
1 53.954979000000002 22.052693999999999 0 -0.91504836980383153 0.40334412220751475 0 
1 53.867046000000002 30.052762999999999 0 0.010990866294293593 -0.99993959860488613 0 
1 53.954979000000002 22.052693999999999 0 -0.84850818951538154 0.52918224868690489 0 
1 51.581985000000003 23.532640000000001 0 0.33073954394534721 0.94372207459125579 0 
1 53.867046000000002 30.052762999999999 0 -0.33073954394534721 -0.94372207459125579 0 
1 51.581985000000003 23.532640000000001 0 0 1 0 
1 51.581985000000003 32.731257999999997 0 0.64902261583095411 -0.76076911355545029 0 
1 48.450156999999997 45.152752 0 -0.48788706069005078 0.87290676249598553 0 
1 43.180481 54.581032 0 1 0 0 
1 46.461029000000003 54.581032 0 0.20643051484341643 -0.97846126266780853 0 
1 38.005412999999997 77.761107999999993 0 -0.85736578626574089 0.5147075951848078 0 
1 26.448430999999999 84.699180999999996 0 0.98241275782482063 -0.18672218203264043 0 
1 47.400227000000001 80.716980000000007 0 -0.95390026571205111 -0.30012377958848613 0 
1 53.954979000000002 22.052693999999999 0 -0.34410018870722581 -0.93893293697241864 0 
1 50.937206000000003 13.818213 0 0 1 0 
1 50.937206000000003 23.382898000000001 0 0.91504836980383153 -0.40334412220751475 0 
1 38.212218999999997 17.061116999999999 0 -1 0 0 
1 36.869404000000003 17.061116999999999 0 0 1 0 
1 36.869404000000003 18.140861999999998 0 0.77931131788108776 -0.62663695216803339 0 
1 39.119594999999997 17.061116999999999 0 0 -1 0 
1 39.119594999999997 16.803305000000002 0 -1 0 0 
1 38.212218999999997 16.803305000000002 0 0 1 0 
1 38.212218999999997 17.061116999999999 0 1 0 0 
1 36.869404000000003 18.140861999999998 0 0.90157723891591768 -0.43261817145000997 0 
1 39.119594999999997 17.061116999999999 0 -1 0 0 
1 38.212218999999997 17.061116999999999 0 -0.77931131788108776 0.62663695216803339 0 
1 38.573146999999999 15.487337999999999 0 -0.2645003711218199 0.96438558350714665 0 
1 38.212218999999997 16.803305000000002 0 1 0 0 
1 39.119594999999997 16.803305000000002 0 -0.38349592982319797 -0.92354256632222476 0 
1 39.119594999999997 16.803305000000002 0 1 0 0 
1 39.634887999999997 16.803305000000002 0 0 -1 0 
1 39.634887999999997 15.121195 0 -1 0 0 
1 39.264842999999999 15.121195 0 -0.086028569947646086 0.99629267043011149 0 
1 43.493575999999997 18.528803 0 -1 0 0 
1 39.864361000000002 18.528803 0 0.71898880883854988 0.69502164913398412 0 
1 41.054268 19.679044999999999 0 1 0 0 
1 43.493575999999997 19.679044999999999 0 0 -1 0 
1 36.393439999999998 13.041532 0 -0.32529930195953088 0.94561110618723265 0 
1 35.017082000000002 17.042460999999999 0 0.32424724149496476 0.94597237083484942 0 
1 36.393439999999998 21.057905000000002 0 0 -1 0 
1 35.017082000000002 16.408072000000001 0 0 1 0 
1 35.017082000000002 17.042460999999999 0 0.32529930195953088 -0.94561110618723265 0 
1 36.393439999999998 13.041532 0 -0.37842959357220685 0.92563007876190706 0 
1 36.869404000000003 16.803305000000002 0 1 0 0 
1 38.212218999999997 16.803305000000002 0 -0.71421063230528492 -0.69993083422727209 0 
1 36.869404000000003 15.487337999999999 0 0 1 0 
1 39.264842999999999 15.121195 0 -0.99995492077958648 0.0094950728639171048 0 
1 38.573146999999999 15.127763 0 0 1 0 
1 38.573146999999999 15.487337999999999 0 0.8838138049495311 -0.46783881645352199 0 
1 38.365699999999997 14.422442 0 -0.90454328973109166 0.42638179722222447 0 
1 36.869404000000003 15.127763 0 1 0 0 
1 38.573146999999999 15.127763 0 -0.28216588214863847 -0.95936563152495768 0 
1 36.869404000000003 15.487337999999999 0 0.71421063230528492 0.69993083422727209 0 
1 38.212218999999997 16.803305000000002 0 0.2645003711218199 -0.96438558350714665 0 
1 38.573146999999999 15.487337999999999 0 -1 0 0 
1 38.573146999999999 15.487337999999999 0 0.38349592982319797 0.92354256632222476 0 
1 39.119594999999997 16.803305000000002 0 0.086028569947646086 -0.99629267043011149 0 
1 39.264842999999999 15.121195 0 -0.8838138049495311 0.46783881645352199 0 
1 39.264842999999999 15.121195 0 0 -1 0 
1 39.264842999999999 14.900842000000001 0 -0.95017445194039829 0.31171864057153159 0 
1 38.573146999999999 15.127763 0 0.99995492077958648 -0.0094950728639171048 0 
1 40.587077999999998 17.061116999999999 0 1 0 0 
1 41.494450000000001 17.061116999999999 0 0 -1 0 
1 41.494450000000001 16.803305000000002 0 -1 0 0 
1 40.587077999999998 16.803305000000002 0 0 1 0 
1 43.830714999999998 18.140861999999998 0 -0.90774211380068515 -0.4195286102671234 0 
1 41.494450000000001 17.061116999999999 0 -1 0 0 
1 40.587077999999998 17.061116999999999 0 0.94881198443875014 0.31584144469242936 0 
1 40.515780999999997 14.922419 0 0.03787886818409824 0.99928233815328271 0 
1 40.587077999999998 16.803305000000002 0 1 0 0 
1 41.494450000000001 16.803305000000002 0 -0.46157854712211865 -0.88709934327370243 0 
1 40.587077999999998 17.061116999999999 0 -0.96031715258992301 0.27891031971152042 0 
1 36.869404000000003 18.140861999999998 0 1 0 0 
1 43.830714999999998 18.140861999999998 0 -0.94881198443875014 -0.31584144469242936 0 
1 40.515780999999997 14.922419 0 0 1 0 
1 40.515780999999997 16.803305000000002 0 1 0 0 
1 40.587077999999998 16.803305000000002 0 -0.03787886818409824 -0.99928233815328271 0 
1 39.901417000000002 14.900842000000001 0 0 -1 0 
1 39.901417000000002 12.452477 0 -0.25163351852768973 0.96782259342989851 0 
1 39.264842999999999 14.900842000000001 0 1 0 0 
1 42.144627 14.922419 0 -1 0 0 
1 40.515780999999997 14.922419 0 0.46157854712211865 0.88709934327370243 0 
1 41.494450000000001 16.803305000000002 0 0.32670716704564839 -0.94512561440318976 0 
1 42.144627 16.803305000000002 0 0 -1 0 
1 42.144627 14.922419 0 -0.32670716704564839 0.94512561440318976 0 
1 41.494450000000001 16.803305000000002 0 1 0 0 
1 38.573146999999999 15.127763 0 0.95017445194039829 -0.31171864057153159 0 
1 39.264842999999999 14.900842000000001 0 -0.88281846682239684 -0.46971433301247317 0 
1 38.365699999999997 14.422442 0 0.28216588214863847 0.95936563152495768 0 
1 39.119594999999997 17.061116999999999 0 -0.90157723891591768 0.43261817145000997 0 
1 36.869404000000003 18.140861999999998 0 0.96031715258992301 -0.27891031971152042 0 
1 40.587077999999998 17.061116999999999 0 -1 0 0 
1 39.864361000000002 18.528803 0 0 1 0 
1 39.864361000000002 21.054874000000002 0 0.65415219643511335 -0.75636294455712005 0 
1 41.054268 19.679044999999999 0 -0.71898880883854988 -0.69502164913398412 0 
1 29.639433 14.319788000000001 0 1 0 0 
1 35.017082000000002 14.319788000000001 0 0.73273793262068032 -0.68051092724420781 0 
1 36.393439999999998 13.041532 0 -1 0 0 
1 32.032684000000003 13.041532 0 -0.88206882471843662 0.47112056679775299 0 
1 35.194000000000003 10.230064 0 -1 0 0 
1 34.115540000000003 10.230064 0 -0.83443788607319014 0.55110199989267472 0 
1 32.032684000000003 11.60568 0 0.91695008303890779 -0.39900193635487546 0 
1 35.017082000000002 14.954176 0 0.58409629619945203 -0.81168437016249251 0 
1 36.393439999999998 13.041532 0 -0.73273793262068032 0.68051092724420781 0 
1 35.017082000000002 14.319788000000001 0 0 1 0 
1 32.032684000000003 13.041532 0 0 -1 0 
1 32.032684000000003 11.60568 0 -0.66138073492430893 0.75005034729075426 0 
1 29.639433 14.319788000000001 0 0.88206882471843662 -0.47112056679775299 0 
1 36.869404000000003 13.350631999999999 0 0 1 0 
1 36.869404000000003 14.24957 0 1 0 0 
1 38.365699999999997 14.24957 0 0 -1 0 
1 38.365699999999997 13.350631999999999 0 -1 0 0 
1 36.393439999999998 13.041532 0 -0.58409629619945203 0.81168437016249251 0 
1 35.017082000000002 14.954176 0 0 1 0 
1 35.017082000000002 16.408072000000001 0 0.37842959357220685 -0.92563007876190706 0 
1 34.115540000000003 9.5956759999999992 0 0 1 0 
1 34.115540000000003 10.230064 0 1 0 0 
1 35.194000000000003 10.230064 0 0 -1 0 
1 35.194000000000003 9.5956759999999992 0 -1 0 0 
1 34.115540000000003 7.3566589999999996 0 0 1 0 
1 34.115540000000003 7.991047 0 1 0 0 
1 35.194000000000003 7.991047 0 0 -1 0 
1 35.194000000000003 7.3566589999999996 0 -1 0 0 
1 34.115540000000003 7.991047 0 0 1 0 
1 34.115540000000003 9.5956759999999992 0 1 0 0 
1 35.194000000000003 9.5956759999999992 0 0 -1 0 
1 35.194000000000003 7.991047 0 -1 0 0 
1 32.032684000000003 11.60568 0 1 0 0 
1 42.941139 11.60568 0 -0.77769744038962529 -0.62863876050672007 0 
1 41.239345999999998 10.230064 0 -1 0 0 
1 35.194000000000003 10.230064 0 -0.91695008303890779 0.39900193635487546 0 
1 42.941139 5.547123 0 -0.9796211217201547 0.20085432004252654 0 
1 34.115540000000003 7.3566589999999996 0 1 0 0 
1 35.194000000000003 7.3566589999999996 0 0.97378916396865633 -0.22745255359574507 0 
1 39.264842999999999 14.900842000000001 0 -0.80987004080041458 -0.5866093393511006 0 
1 38.365699999999997 14.24957 0 0 1 0 
1 38.365699999999997 14.422442 0 0.88281846682239684 0.46971433301247317 0 
1 36.869404000000003 13.177759 0 1 0 0 
1 38.365699999999997 13.177759 0 -0.8998601030756963 -0.43617862727625401 0 
1 36.869404000000003 12.452477 0 0 1 0 
1 38.365699999999997 13.350631999999999 0 0.86321076747463776 -0.50484370939514234 0 
1 39.901417000000002 12.452477 0 -0.9042299339300981 0.42704593029880322 0 
1 38.365699999999997 13.177759 0 0 1 0 
1 38.365699999999997 13.350631999999999 0 0 1 0 
1 38.365699999999997 14.24957 0 0.80987004080041458 0.5866093393511006 0 
1 39.264842999999999 14.900842000000001 0 -0.50172694167716381 -0.86502605509619168 0 
1 39.901417000000002 12.452477 0 -0.86321076747463776 0.50484370939514234 0 
1 38.365699999999997 13.350631999999999 0 0.50172694167716381 0.86502605509619168 0 
1 39.264842999999999 14.900842000000001 0 0.25163351852768973 -0.96782259342989851 0 
1 42.144627 14.130527000000001 0 0 1 0 
1 42.144627 14.448109000000001 0 1 0 0 
1 42.481766 14.448109000000001 0 0 -1 0 
1 42.481766 14.130527000000001 0 -1 0 0 
1 40.515780999999997 14.722640999999999 0 0.98609210275092218 -0.16619977404396399 0 
1 42.144627 14.448109000000001 0 0 -1 0 
1 42.144627 14.130527000000001 0 -0.93982930124487618 0.34164438312603307 0 
1 38.365699999999997 14.422442 0 -1 0 0 
1 36.869404000000003 14.422442 0 0 1 0 
1 36.869404000000003 15.127763 0 0.90454328973109166 -0.42638179722222447 0 
1 40.515780999999997 12.282899 0 0 1 0 
1 40.515780999999997 14.722640999999999 0 0.93982930124487618 -0.34164438312603307 0 
1 42.144627 14.130527000000001 0 0 -1 0 
1 42.144627 12.282899 0 -1 0 0 
1 38.365699999999997 13.177759 0 0.9042299339300981 -0.42704593029880322 0 
1 39.901417000000002 12.452477 0 -1 0 0 
1 36.869404000000003 12.452477 0 0.8998601030756963 0.43617862727625401 0 
1 41.239345999999998 7.991047 0 0 1 0 
1 41.239345999999998 9.5956759999999992 0 0.64616799625562538 0.76319520479035385 0 
1 42.941139 11.60568 0 -0.4259587594795094 -0.9047425795344648 0 
1 41.239345999999998 9.5956759999999992 0 0 1 0 
1 41.239345999999998 10.230064 0 0.77769744038962529 0.62863876050672007 0 
1 42.941139 11.60568 0 -0.64616799625562538 -0.76319520479035385 0 
1 41.239345999999998 7.991047 0 0.57144276296694418 -0.82064192474714859 0 
1 42.941139 5.547123 0 -0.68508719873765267 0.72846106973934865 0 
1 41.239345999999998 7.3566589999999996 0 0 1 0 
1 41.239345999999998 9.5956759999999992 0 0 -1 0 
1 41.239345999999998 7.991047 0 -1 0 0 
1 35.194000000000003 7.991047 0 0 1 0 
1 35.194000000000003 9.5956759999999992 0 1 0 0 
1 42.144627 14.448109000000001 0 -0.98609210275092218 0.16619977404396399 0 
1 40.515780999999997 14.722640999999999 0 1 0 0 
1 42.144627 14.722640999999999 0 0 -1 0 
1 42.941139 5.547123 0 -0.97378916396865633 0.22745255359574507 0 
1 35.194000000000003 7.3566589999999996 0 1 0 0 
1 41.239345999999998 7.3566589999999996 0 0.68508719873765267 -0.72846106973934865 0 
1 42.481766 14.448109000000001 0 0 1 0 
1 42.481766 16.803305000000002 0 0.72418711564846683 -0.68960352488132937 0 
1 43.494014999999997 15.839396000000001 0 0 -1 0 
1 43.494014999999997 15.14978 0 -0.82185644355921372 -0.56969464292742011 0 
1 41.494450000000001 17.061116999999999 0 0.90774211380068515 0.4195286102671234 0 
1 43.830714999999998 18.140861999999998 0 0.56476570034699169 -0.82525129730983882 0 
1 44.569645000000001 17.061116999999999 0 -1 0 0 
1 43.830714999999998 18.140861999999998 0 1 0 0 
1 44.697955999999998 18.140861999999998 0 -0.11800425336011093 -0.99301308963624568 0 
1 44.569645000000001 17.061116999999999 0 -0.56476570034699169 0.82525129730983882 0 
1 44.697955999999998 18.140861999999998 0 -0.43875832879189164 0.89860510176369812 0 
1 43.830714999999998 19.917027000000001 0 0.55637899056549434 0.83092864847550019 0 
1 44.697955999999998 21.212215 0 0 -1 0 
1 44.569645000000001 16.803305000000002 0 0 1 0 
1 44.569645000000001 17.061116999999999 0 1 0 0 
1 45.477020000000003 17.061116999999999 0 0 -1 0 
1 45.477020000000003 16.803305000000002 0 -1 0 0 
1 44.344920999999999 13.99535 0 -0.59332257164518398 0.80496479797339304 0 
1 43.494014999999997 15.14978 0 0.82239268866449333 -0.56892026298171694 0 
1 45.162781000000003 13.99535 0 -1 0 0 
1 44.697955999999998 18.140861999999998 0 -1 0 0 
1 43.830714999999998 18.140861999999998 0 0 1 0 
1 43.830714999999998 19.917027000000001 0 0.43875832879189164 -0.89860510176369812 0 
1 44.569645000000001 16.803305000000002 0 -0.74472390978654235 -0.66737268313307962 0 
1 43.494014999999997 15.839396000000001 0 -0.72418711564846683 0.68960352488132937 0 
1 42.481766 16.803305000000002 0 1 0 0 
1 43.141533000000003 13.99535 0 -0.9796493871902795 0.20071641232771645 0 
1 42.481766 14.130527000000001 0 0 1 0 
1 42.481766 14.448109000000001 0 0.82452633962142263 -0.56582357256524618 0 
1 43.141533000000003 13.99535 0 0.29202114160994375 0.95641186360941033 0 
1 43.494014999999997 15.14978 0 -0.13704684696312569 -0.9905645671724107 0 
1 43.334296999999999 13.99535 0 -1 0 0 
1 43.141533000000003 13.99535 0 -0.82452633962142263 0.56582357256524618 0 
1 42.481766 14.448109000000001 0 0.82185644355921372 0.56969464292742011 0 
1 43.494014999999997 15.14978 0 -0.29202114160994375 -0.95641186360941033 0 
1 42.481766 12.453232 0 0 1 0 
1 42.481766 14.130527000000001 0 0.9796493871902795 -0.20071641232771645 0 
1 43.141533000000003 13.99535 0 0 -1 0 
1 43.141533000000003 12.453232 0 -1 0 0 
1 44.152157000000003 13.99535 0 -0.4952694403094568 0.86873942094022505 0 
1 43.494014999999997 15.14978 0 0.59332257164518398 -0.80496479797339304 0 
1 44.344920999999999 13.99535 0 -1 0 0 
1 45.992244999999997 15.839396000000001 0 -1 0 0 
1 43.494014999999997 15.839396000000001 0 0.74472390978654235 0.66737268313307962 0 
1 44.569645000000001 16.803305000000002 0 1 0 0 
1 45.477020000000003 16.803305000000002 0 0.47140022767838285 -0.88191939843999856 0 
1 43.334296999999999 13.99535 0 0.13704684696312569 0.9905645671724107 0 
1 43.494014999999997 15.14978 0 0.4952694403094568 -0.86873942094022505 0 
1 44.152157000000003 13.99535 0 -1 0 0 
1 43.494014999999997 15.14978 0 1 0 0 
1 46.785953999999997 15.14978 0 -0.81491414946484375 -0.57958168449493841 0 
1 45.162781000000003 13.99535 0 -0.82239268866449333 0.56892026298171694 0 
1 44.152157000000003 13.99535 0 0 -1 0 
1 44.152157000000003 12.453232 0 -1 0 0 
1 43.334296999999999 12.453232 0 0 1 0 
1 43.334296999999999 13.99535 0 1 0 0 
1 44.697955999999998 18.140861999999998 0 0.58511939244117583 -0.81094716017091351 0 
1 45.477020000000003 17.061116999999999 0 -1 0 0 
1 44.569645000000001 17.061116999999999 0 0.11800425336011093 0.99301308963624568 0 
1 45.992244999999997 15.839396000000001 0 -0.47140022767838285 0.88191939843999856 0 
1 45.477020000000003 16.803305000000002 0 1 0 0 
1 45.992244999999997 16.803305000000002 0 0 -1 0 
1 44.697955999999998 18.140861999999998 0 1 0 0 
1 48.281204000000002 18.140861999999998 0 -0.81071983072517928 -0.58543433113282373 0 
1 46.785953999999997 17.061116999999999 0 -1 0 0 
1 46.384242999999998 17.061116999999999 0 -0.84215317208436236 0.53923838397154755 0 
1 44.697955999999998 18.140861999999998 0 0.84215317208436236 -0.53923838397154755 0 
1 46.384242999999998 17.061116999999999 0 -1 0 0 
1 45.477020000000003 17.061116999999999 0 -0.58511939244117583 0.81094716017091351 0 
1 46.785953999999997 17.061116999999999 0 -0.84158875671144673 -0.54011884301224067 0 
1 46.384242999999998 16.803305000000002 0 0 1 0 
1 46.384242999999998 17.061116999999999 0 1 0 0 
1 48.281204000000002 18.140861999999998 0 -0.69380070829236873 -0.72016704810273524 0 
1 47.240989999999996 17.061116999999999 0 -1 0 0 
1 46.785953999999997 17.061116999999999 0 0.81071983072517928 0.58543433113282373 0 
1 47.240989999999996 11.60568 0 0 1 0 
1 47.240989999999996 17.061116999999999 0 0.69380070829236873 0.72016704810273524 0 
1 48.281204000000002 18.140861999999998 0 0 -1 0 
1 48.281204000000002 13.818213 0 -0.42546951112524306 -0.90497275931535459 0 
1 45.355544999999999 13.99535 0 -1 0 0 
1 45.162781000000003 13.99535 0 0.81491414946484375 0.57958168449493841 0 
1 46.785953999999997 15.14978 0 -0.77818054851974794 -0.62804063077599059 0 
1 46.017265000000002 13.99535 0 0 -1 0 
1 46.017265000000002 12.453232 0 -1 0 0 
1 45.355544999999999 12.453232 0 0 1 0 
1 45.355544999999999 13.99535 0 1 0 0 
1 45.355544999999999 13.99535 0 0.77818054851974794 0.62804063077599059 0 
1 46.785953999999997 15.14978 0 -0.55423538857053833 -0.83235997864870015 0 
1 46.017265000000002 13.99535 0 -1 0 0 
1 46.785953999999997 15.14978 0 -0.44641286766861127 -0.89482710708822799 0 
1 46.210030000000003 13.99535 0 -1 0 0 
1 46.017265000000002 13.99535 0 0.55423538857053833 0.83235997864870015 0 
1 46.785953999999997 15.344954 0 -0.26556484878991199 0.96409299919001135 0 
1 46.384242999999998 16.803305000000002 0 0.84158875671144673 0.54011884301224067 0 
1 46.785953999999997 17.061116999999999 0 0 -1 0 
1 46.785953999999997 15.344954 0 -1 0 0 
1 46.213444000000003 15.344954 0 0.11632283559310963 0.99321145680040268 0 
1 46.384242999999998 16.803305000000002 0 0.26556484878991199 -0.96409299919001135 0 
1 46.213444000000003 15.344954 0 0 1 0 
1 46.213444000000003 16.803305000000002 0 1 0 0 
1 46.384242999999998 16.803305000000002 0 -0.11632283559310963 -0.99321145680040268 0 
1 53.954979000000002 22.052693999999999 0 0.27661499564494113 -0.96098082404611451 0 
1 56.184589000000003 14.306865 0 -0.96163825960102844 -0.27432072045601102 0 
1 51.748932000000003 13.041532 0 0.23779061092076453 0.97131643935327761 0 
1 44.344920999999999 12.453232 0 0 1 0 
1 44.344920999999999 13.99535 0 1 0 0 
1 45.162781000000003 13.99535 0 0 -1 0 
1 45.162781000000003 12.453232 0 -1 0 0 
1 46.210030000000003 13.99535 0 0.34986076796803345 -0.93680170956121644 0 
1 46.785953999999997 12.453232 0 -1 0 0 
1 46.210030000000003 12.453232 0 0 1 0 
1 42.941139 5.547123 0 -0.57144276296694418 0.82064192474714859 0 
1 41.239345999999998 7.991047 0 0.4259587594795094 0.9047425795344648 0 
1 42.941139 11.60568 0 0 -1 0 
1 50.418982999999997 5.547123 0 -1 0 0 
1 43.200794000000002 5.547123 0 0.55481028185430592 0.83197689339833569 0 
1 47.240989999999996 11.60568 0 0.46451882699547398 -0.88556324413716991 0 
1 47.240989999999996 11.60568 0 -0.55481028185430592 -0.83197689339833569 0 
1 43.200794000000002 5.547123 0 0 1 0 
1 43.200794000000002 11.60568 0 1 0 0 
1 46.210030000000003 13.99535 0 0.44641286766861127 0.89482710708822799 0 
1 46.785953999999997 15.14978 0 0 -1 0 
1 46.785953999999997 12.453232 0 -0.34986076796803345 0.93680170956121644 0 
1 48.281204000000002 13.818213 0 1 0 0 
1 50.937206000000003 13.818213 0 0.72253183364150197 -0.69133765221825494 0 
1 51.748932000000003 13.041532 0 -1 0 0 
1 49.494961000000004 13.041532 0 -0.84231030486971536 0.5389929037661696 0 
1 49.494961000000004 11.60568 0 -0.4809643501401345 0.87674015186614906 0 
1 48.281204000000002 13.818213 0 0.84231030486971536 -0.5389929037661696 0 
1 49.494961000000004 13.041532 0 0 -1 0 
1 56.442416999999999 12.705679 0 -0.97361799488364376 -0.2281841362556852 0 
1 51.748932000000003 11.60568 0 0 1 0 
1 51.748932000000003 13.041532 0 0.9974495684863629 -0.07137477373952425 0 
1 50.937206000000003 13.818213 0 0.34410018870722581 0.93893293697241864 0 
1 53.954979000000002 22.052693999999999 0 -0.23779061092076453 -0.97131643935327761 0 
1 51.748932000000003 13.041532 0 -0.72253183364150197 0.69133765221825494 0 
1 56.184589000000003 14.306865 0 0.15897533851370618 -0.98728255415785238 0 
1 56.442416999999999 12.705679 0 -0.9974495684863629 0.07137477373952425 0 
1 51.748932000000003 13.041532 0 0.96163825960102844 0.27432072045601102 0 
1 56.442416999999999 12.705679 0 -0.15897533851370618 0.98728255415785238 0 
1 56.184589000000003 14.306865 0 0.63723101376490265 -0.77067284569793604 0 
1 57.50853 12.705679 0 -1 0 0 
1 49.494961000000004 11.60568 0 1 0 0 
1 50.418982999999997 11.60568 0 0 -1 0 
1 50.418982999999997 5.547123 0 -0.15077173301648242 0.98856860385266465 0 
1 50.678637999999999 5.547123 0 0 1 0 
1 50.678637999999999 11.60568 0 1 0 0 
1 51.748932000000003 11.60568 0 -0.17396453793725553 -0.9847519177642039 0 
1 49.494961000000004 11.60568 0 0.15077173301648242 -0.98856860385266465 0 
1 50.418982999999997 5.547123 0 -0.46451882699547398 0.88556324413716991 0 
1 47.240989999999996 11.60568 0 1 0 0 
1 50.678637999999999 5.547123 0 0.68926156324582488 0.72451259301127535 0 
1 56.442416999999999 11.60568 0 0.59400493501355978 -0.8044613957049378 0 
1 60.915984999999999 5.547123 0 -1 0 0 
1 58.418064000000001 11.60568 0 0.38117002765847868 -0.92450495402395483 0 
1 60.915984999999999 5.547123 0 -0.59400493501355978 0.8044613957049378 0 
1 56.442416999999999 11.60568 0 1 0 0 
1 60.915984999999999 5.547123 0 -0.38117002765847868 0.92450495402395483 0 
1 58.418064000000001 11.60568 0 0.63723049199147241 -0.77067327712611522 0 
1 60.915984999999999 8.5846680000000006 0 0 -1 0 
1 51.748932000000003 11.60568 0 1 0 0 
1 56.442416999999999 11.60568 0 -0.68926156324582488 -0.72451259301127535 0 
1 50.678637999999999 5.547123 0 0.17396453793725553 0.9847519177642039 0 
1 51.748932000000003 11.60568 0 0.97361799488364376 0.2281841362556852 0 
1 56.442416999999999 12.705679 0 0 -1 0 
1 56.442416999999999 11.60568 0 -1 0 0 
1 48.281204000000002 13.818213 0 0.4809643501401345 -0.87674015186614906 0 
1 49.494961000000004 11.60568 0 -1 0 0 
1 47.240989999999996 11.60568 0 0.42546951112524306 0.90497275931535459 0 
1 26.205262999999999 5.547123 0 0.97481906851038858 0.22299727278273734 0 
1 34.115540000000003 7.3566589999999996 0 0.9796211217201547 -0.20085432004252654 0 
1 42.941139 5.547123 0 -1 0 0 
1 26.884848000000002 30.117947000000001 0 0.93521177994343896 0.35408886830148228 0 
1 30.747402000000001 31.580383000000001 0 0.38969414675860276 -0.920944337070425 0 
1 31.992699000000002 28.637436000000001 0 -0.96046764929113693 0.27839162103978177 0 
Polygon3D 0
PolygonOnTriangulations 0
Surfaces 542
1 9.0545149311530331 69.337659931153041 0 -0 -0 -1 -1 0 0 0 1 -0 
1 8.9993673908072829 68.854211969672747 0 -0 -0 -1 -1 0 0 0 1 -0 
1 9.9875694999999975 69.188312499999995 0 -0 -0 -1 -1 0 0 0 1 -0 
1 10.033493639855523 68.250935270778953 0 -0 -0 -1 -1 0 0 0 1 -0 
1 9.4570043075523866 68.330836585544645 0 -0 -0 -1 -1 0 0 0 1 -0 
1 8.9500557993894976 68.289137894676244 0 -0 -0 -1 -1 0 0 0 1 -0 
1 9.8603095824402747 67.259350848915446 0 -0 -0 -1 -1 0 0 0 1 -0 
1 9.502286074485367 67.078977507774695 0 -0 -0 -1 -1 0 0 0 1 -0 
1 8.9659411551008024 68.594000109916863 0 -0 -0 -1 -1 0 0 0 1 -0 
1 10.144065607001071 66.365997785665925 0 -0 -0 -1 -1 0 0 0 1 -0 
1 10.449398818038723 66.080082702011751 0 -0 -0 -1 -1 0 0 0 1 -0 
1 10.582399528476939 68.329772571618591 0 -0 -0 -1 -1 0 0 0 1 -0 
1 10.166687953551996 66.917072663171751 0 -0 -0 -1 -1 0 0 0 1 -0 
1 9.917371158939785 65.674961661923234 0 -0 -0 -1 -1 0 0 0 1 -0 
1 9.0048957624222794 66.847112749530851 0 -0 -0 -1 -1 0 0 0 1 -0 
1 10.999583180705926 68.679536602502736 0 -0 -0 -1 -1 0 0 0 1 -0 
1 11.497871241157974 69.330872565001243 0 -0 -0 -1 -1 0 0 0 1 -0 
1 11.127800806906867 68.106748670591386 0 -0 -0 -1 -1 0 0 0 1 -0 
1 10.880001868459138 68.385326528626408 0 -0 -0 -1 -1 0 0 0 1 -0 
1 12.79826928013264 66.97808764159609 0 -0 -0 -1 -1 0 0 0 1 -0 
1 11.756385 68.16061400000001 0 -0 -0 -1 -1 0 0 0 1 -0 
1 10.885514754555 67.351306778448233 0 -0 -0 -1 -1 0 0 0 1 -0 
1 11.214436655404096 66.192035358413079 0 -0 -0 -1 -1 0 0 0 1 -0 
1 11.540589385057611 67.055627253662024 0 -0 -0 -1 -1 0 0 0 1 -0 
1 11.054670789531045 67.756050751014371 0 -0 -0 -1 -1 0 0 0 1 -0 
1 11.769924234402083 66.091228316706562 0 -0 -0 -1 -1 0 0 0 1 -0 
1 13.649886186296433 68.80781927170716 0 -0 -0 -1 -1 0 0 0 1 -0 
1 10.82305580942835 69.096534650610181 0 -0 -0 -1 -1 0 0 0 1 -0 
1 9.7246695557854501 61.298441759492391 0 -0 -0 -1 -1 0 0 0 1 -0 
1 9.2112489992045994 61.263887685072923 0 -0 -0 -1 -1 0 0 0 1 -0 
1 10.21289811684569 65.015588883154322 0 -0 -0 -1 -1 0 0 0 1 -0 
1 10.972697500000001 65.148098000000005 0 -0 -0 -1 -1 0 0 0 1 -0 
1 11.0549505 55.857790000000001 0 -0 -0 -1 -1 0 0 0 1 -0 
1 4.7956198384890127 41.823999838489001 0 -0 -0 -1 -1 0 0 0 1 -0 
1 5.6331980832627666 42.454926628831451 0 -0 -0 -1 -1 0 0 0 1 -0 
1 11.827910254426349 47.665871368960204 0 -0 -0 -1 -1 0 0 0 1 -0 
1 6.8776575909751916 41.948810052317654 0 -0 -0 -1 -1 0 0 0 1 -0 
1 11.647603701113862 50.56546839006446 0 -0 -0 -1 -1 0 0 0 1 -0 
1 8.7504411693945379 54.315444486459512 0 -0 -0 -1 -1 0 0 0 1 -0 
1 5.7052037447776289 40.256453658772671 0 -0 -0 -1 -1 0 0 0 1 -0 
1 10.977983701948752 61.712393113183452 0 -0 -0 -1 -1 0 0 0 1 -0 
1 9.1452281079217919 64.323114964061162 0 -0 -0 -1 -1 0 0 0 1 -0 
1 11.885439108290084 65.35984794762031 0 -0 -0 -1 -1 0 0 0 1 -0 
1 12.556712656536124 61.309702939849991 0 -0 -0 -1 -1 0 0 0 1 -0 
1 13.229908509388068 62.272068881249872 0 -0 -0 -1 -1 0 0 0 1 -0 
1 13.374541836859573 64.616771584453602 0 -0 -0 -1 -1 0 0 0 1 -0 
1 12.743468330303104 59.608951697698551 0 -0 -0 -1 -1 0 0 0 1 -0 
1 10.149933703419503 45.504209862978854 0 -0 -0 -1 -1 0 0 0 1 -0 
1 12.698077589110252 50.584148437426144 0 -0 -0 -1 -1 0 0 0 1 -0 
1 13.059682847604797 56.244600972956349 0 -0 -0 -1 -1 0 0 0 1 -0 
1 12.070654136514793 50.740626768386328 0 -0 -0 -1 -1 0 0 0 1 -0 
1 13.815201358291462 49.882752963630438 0 -0 -0 -1 -1 0 0 0 1 -0 
1 13.144524943845552 50.616816994520384 0 -0 -0 -1 -1 0 0 0 1 -0 
1 14.823726371962218 44.804430408503471 0 -0 -0 -1 -1 0 0 0 1 -0 
1 14.316588687721227 50.334887602814923 0 -0 -0 -1 -1 0 0 0 1 -0 
1 13.99628444236064 61.310476672194746 0 -0 -0 -1 -1 0 0 0 1 -0 
1 13.350454240837138 39.972624380120806 0 -0 -0 -1 -1 0 0 0 1 -0 
1 16.072065222314968 61.962792156198368 0 -0 -0 -1 -1 0 0 0 1 -0 
1 19.240796596282252 68.010436906648593 0 -0 -0 -1 -1 0 0 0 1 -0 
1 19.244091587413426 64.513106424856815 0 -0 -0 -1 -1 0 0 0 1 -0 
1 16.781336985856264 67.732460168905391 0 -0 -0 -1 -1 0 0 0 1 -0 
1 16.859643784650821 61.012840170236267 0 -0 -0 -1 -1 0 0 0 1 -0 
1 17.649198190346365 60.857157595272994 0 -0 -0 -1 -1 0 0 0 1 -0 
1 16.615176999999999 54.663646499999999 0 -0 -0 -1 -1 0 0 0 1 -0 
1 17.585417999999997 57.238517499999993 0 -0 -0 -1 -1 0 0 0 1 -0 
1 15.819024713648501 57.946051228094099 0 -0 -0 -1 -1 0 0 0 1 -0 
1 18.686827534120422 60.83634653816933 0 -0 -0 -1 -1 0 0 0 1 -0 
1 18.555659499999997 54.663646500000006 0 -0 -0 -1 -1 0 0 0 1 -0 
1 19.366736414022853 62.3472983717419 0 -0 -0 -1 -1 0 0 0 1 -0 
1 18.089996658012229 60.700453299951427 0 -0 -0 -1 -1 0 0 0 1 -0 
1 17.585418000000001 54.663646499999992 0 -0 -0 -1 -1 0 0 0 1 -0 
1 28.601211895555892 67.440962155074857 0 -0 -0 -1 -1 0 0 0 1 -0 
1 25.857310264528028 66.625650845388691 0 -0 -0 -1 -1 0 0 0 1 -0 
1 20.942611543491967 66.501270507387446 0 -0 -0 -1 -1 0 0 0 1 -0 
1 30.540171160570132 68.799886976670621 0 -0 -0 -1 -1 0 0 0 1 -0 
1 29.792317319692739 69.478500870527398 0 -0 -0 -1 -1 0 0 0 1 -0 
1 29.144216766530288 67.009457855346042 0 -0 -0 -1 -1 0 0 0 1 -0 
1 30.310883664970266 62.444281684655905 0 -0 -0 -1 -1 0 0 0 1 -0 
1 28.718686805382266 68.949881704549654 0 -0 -0 -1 -1 0 0 0 1 -0 
1 31.769471341872595 63.819951306864212 0 -0 -0 -1 -1 0 0 0 1 -0 
1 21.939563084766185 66.150769416782808 0 -0 -0 -1 -1 0 0 0 1 -0 
1 22.164730151151964 55.544512078833229 0 -0 -0 -1 -1 0 0 0 1 -0 
1 22.600863097463378 63.478887484736504 0 -0 -0 -1 -1 0 0 0 1 -0 
1 25.031395956037624 63.971707572346936 0 -0 -0 -1 -1 0 0 0 1 -0 
1 27.083343299310229 62.407488342357944 0 -0 -0 -1 -1 0 0 0 1 -0 
1 23.253411976005822 63.180611056228024 0 -0 -0 -1 -1 0 0 0 1 -0 
1 25.14057651336195 67.221584156893428 0 -0 -0 -1 -1 0 0 0 1 -0 
1 31.230493174148567 42.150750645667081 0 -0 -0 -1 -1 0 0 0 1 -0 
1 27.542231407001211 79.657032632495444 0 -0 -0 -1 -1 0 0 0 1 -0 
1 25.48059930902382 56.00562118176304 0 -0 -0 -1 -1 0 0 0 1 -0 
1 15.734483985675219 48.584499242947444 0 -0 -0 -1 -1 0 0 0 1 -0 
1 15.886188570263153 52.098996801292252 0 -0 -0 -1 -1 0 0 0 1 -0 
1 15.634363241764914 53.61332249650507 0 -0 -0 -1 -1 0 0 0 1 -0 
1 16.615176999999996 48.767568499999996 0 -0 -0 -1 -1 0 0 0 1 -0 
1 17.650963072387569 51.663566818076696 0 -0 -0 -1 -1 0 0 0 1 -0 
1 17.312425932347086 48.761113950492529 0 -0 -0 -1 -1 0 0 0 1 -0 
1 16.615176999999999 41.266857000000009 0 -0 -0 -1 -1 0 0 0 1 -0 
1 17.585418000000001 45.446357500000005 0 -0 -0 -1 -1 0 0 0 1 -0 
1 15.768954255379857 45.936385674828827 0 -0 -0 -1 -1 0 0 0 1 -0 
1 18.555659499999997 48.151837999999998 0 -0 -0 -1 -1 0 0 0 1 -0 
1 17.769483268569228 47.96777273143077 0 -0 -0 -1 -1 0 0 0 1 -0 
1 19.26223960185726 47.953489271452305 0 -0 -0 -1 -1 0 0 0 1 -0 
1 17.585417999999997 41.266857000000002 0 -0 -0 -1 -1 0 0 0 1 -0 
1 19.397113410601072 51.299573376486862 0 -0 -0 -1 -1 0 0 0 1 -0 
1 15.099481842018642 50.064153382662774 0 -0 -0 -1 -1 0 0 0 1 -0 
1 19.198617360532538 50.760734884682108 0 -0 -0 -1 -1 0 0 0 1 -0 
1 19.822009021480007 56.362649288934755 0 -0 -0 -1 -1 0 0 0 1 -0 
1 20.825489564094301 45.922934313962131 0 -0 -0 -1 -1 0 0 0 1 -0 
1 21.957681242575088 46.150431772668142 0 -0 -0 -1 -1 0 0 0 1 -0 
1 25.818421732638868 46.424311586515493 0 -0 -0 -1 -1 0 0 0 1 -0 
1 19.402997782959119 60.191721554626078 0 -0 -0 -1 -1 0 0 0 1 -0 
1 24.472050786747392 45.44415990696001 0 -0 -0 -1 -1 0 0 0 1 -0 
1 18.555659499999997 41.266857000000009 0 -0 -0 -1 -1 0 0 0 1 -0 
1 19.925834138439178 43.170008570255398 0 -0 -0 -1 -1 0 0 0 1 -0 
1 19.285694810152609 45.312228718093202 0 -0 -0 -1 -1 0 0 0 1 -0 
1 24.268803017882643 43.951286608859803 0 -0 -0 -1 -1 0 0 0 1 -0 
1 25.585248784263101 42.442554875488419 0 -0 -0 -1 -1 0 0 0 1 -0 
1 28.538636164114806 42.687723812056511 0 -0 -0 -1 -1 0 0 0 1 -0 
1 31.414841556000539 38.753342920909446 0 -0 -0 -1 -1 0 0 0 1 -0 
1 20.9795695 40.634971500000006 0 -0 -0 -1 -1 0 0 0 1 -0 
1 19.525515155452652 41.071882272156586 0 -0 -0 -1 -1 0 0 0 1 -0 
1 29.720368784564211 46.241025968456952 0 -0 -0 -1 -1 0 0 0 1 -0 
1 19.841555441819427 46.146776708158733 0 -0 -0 -1 -1 0 0 0 1 -0 
1 27.644234916259734 53.292717963546778 0 -0 -0 -1 -1 0 0 0 1 -0 
1 15.578762020237233 41.422217449329857 0 -0 -0 -1 -1 0 0 0 1 -0 
1 15.140370478273608 56.287483103957605 0 -0 -0 -1 -1 0 0 0 1 -0 
1 24.214453539891551 40.473567719944434 0 -0 -0 -1 -1 0 0 0 1 -0 
1 5.7283787902575289 36.357911714746642 0 -0 -0 -1 -1 0 0 0 1 -0 
1 6.8762326467913271 34.626741598543063 0 -0 -0 -1 -1 0 0 0 1 -0 
1 7.8605330000000002 38.372143000000001 0 -0 -0 -1 -1 0 0 0 1 -0 
1 7.1034221017925363 40.922797910556945 0 -0 -0 -1 -1 0 0 0 1 -0 
1 10.6958983977333 36.818333073108334 0 -0 -0 -1 -1 0 0 0 1 -0 
1 4.9676280954712588 38.290716343540616 0 -0 -0 -1 -1 0 0 0 1 -0 
1 5.7630324738217418 34.27555462775554 0 -0 -0 -1 -1 0 0 0 1 -0 
1 6.9905413314148737 33.926692921931142 0 -0 -0 -1 -1 0 0 0 1 -0 
1 7.8605329999999993 33.153808499999997 0 -0 -0 -1 -1 0 0 0 1 -0 
1 7.1037682041024102 35.756295585010946 0 -0 -0 -1 -1 0 0 0 1 -0 
1 4.7576547760910701 31.973017158622831 0 -0 -0 -1 -1 0 0 0 1 -0 
1 12.377622066785381 34.404393458214244 0 -0 -0 -1 -1 0 0 0 1 -0 
1 10.413625113664452 33.214706489923131 0 -0 -0 -1 -1 0 0 0 1 -0 
1 9.9095183832173799 32.777374283743619 0 -0 -0 -1 -1 0 0 0 1 -0 
1 10.5345225329807 34.037718222258626 0 -0 -0 -1 -1 0 0 0 1 -0 
1 9.6307157050924914 35.581957494337431 0 -0 -0 -1 -1 0 0 0 1 -0 
1 9.5398152093380482 30.669593868009045 0 -0 -0 -1 -1 0 0 0 1 -0 
1 10.119429384871264 37.956972459518511 0 -0 -0 -1 -1 0 0 0 1 -0 
1 12.816372784960157 39.539177845601188 0 -0 -0 -1 -1 0 0 0 1 -0 
1 13.685401814306424 33.632396752906985 0 -0 -0 -1 -1 0 0 0 1 -0 
1 12.74964400679173 33.977263266555894 0 -0 -0 -1 -1 0 0 0 1 -0 
1 14.412031285877989 35.720282192650991 0 -0 -0 -1 -1 0 0 0 1 -0 
1 14.838346446785083 34.234992490590969 0 -0 -0 -1 -1 0 0 0 1 -0 
1 17.505310577011524 34.285713558299697 0 -0 -0 -1 -1 0 0 0 1 -0 
1 15.40523190451019 37.130201928091253 0 -0 -0 -1 -1 0 0 0 1 -0 
1 11.173276662169739 39.625686431545233 0 -0 -0 -1 -1 0 0 0 1 -0 
1 16.690106039399016 34.113148339268676 0 -0 -0 -1 -1 0 0 0 1 -0 
1 13.662179520764006 32.733963748116082 0 -0 -0 -1 -1 0 0 0 1 -0 
1 13.8338166620885 30.662611365917801 0 -0 -0 -1 -1 0 0 0 1 -0 
1 16.038757702703574 31.035485315036556 0 -0 -0 -1 -1 0 0 0 1 -0 
1 14.120206982549828 33.692965415548883 0 -0 -0 -1 -1 0 0 0 1 -0 
1 16.089434856431989 33.628555118809508 0 -0 -0 -1 -1 0 0 0 1 -0 
1 16.001190159967873 26.236958500374911 0 -0 -0 -1 -1 0 0 0 1 -0 
1 18.150470146065505 31.459220802852133 0 -0 -0 -1 -1 0 0 0 1 -0 
1 16.815635297296428 30.522639684963451 0 -0 -0 -1 -1 0 0 0 1 -0 
1 16.988468182394069 33.899823662612739 0 -0 -0 -1 -1 0 0 0 1 -0 
1 16.456587567289894 26.128160986225065 0 -0 -0 -1 -1 0 0 0 1 -0 
1 17.585417999999997 37.087358500000001 0 -0 -0 -1 -1 0 0 0 1 -0 
1 14.447428121052814 39.579253116907687 0 -0 -0 -1 -1 0 0 0 1 -0 
1 5.8751622492569888 30.080469855705044 0 -0 -0 -1 -1 0 0 0 1 -0 
1 5.6387537157570264 27.642427837626499 0 -0 -0 -1 -1 0 0 0 1 -0 
1 6.8498386307988417 28.083552761662467 0 -0 -0 -1 -1 0 0 0 1 -0 
1 7.1023942855738955 30.110704614617564 0 -0 -0 -1 -1 0 0 0 1 -0 
1 7.8605330000000002 27.204280000000001 0 -0 -0 -1 -1 0 0 0 1 -0 
1 10.691681404763736 27.180445171330646 0 -0 -0 -1 -1 0 0 0 1 -0 
1 7.030977639933031 27.469613452783733 0 -0 -0 -1 -1 0 0 0 1 -0 
1 10.93369807157471 29.389532028986537 0 -0 -0 -1 -1 0 0 0 1 -0 
1 4.7738314248739533 25.124036052490904 0 -0 -0 -1 -1 0 0 0 1 -0 
1 6.1131759251679441 23.436608574832057 0 -0 -0 -1 -1 0 0 0 1 -0 
1 10.574917585026432 24.336587748567453 0 -0 -0 -1 -1 0 0 0 1 -0 
1 9.6037641641010758 26.538616632711904 0 -0 -0 -1 -1 0 0 0 1 -0 
1 10.690679603717234 16.054220517161106 0 -0 -0 -1 -1 0 0 0 1 -0 
1 12.583188919207242 23.609870090712864 0 -0 -0 -1 -1 0 0 0 1 -0 
1 9.3689773248094674 18.855626823245444 0 -0 -0 -1 -1 0 0 0 1 -0 
1 12.042296530088608 26.69067184551216 0 -0 -0 -1 -1 0 0 0 1 -0 
1 12.591777017877329 20.121299708744445 0 -0 -0 -1 -1 0 0 0 1 -0 
1 12.674578080029031 27.082605737465951 0 -0 -0 -1 -1 0 0 0 1 -0 
1 14.097217076626654 25.333983372482074 0 -0 -0 -1 -1 0 0 0 1 -0 
1 13.337765738484755 20.812049003609694 0 -0 -0 -1 -1 0 0 0 1 -0 
1 12.91399228795394 19.926660304153064 0 -0 -0 -1 -1 0 0 0 1 -0 
1 13.231196303021695 25.548441049301431 0 -0 -0 -1 -1 0 0 0 1 -0 
1 15.352097751671376 25.92249425840448 0 -0 -0 -1 -1 0 0 0 1 -0 
1 14.760904031508062 26.062691734947471 0 -0 -0 -1 -1 0 0 0 1 -0 
1 16.003294542325026 19.19890217246526 0 -0 -0 -1 -1 0 0 0 1 -0 
1 17.729921321761875 19.471697496287415 0 -0 -0 -1 -1 0 0 0 1 -0 
1 14.277697162685964 18.975340746614751 0 -0 -0 -1 -1 0 0 0 1 -0 
1 14.902488195085516 12.706998685121375 0 -0 -0 -1 -1 0 0 0 1 -0 
1 12.391262937071055 11.675577066021249 0 -0 -0 -1 -1 0 0 0 1 -0 
1 14.849954732155865 12.307847904891414 0 -0 -0 -1 -1 0 0 0 1 -0 
1 15.479384069628365 13.92279254658132 0 -0 -0 -1 -1 0 0 0 1 -0 
1 14.227297081861551 16.451207099245678 0 -0 -0 -1 -1 0 0 0 1 -0 
1 21.593851803321432 12.137709779738937 0 -0 -0 -1 -1 0 0 0 1 -0 
1 16.351648660771069 14.345231291323355 0 -0 -0 -1 -1 0 0 0 1 -0 
1 15.418248586483479 12.713092251214876 0 -0 -0 -1 -1 0 0 0 1 -0 
1 21.590523043169604 10.575306193950956 0 -0 -0 -1 -1 0 0 0 1 -0 
1 15.984776134778024 13.914868747980549 0 -0 -0 -1 -1 0 0 0 1 -0 
1 19.032780415742266 13.645908554928983 0 -0 -0 -1 -1 0 0 0 1 -0 
1 18.898042417863497 15.807774997729583 0 -0 -0 -1 -1 0 0 0 1 -0 
1 11.377047813076086 14.346998341546147 0 -0 -0 -1 -1 0 0 0 1 -0 
1 14.658100261763622 30.089753371510447 0 -0 -0 -1 -1 0 0 0 1 -0 
1 17.404360189461713 8.5486960518567852 0 -0 -0 -1 -1 0 0 0 1 -0 
1 18.444562935394249 23.738135704545019 0 -0 -0 -1 -1 0 0 0 1 -0 
1 19.904001161193271 38.436328944974413 0 -0 -0 -1 -1 0 0 0 1 -0 
1 24.560811166514906 36.860172070322989 0 -0 -0 -1 -1 0 0 0 1 -0 
1 24.948261924527547 38.473775237957348 0 -0 -0 -1 -1 0 0 0 1 -0 
1 19.278267445647455 37.087659705363571 0 -0 -0 -1 -1 0 0 0 1 -0 
1 18.683292907160801 34.319445052079793 0 -0 -0 -1 -1 0 0 0 1 -0 
1 19.012014781010347 34.119463970959778 0 -0 -0 -1 -1 0 0 0 1 -0 
1 19.733572699202885 34.831444010206525 0 -0 -0 -1 -1 0 0 0 1 -0 
1 18.907520489747444 30.959463776889681 0 -0 -0 -1 -1 0 0 0 1 -0 
1 20.359324627110567 31.483404282255023 0 -0 -0 -1 -1 0 0 0 1 -0 
1 21.470096257852443 33.757272464014505 0 -0 -0 -1 -1 0 0 0 1 -0 
1 21.699522100681989 26.216706092935901 0 -0 -0 -1 -1 0 0 0 1 -0 
1 21.44231976941802 29.737136407713269 0 -0 -0 -1 -1 0 0 0 1 -0 
1 20.743719240488261 33.395722110828174 0 -0 -0 -1 -1 0 0 0 1 -0 
1 19.876095463665887 35.906309654886748 0 -0 -0 -1 -1 0 0 0 1 -0 
1 20.166770030857055 24.560770749101479 0 -0 -0 -1 -1 0 0 0 1 -0 
1 22.052385776691718 33.383728130979804 0 -0 -0 -1 -1 0 0 0 1 -0 
1 24.362599765837924 34.265270641957052 0 -0 -0 -1 -1 0 0 0 1 -0 
1 28.544161999999996 36.222463499999996 0 -0 -0 -1 -1 0 0 0 1 -0 
1 24.93786993891451 30.52350727038398 0 -0 -0 -1 -1 0 0 0 1 -0 
1 25.646298415275517 31.333010669755907 0 -0 -0 -1 -1 0 0 0 1 -0 
1 25.916831672530886 32.907215738229354 0 -0 -0 -1 -1 0 0 0 1 -0 
1 25.266492254121278 36.164549042185627 0 -0 -0 -1 -1 0 0 0 1 -0 
1 29.808637427729252 33.783538562742109 0 -0 -0 -1 -1 0 0 0 1 -0 
1 28.613722400448072 31.312995782960172 0 -0 -0 -1 -1 0 0 0 1 -0 
1 23.137751530170707 26.095920156083888 0 -0 -0 -1 -1 0 0 0 1 -0 
1 24.502004461113469 27.088472402187733 0 -0 -0 -1 -1 0 0 0 1 -0 
1 24.860404030201206 27.508681177925155 0 -0 -0 -1 -1 0 0 0 1 -0 
1 22.202731645374339 26.394604865686695 0 -0 -0 -1 -1 0 0 0 1 -0 
1 24.893674630477275 28.33399781440545 0 -0 -0 -1 -1 0 0 0 1 -0 
1 27.944895527713125 25.629137649385886 0 -0 -0 -1 -1 0 0 0 1 -0 
1 28.914317631699681 26.162869541906606 0 -0 -0 -1 -1 0 0 0 1 -0 
1 28.652109475635179 27.863210775853162 0 -0 -0 -1 -1 0 0 0 1 -0 
1 25.23352425666738 28.896393099157404 0 -0 -0 -1 -1 0 0 0 1 -0 
1 24.461224354892199 29.960337143517137 0 -0 -0 -1 -1 0 0 0 1 -0 
1 29.910075542638587 34.80991961699992 0 -0 -0 -1 -1 0 0 0 1 -0 
1 23.982454774506405 25.857102507176748 0 -0 -0 -1 -1 0 0 0 1 -0 
1 18.290899246604557 20.995111990386309 0 -0 -0 -1 -1 0 0 0 1 -0 
1 19.358715833085704 16.376514474495156 0 -0 -0 -1 -1 0 0 0 1 -0 
1 25.139532505336199 18.934794183779299 0 -0 -0 -1 -1 0 0 0 1 -0 
1 19.684412238319418 17.072067941844292 0 -0 -0 -1 -1 0 0 0 1 -0 
1 24.614564530410878 23.885791683888133 0 -0 -0 -1 -1 0 0 0 1 -0 
1 25.192398828920698 17.200278507947829 0 -0 -0 -1 -1 0 0 0 1 -0 
1 25.035968664935503 23.682599383320365 0 -0 -0 -1 -1 0 0 0 1 -0 
1 22.863456586625539 20.962502503381781 0 -0 -0 -1 -1 0 0 0 1 -0 
1 21.340623038791296 24.300971898188489 0 -0 -0 -1 -1 0 0 0 1 -0 
1 24.130787026325876 15.212425445365682 0 -0 -0 -1 -1 0 0 0 1 -0 
1 20.526723268564854 9.9896128111476159 0 -0 -0 -1 -1 0 0 0 1 -0 
1 21.482952263595077 15.033142992051731 0 -0 -0 -1 -1 0 0 0 1 -0 
1 25.88008409761979 6.7489639513314357 0 -0 -0 -1 -1 0 0 0 1 -0 
1 21.241189770948267 8.1852918552349934 0 -0 -0 -1 -1 0 0 0 1 -0 
1 26.723676006321366 8.5604090840371345 0 -0 -0 -1 -1 0 0 0 1 -0 
1 26.664141458517062 6.9429611982330117 0 -0 -0 -1 -1 0 0 0 1 -0 
1 26.174460978758251 11.787387697080561 0 -0 -0 -1 -1 0 0 0 1 -0 
1 24.358318222103332 12.074613221858845 0 -0 -0 -1 -1 0 0 0 1 -0 
1 19.893201346236513 14.836263566986672 0 -0 -0 -1 -1 0 0 0 1 -0 
1 26.770438070925412 19.698814989755984 0 -0 -0 -1 -1 0 0 0 1 -0 
1 24.301443987277658 16.709747303111076 0 -0 -0 -1 -1 0 0 0 1 -0 
1 28.779417160791933 15.624047549171513 0 -0 -0 -1 -1 0 0 0 1 -0 
1 29.097035670025626 22.486282015850943 0 -0 -0 -1 -1 0 0 0 1 -0 
1 25.100682492755755 14.174582807117938 0 -0 -0 -1 -1 0 0 0 1 -0 
1 29.020820780382167 18.734444929843484 0 -0 -0 -1 -1 0 0 0 1 -0 
1 29.869072087708997 20.445115928657021 0 -0 -0 -1 -1 0 0 0 1 -0 
1 29.790609958143495 16.940150938402578 0 -0 -0 -1 -1 0 0 0 1 -0 
1 31.595980997765377 20.48410234039169 0 -0 -0 -1 -1 0 0 0 1 -0 
1 29.502312503881186 16.719250842412055 0 -0 -0 -1 -1 0 0 0 1 -0 
1 26.143994589870292 23.203339883523025 0 -0 -0 -1 -1 0 0 0 1 -0 
1 29.573215939733021 16.041951642095778 0 -0 -0 -1 -1 0 0 0 1 -0 
1 27.628653089307114 9.3423784018772462 0 -0 -0 -1 -1 0 0 0 1 -0 
1 27.736000511165248 12.485048999044581 0 -0 -0 -1 -1 0 0 0 1 -0 
1 27.018900733619127 7.7959777609568066 0 -0 -0 -1 -1 0 0 0 1 -0 
1 31.226446661964083 8.757081156165313 0 -0 -0 -1 -1 0 0 0 1 -0 
1 27.102108111634223 11.384121547330176 0 -0 -0 -1 -1 0 0 0 1 -0 
1 27.102320944646433 9.1180843004672827 0 -0 -0 -1 -1 0 0 0 1 -0 
1 28.7533807431181 12.704076061671246 0 -0 -0 -1 -1 0 0 0 1 -0 
1 32.499695856809645 15.625563579142504 0 -0 -0 -1 -1 0 0 0 1 -0 
1 27.693004663126089 10.085034421196889 0 -0 -0 -1 -1 0 0 0 1 -0 
1 31.461120132623904 10.594669810085039 0 -0 -0 -1 -1 0 0 0 1 -0 
1 30.088174365749918 12.067805540439151 0 -0 -0 -1 -1 0 0 0 1 -0 
1 28.709916989835015 14.639574525798498 0 -0 -0 -1 -1 0 0 0 1 -0 
1 28.985733157643658 14.844300787036511 0 -0 -0 -1 -1 0 0 0 1 -0 
1 27.906658118242376 23.829157287068821 0 -0 -0 -1 -1 0 0 0 1 -0 
1 30.028083527730406 6.778271032395172 0 -0 -0 -1 -1 0 0 0 1 -0 
1 32.199337318085952 23.132475264092086 0 -0 -0 -1 -1 0 0 0 1 -0 
1 18.131966211106974 33.871843845742518 0 -0 -0 -1 -1 0 0 0 1 -0 
1 30.529302384740479 53.099168062297004 0 -0 -0 -1 -1 0 0 0 1 -0 
1 32.945688296167127 63.681739116456946 0 -0 -0 -1 -1 0 0 0 1 -0 
1 36.511958732978556 71.668962379690171 0 -0 -0 -1 -1 0 0 0 1 -0 
1 35.77885799923515 59.86487468762121 0 -0 -0 -1 -1 0 0 0 1 -0 
1 33.753029458281461 58.665826813068854 0 -0 -0 -1 -1 0 0 0 1 -0 
1 31.03982654693705 51.992113021448056 0 -0 -0 -1 -1 0 0 0 1 -0 
1 33.057659371866052 46.718332871866046 0 -0 -0 -1 -1 0 0 0 1 -0 
1 33.44283504853626 44.498045157089841 0 -0 -0 -1 -1 0 0 0 1 -0 
1 35.484781365189477 43.482237441120027 0 -0 -0 -1 -1 0 0 0 1 -0 
1 36.414875914856253 40.358360914856256 0 -0 -0 -1 -1 0 0 0 1 -0 
1 36.457905050981921 48.958492263225871 0 -0 -0 -1 -1 0 0 0 1 -0 
1 32.45643220750452 40.071252030897433 0 -0 -0 -1 -1 0 0 0 1 -0 
1 35.985824733300923 60.664527750659907 0 -0 -0 -1 -1 0 0 0 1 -0 
1 37.966728599989075 72.995765803910544 0 -0 -0 -1 -1 0 0 0 1 -0 
1 38.147597231003672 68.060749530250661 0 -0 -0 -1 -1 0 0 0 1 -0 
1 37.676855604474746 63.62326427175455 0 -0 -0 -1 -1 0 0 0 1 -0 
1 41.987793278370297 67.78519124304745 0 -0 -0 -1 -1 0 0 0 1 -0 
1 38.399064507399309 67.389212555728918 0 -0 -0 -1 -1 0 0 0 1 -0 
1 36.083341008286808 58.975977375806018 0 -0 -0 -1 -1 0 0 0 1 -0 
1 37.065791967462737 50.86586546746274 0 -0 -0 -1 -1 0 0 0 1 -0 
1 38.084791939038219 47.971025404820665 0 -0 -0 -1 -1 0 0 0 1 -0 
1 39.717793996469631 45.518490483373952 0 -0 -0 -1 -1 0 0 0 1 -0 
1 38.270385898059246 57.788512615837284 0 -0 -0 -1 -1 0 0 0 1 -0 
1 36.846722837245082 63.118387918223057 0 -0 -0 -1 -1 0 0 0 1 -0 
1 36.378775147891382 42.862397634049913 0 -0 -0 -1 -1 0 0 0 1 -0 
1 40.29918700564648 61.798499622654312 0 -0 -0 -1 -1 0 0 0 1 -0 
1 36.944105097471855 73.613990317281804 0 -0 -0 -1 -1 0 0 0 1 -0 
1 38.423762262271204 42.745244125451237 0 -0 -0 -1 -1 0 0 0 1 -0 
1 31.389668306957514 30.626964875655084 0 -0 -0 -1 -1 0 0 0 1 -0 
1 33.016144399684613 28.002022947018592 0 -0 -0 -1 -1 0 0 0 1 -0 
1 29.479535694278677 28.318765414489707 0 -0 -0 -1 -1 0 0 0 1 -0 
1 32.85104204001756 30.555931759917133 0 -0 -0 -1 -1 0 0 0 1 -0 
1 33.573179719858665 31.533164244647306 0 -0 -0 -1 -1 0 0 0 1 -0 
1 35.917811040452271 35.503360516083212 0 -0 -0 -1 -1 0 0 0 1 -0 
1 37.012014578829202 28.612589019548412 0 -0 -0 -1 -1 0 0 0 1 -0 
1 33.880135940219446 29.040618551474978 0 -0 -0 -1 -1 0 0 0 1 -0 
1 35.371528292197404 29.224986137860629 0 -0 -0 -1 -1 0 0 0 1 -0 
1 34.022302588652273 34.531131882479457 0 -0 -0 -1 -1 0 0 0 1 -0 
1 31.897402710106928 36.270565569218221 0 -0 -0 -1 -1 0 0 0 1 -0 
1 33.306973707343182 28.206292755113161 0 -0 -0 -1 -1 0 0 0 1 -0 
1 32.382777980289688 26.159809889889335 0 -0 -0 -1 -1 0 0 0 1 -0 
1 32.604748471817587 25.821238914199345 0 -0 -0 -1 -1 0 0 0 1 -0 
1 36.843957469876642 26.716384049379975 0 -0 -0 -1 -1 0 0 0 1 -0 
1 32.422959967341676 26.837272884799869 0 -0 -0 -1 -1 0 0 0 1 -0 
1 32.767527206667232 23.857021814044813 0 -0 -0 -1 -1 0 0 0 1 -0 
1 36.668053896621473 23.807049345299649 0 -0 -0 -1 -1 0 0 0 1 -0 
1 35.127403371205077 19.49814077985053 0 -0 -0 -1 -1 0 0 0 1 -0 
1 32.478800609658158 22.515829444569906 0 -0 -0 -1 -1 0 0 0 1 -0 
1 33.188622427981592 27.24796846662688 0 -0 -0 -1 -1 0 0 0 1 -0 
1 33.132743291080061 18.410387973221642 0 -0 -0 -1 -1 0 0 0 1 -0 
1 31.988648766001766 25.179995246381765 0 -0 -0 -1 -1 0 0 0 1 -0 
1 36.661065141793223 34.722514307787236 0 -0 -0 -1 -1 0 0 0 1 -0 
1 39.87401800551396 36.804982701746141 0 -0 -0 -1 -1 0 0 0 1 -0 
1 37.85577148940942 34.23266432668936 0 -0 -0 -1 -1 0 0 0 1 -0 
1 38.532590940044912 29.297763599182865 0 -0 -0 -1 -1 0 0 0 1 -0 
1 40.999158432412464 29.264876111200579 0 -0 -0 -1 -1 0 0 0 1 -0 
1 40.423413999999994 27.872173 0 -0 -0 -1 -1 0 0 0 1 -0 
1 40.291407223999229 28.765842046818619 0 -0 -0 -1 -1 0 0 0 1 -0 
1 39.366509813883241 40.55359580657143 0 -0 -0 -1 -1 0 0 0 1 -0 
1 40.753581021410476 30.545663294509879 0 -0 -0 -1 -1 0 0 0 1 -0 
1 40.423414000000001 26.752664499999998 0 -0 -0 -1 -1 0 0 0 1 -0 
1 39.952345640909058 24.001315214867788 0 -0 -0 -1 -1 0 0 0 1 -0 
1 40.423413999999994 25.633155999999996 0 -0 -0 -1 -1 0 0 0 1 -0 
1 41.238806199962859 23.415471770517769 0 -0 -0 -1 -1 0 0 0 1 -0 
1 42.75332095187941 29.265921899069774 0 -0 -0 -1 -1 0 0 0 1 -0 
1 40.497546759109788 20.383298970962741 0 -0 -0 -1 -1 0 0 0 1 -0 
1 41.021487244591867 52.974019581194938 0 -0 -0 -1 -1 0 0 0 1 -0 
1 32.070215041731814 43.92865059659222 0 -0 -0 -1 -1 0 0 0 1 -0 
1 45.783043400573234 67.674131548427113 0 -0 -0 -1 -1 0 0 0 1 -0 
1 48.675376702168457 64.284118422507447 0 -0 -0 -1 -1 0 0 0 1 -0 
1 42.456680850137431 63.112734831926481 0 -0 -0 -1 -1 0 0 0 1 -0 
1 48.115605067916789 77.302034975787763 0 -0 -0 -1 -1 0 0 0 1 -0 
1 47.144139960124853 61.958295607227434 0 -0 -0 -1 -1 0 0 0 1 -0 
1 46.905847945451519 70.95686711093515 0 -0 -0 -1 -1 0 0 0 1 -0 
1 46.076876040223198 72.338669578761014 0 -0 -0 -1 -1 0 0 0 1 -0 
1 43.75885253251338 56.533908007384632 0 -0 -0 -1 -1 0 0 0 1 -0 
1 39.480071972426671 58.090945649774213 0 -0 -0 -1 -1 0 0 0 1 -0 
1 44.689283898941738 47.847718695167735 0 -0 -0 -1 -1 0 0 0 1 -0 
1 41.652603220242419 56.514015094426938 0 -0 -0 -1 -1 0 0 0 1 -0 
1 48.002271297870898 57.799217935018874 0 -0 -0 -1 -1 0 0 0 1 -0 
1 44.626234702459477 61.460447549074729 0 -0 -0 -1 -1 0 0 0 1 -0 
1 49.710529542119119 64.155112185803702 0 -0 -0 -1 -1 0 0 0 1 -0 
1 52.891051521832694 61.800709055935592 0 -0 -0 -1 -1 0 0 0 1 -0 
1 55.131388775921991 67.975598224078013 0 -0 -0 -1 -1 0 0 0 1 -0 
1 58.877765669245477 66.956457100325622 0 -0 -0 -1 -1 0 0 0 1 -0 
1 54.712913237699269 78.913438305989189 0 -0 -0 -1 -1 0 0 0 1 -0 
1 54.706216662612484 57.944682033573557 0 -0 -0 -1 -1 0 0 0 1 -0 
1 50.205339496108571 49.30088030484918 0 -0 -0 -1 -1 0 0 0 1 -0 
1 48.705818959980427 43.30944424657725 0 -0 -0 -1 -1 0 0 0 1 -0 
1 50.974389822335404 43.419890983391745 0 -0 -0 -1 -1 0 0 0 1 -0 
1 47.858279507466086 49.893676436221263 0 -0 -0 -1 -1 0 0 0 1 -0 
1 56.25768964143959 62.836472240750361 0 -0 -0 -1 -1 0 0 0 1 -0 
1 50.850487877892213 49.670827016248474 0 -0 -0 -1 -1 0 0 0 1 -0 
1 53.354786813899274 50.800874571382224 0 -0 -0 -1 -1 0 0 0 1 -0 
1 53.250299782810174 55.423279125471389 0 -0 -0 -1 -1 0 0 0 1 -0 
1 48.541136735691595 51.537858157678613 0 -0 -0 -1 -1 0 0 0 1 -0 
1 57.155647079806045 45.264738826091303 0 -0 -0 -1 -1 0 0 0 1 -0 
1 60.173334764864059 62.049784230148632 0 -0 -0 -1 -1 0 0 0 1 -0 
1 49.405806110453454 55.528640652836323 0 -0 -0 -1 -1 0 0 0 1 -0 
1 42.704581979685834 36.149250762292901 0 -0 -0 -1 -1 0 0 0 1 -0 
1 41.715196067392867 48.793636242895857 0 -0 -0 -1 -1 0 0 0 1 -0 
1 43.439306481602571 31.591863742548206 0 -0 -0 -1 -1 0 0 0 1 -0 
1 43.551056083497841 37.601520673680284 0 -0 -0 -1 -1 0 0 0 1 -0 
1 41.16108322415122 30.143820903620327 0 -0 -0 -1 -1 0 0 0 1 -0 
1 45.828918946120183 35.731009931186911 0 -0 -0 -1 -1 0 0 0 1 -0 
1 44.689399054319253 37.61064171029787 0 -0 -0 -1 -1 0 0 0 1 -0 
1 46.393602192526217 30.065660363563019 0 -0 -0 -1 -1 0 0 0 1 -0 
1 45.480396718228086 40.98968344254159 0 -0 -0 -1 -1 0 0 0 1 -0 
1 44.519038452172254 26.807811352031145 0 -0 -0 -1 -1 0 0 0 1 -0 
1 44.714914260988792 28.616306397396066 0 -0 -0 -1 -1 0 0 0 1 -0 
1 42.03625590201456 20.560687335061246 0 -0 -0 -1 -1 0 0 0 1 -0 
1 43.874112963145819 22.228226993777525 0 -0 -0 -1 -1 0 0 0 1 -0 
1 44.146449166241332 24.717273224785217 0 -0 -0 -1 -1 0 0 0 1 -0 
1 47.666049337913371 26.458553442365716 0 -0 -0 -1 -1 0 0 0 1 -0 
1 44.2708139149874 21.972679216329297 0 -0 -0 -1 -1 0 0 0 1 -0 
1 47.23592217607986 24.211087988324834 0 -0 -0 -1 -1 0 0 0 1 -0 
1 42.63224378747887 24.078950974852486 0 -0 -0 -1 -1 0 0 0 1 -0 
1 44.143309913088068 20.670575516183742 0 -0 -0 -1 -1 0 0 0 1 -0 
1 46.462645299042094 36.055809135539867 0 -0 -0 -1 -1 0 0 0 1 -0 
1 41.467574637090451 35.954773538468203 0 -0 -0 -1 -1 0 0 0 1 -0 
1 48.114764040019594 42.996532753422748 0 -0 -0 -1 -1 0 0 0 1 -0 
1 48.106617090935202 31.094971624597811 0 -0 -0 -1 -1 0 0 0 1 -0 
1 50.132997655067051 36.675176853676483 0 -0 -0 -1 -1 0 0 0 1 -0 
1 49.752869496004749 39.648823140497086 0 -0 -0 -1 -1 0 0 0 1 -0 
1 47.891257906854072 34.971663686822509 0 -0 -0 -1 -1 0 0 0 1 -0 
1 53.443488215944583 46.468306239854002 0 -0 -0 -1 -1 0 0 0 1 -0 
1 50.222241010552317 41.641453168629205 0 -0 -0 -1 -1 0 0 0 1 -0 
1 52.256067965488135 36.034101789796296 0 -0 -0 -1 -1 0 0 0 1 -0 
1 57.312831728109984 40.499054119060816 0 -0 -0 -1 -1 0 0 0 1 -0 
1 51.584363214935557 35.603840573799054 0 -0 -0 -1 -1 0 0 0 1 -0 
1 46.210113104792875 42.929663338249256 0 -0 -0 -1 -1 0 0 0 1 -0 
1 53.481457573259419 35.976955021484322 0 -0 -0 -1 -1 0 0 0 1 -0 
1 49.272161756302282 26.326617578201045 0 -0 -0 -1 -1 0 0 0 1 -0 
1 48.720611210444162 25.748958358097575 0 -0 -0 -1 -1 0 0 0 1 -0 
1 49.83618965638361 28.597995579839417 0 -0 -0 -1 -1 0 0 0 1 -0 
1 54.143829076945202 33.93325332209092 0 -0 -0 -1 -1 0 0 0 1 -0 
1 52.463294739189024 22.821281739504862 0 -0 -0 -1 -1 0 0 0 1 -0 
1 53.267580151827197 25.826543343120353 0 -0 -0 -1 -1 0 0 0 1 -0 
1 52.189080280850753 28.24531312429713 0 -0 -0 -1 -1 0 0 0 1 -0 
1 46.344157841395131 50.518943685678366 0 -0 -0 -1 -1 0 0 0 1 -0 
1 36.780832147628168 81.496847599958244 0 -0 -0 -1 -1 0 0 0 1 -0 
1 51.778952130176151 18.958598885068952 0 -0 -0 -1 -1 0 0 0 1 -0 
1 37.365941260809798 17.426119260809788 0 -0 -0 -1 -1 0 0 0 1 -0 
1 38.665906999999997 16.932211000000002 0 -0 -0 -1 -1 0 0 0 1 -0 
1 37.960845313276636 17.505429742274607 0 -0 -0 -1 -1 0 0 0 1 -0 
1 38.634613732778988 16.306820587208364 0 -0 -0 -1 -1 0 0 0 1 -0 
1 39.411988664603761 15.990954605210927 0 -0 -0 -1 -1 0 0 0 1 -0 
1 41.850262522924545 19.026804243836505 0 -0 -0 -1 -1 0 0 0 1 -0 
1 36.039764484318809 17.049521792832778 0 -0 -0 -1 -1 0 0 0 1 -0 
1 35.653914341932442 15.031905727552006 0 -0 -0 -1 -1 0 0 0 1 -0 
1 37.346150657586151 16.339982342413855 0 -0 -0 -1 -1 0 0 0 1 -0 
1 38.851185218830565 15.237097549719747 0 -0 -0 -1 -1 0 0 0 1 -0 
1 37.813736412624202 14.921895193155413 0 -0 -0 -1 -1 0 0 0 1 -0 
1 37.837853890693708 15.918778743811353 0 -0 -0 -1 -1 0 0 0 1 -0 
1 39.010840141339763 15.897029143747998 0 -0 -0 -1 -1 0 0 0 1 -0 
1 38.965462338139858 15.060330702293907 0 -0 -0 -1 -1 0 0 0 1 -0 
1 41.040763999999996 16.932210999999999 0 -0 -0 -1 -1 0 0 0 1 -0 
1 42.224509542330765 17.529991580787804 0 -0 -0 -1 -1 0 0 0 1 -0 
1 40.837779635240366 16.036661086896999 0 -0 -0 -1 -1 0 0 0 1 -0 
1 40.355401686593467 17.864701333724387 0 -0 -0 -1 -1 0 0 0 1 -0 
1 40.533942952386177 15.88034854761383 0 -0 -0 -1 -1 0 0 0 1 -0 
1 39.721923170153438 13.815452670153444 0 -0 -0 -1 -1 0 0 0 1 -0 
1 41.37978341790361 15.595954384739015 0 -0 -0 -1 -1 0 0 0 1 -0 
1 41.954781494469849 15.998104994469848 0 -0 -0 -1 -1 0 0 0 1 -0 
1 38.743239513740804 14.798704200939246 0 -0 -0 -1 -1 0 0 0 1 -0 
1 38.705235209187194 17.499867330244001 0 -0 -0 -1 -1 0 0 0 1 -0 
1 40.208834134388766 19.776450110737194 0 -0 -0 -1 -1 0 0 0 1 -0 
1 33.061947775805635 13.726014116285304 0 -0 -0 -1 -1 0 0 0 1 -0 
1 33.581607932518445 10.812239692952092 0 -0 -0 -1 -1 0 0 0 1 -0 
1 35.615600142569441 13.958759989812036 0 -0 -0 -1 -1 0 0 0 1 -0 
1 31.057255171435543 13.095361258708976 0 -0 -0 -1 -1 0 0 0 1 -0 
1 37.617552000000003 13.800100999999998 0 -0 -0 -1 -1 0 0 0 1 -0 
1 35.570911727937627 14.681487108343854 0 -0 -0 -1 -1 0 0 0 1 -0 
1 34.654770000000006 9.9128699999999998 0 -0 -0 -1 -1 0 0 0 1 -0 
1 34.654770000000006 7.6738529999999985 0 -0 -0 -1 -1 0 0 0 1 -0 
1 34.654769999999999 8.7933614999999996 0 -0 -0 -1 -1 0 0 0 1 -0 
1 37.53694304523831 11.065943329049178 0 -0 -0 -1 -1 0 0 0 1 -0 
1 38.534571319719419 6.5059695233646808 0 -0 -0 -1 -1 0 0 0 1 -0 
1 38.781504335080321 14.595489041468497 0 -0 -0 -1 -1 0 0 0 1 -0 
1 37.477859894984967 12.954810105015016 0 -0 -0 -1 -1 0 0 0 1 -0 
1 39.09719399987042 12.878512586035335 0 -0 -0 -1 -1 0 0 0 1 -0 
1 38.70895508971504 14.180005226840548 0 -0 -0 -1 -1 0 0 0 1 -0 
1 39.226480257773254 13.582546091096726 0 -0 -0 -1 -1 0 0 0 1 -0 
1 42.313196499999997 14.289318 0 -0 -0 -1 -1 0 0 0 1 -0 
1 41.400060562554046 14.485651928319868 0 -0 -0 -1 -1 0 0 0 1 -0 
1 37.480697885462504 14.638248385462511 0 -0 -0 -1 -1 0 0 0 1 -0 
1 41.267161841342251 13.380812405071449 0 -0 -0 -1 -1 0 0 0 1 -0 
1 38.384445356981097 12.643133156554102 0 -0 -0 -1 -1 0 0 0 1 -0 
1 41.924411148093 9.8591366418999922 0 -0 -0 -1 -1 0 0 0 1 -0 
1 41.991311317003273 10.647919002521228 0 -0 -0 -1 -1 0 0 0 1 -0 
1 42.00170020633503 6.7339906649300856 0 -0 -0 -1 -1 0 0 0 1 -0 
1 38.216673000000007 8.7933615000000014 0 -0 -0 -1 -1 0 0 0 1 -0 
1 41.393093666608685 14.648264666608684 0 -0 -0 -1 -1 0 0 0 1 -0 
1 39.211003383877703 6.7836844363658155 0 -0 -0 -1 -1 0 0 0 1 -0 
1 42.83932612685728 15.601675288689746 0 -0 -0 -1 -1 0 0 0 1 -0 
1 43.115049558044952 17.362360147018428 0 -0 -0 -1 -1 0 0 0 1 -0 
1 44.361729970312737 17.744478430984618 0 -0 -0 -1 -1 0 0 0 1 -0 
1 44.465920310342369 19.692318586031192 0 -0 -0 -1 -1 0 0 0 1 -0 
1 45.023332500000002 16.932211000000002 0 -0 -0 -1 -1 0 0 0 1 -0 
1 44.272688582203273 14.462295491256022 0 -0 -0 -1 -1 0 0 0 1 -0 
1 44.09762903559848 18.86223803559848 0 -0 -0 -1 -1 0 0 0 1 -0 
1 43.52150054675424 16.525461171408587 0 -0 -0 -1 -1 0 0 0 1 -0 
1 42.753161773568628 14.174010101174122 0 -0 -0 -1 -1 0 0 0 1 -0 
1 43.355560889460136 14.529190277199415 0 -0 -0 -1 -1 0 0 0 1 -0 
1 43.067288128113603 14.571976043139719 0 -0 -0 -1 -1 0 0 0 1 -0 
1 42.801854625232217 13.261511644926895 0 -0 -0 -1 -1 0 0 0 1 -0 
1 43.897597194543145 14.534921091773532 0 -0 -0 -1 -1 0 0 0 1 -0 
1 44.795389578256675 16.192336225212568 0 -0 -0 -1 -1 0 0 0 1 -0 
1 43.659478542029021 14.430034592194859 0 -0 -0 -1 -1 0 0 0 1 -0 
1 45.142051138018715 14.832400131301686 0 -0 -0 -1 -1 0 0 0 1 -0 
1 43.743227000000005 13.224291000000001 0 -0 -0 -1 -1 0 0 0 1 -0 
1 44.921674108397333 17.453713347597088 0 -0 -0 -1 -1 0 0 0 1 -0 
1 45.83117419306587 16.417892193065878 0 -0 -0 -1 -1 0 0 0 1 -0 
1 46.497838430941201 17.820307555262151 0 -0 -0 -1 -1 0 0 0 1 -0 
1 45.482016324796113 17.485502460421561 0 -0 -0 -1 -1 0 0 0 1 -0 
1 46.539548895050494 16.977760604949506 0 -0 -0 -1 -1 0 0 0 1 -0 
1 47.561075340142118 17.536319336972031 0 -0 -0 -1 -1 0 0 0 1 -0 
1 47.718161536416751 14.92007713579935 0 -0 -0 -1 -1 0 0 0 1 -0 
1 45.984136569213369 14.544905692622205 0 -0 -0 -1 -1 0 0 0 1 -0 
1 45.686405000000008 13.224291000000001 0 -0 -0 -1 -1 0 0 0 1 -0 
1 46.1233771427855 14.474295324700295 0 -0 -0 -1 -1 0 0 0 1 -0 
1 46.425595541219678 14.533793578806169 0 -0 -0 -1 -1 0 0 0 1 -0 
1 46.678106180635552 16.244334817441995 0 -0 -0 -1 -1 0 0 0 1 -0 
1 46.453057891300304 15.956650719541512 0 -0 -0 -1 -1 0 0 0 1 -0 
1 46.258635686308196 16.114337313691802 0 -0 -0 -1 -1 0 0 0 1 -0 
1 53.900628876837708 16.965582391038641 0 -0 -0 -1 -1 0 0 0 1 -0 
1 44.753851000000004 13.224291000000003 0 -0 -0 -1 -1 0 0 0 1 -0 
1 46.380019497919086 13.106318497919087 0 -0 -0 -1 -1 0 0 0 1 -0 
1 42.485828247259903 8.5380098076119388 0 -0 -0 -1 -1 0 0 0 1 -0 
1 46.91527706485661 7.5518430530933847 0 -0 -0 -1 -1 0 0 0 1 -0 
1 44.516734178210847 9.2805593217891538 0 -0 -0 -1 -1 0 0 0 1 -0 
1 46.6358455131721 13.809418787489673 0 -0 -0 -1 -1 0 0 0 1 -0 
1 50.036191029514804 13.45076043875984 0 -0 -0 -1 -1 0 0 0 1 -0 
1 49.049437806920842 12.800258302758964 0 -0 -0 -1 -1 0 0 0 1 -0 
1 53.788287676430606 12.485848060854597 0 -0 -0 -1 -1 0 0 0 1 -0 
1 52.577861503124993 17.483488076142724 0 -0 -0 -1 -1 0 0 0 1 -0 
1 54.370107493573407 13.30495165323364 0 -0 -0 -1 -1 0 0 0 1 -0 
1 56.69399013484162 13.327170150294902 0 -0 -0 -1 -1 0 0 0 1 -0 
1 50.170462841715711 8.7898923417157135 0 -0 -0 -1 -1 0 0 0 1 -0 
1 50.969664456450197 8.8205220435498113 0 -0 -0 -1 -1 0 0 0 1 -0 
1 49.215264915216842 9.0248959270382727 0 -0 -0 -1 -1 0 0 0 1 -0 
1 55.912100380894138 7.3896111957090698 0 -0 -0 -1 -1 0 0 0 1 -0 
1 58.928638222024624 8.949049816640489 0 -0 -0 -1 -1 0 0 0 1 -0 
1 59.947819968281856 8.6774542671669845 0 -0 -0 -1 -1 0 0 0 1 -0 
1 52.939627084979833 9.316603225607345 0 -0 -0 -1 -1 0 0 0 1 -0 
1 54.338879555896604 11.912474444103394 0 -0 -0 -1 -1 0 0 0 1 -0 
1 48.344271982257503 12.366703265440979 0 -0 -0 -1 -1 0 0 0 1 -0 
1 34.568016966325857 6.0046899685579085 0 -0 -0 -1 -1 0 0 0 1 -0 
1 29.723491415648983 30.043159991819998 0 -0 -0 -1 -1 0 0 0 1 -0 
Triangulations 0

TShapes 4477
Ve
1e-07
9.399802 68.661949 0
0 0

0101101
*
Ve
1e-07
8.410533 69.714676 0
0 0

0101101
*
Ed
 1e-07 1 1 0
1  1 0 0 1.44460627538786
0

0101000
+4477 0 -4476 0 *
Ve
1e-07
9.399802 69.714676 0
0 0

0101101
*
Ed
 1e-07 1 1 0
1  2 0 0 0.989269
0

0101000
+4476 0 -4474 0 *
Ed
 1e-07 1 1 0
1  3 0 0 1.05272699999999
0

0101000
+4474 0 -4477 0 *
Wi

0101100
+4475 0 +4473 0 +4472 0 *
Fa
0  1e-07 1 0

0111000
+4471 0 *
Ve
1e-07
9.424747 67.925774 0
0 0

0101101
*
Ve
1e-07
8.410533 69.714676 0
0 0

0101101
*
Ed
 1e-07 1 1 0
1  4 0 0 2.05640472752811
0

0101000
+4469 0 -4468 0 *
Ve
1e-07
9.399802 68.661949 0
0 0

0101101
*
Ed
 1e-07 1 1 0
1  5 0 0 1.44460627538786
0

0101000
+4468 0 -4466 0 *
Ed
 1e-07 1 1 0
1  6 0 0 0.736597504509759
0

0101000
+4466 0 -4469 0 *
Wi

0101100
+4467 0 +4465 0 +4464 0 *
Fa
0  1e-07 2 0

0111000
+4463 0 *
Ve
1e-07
10.409379 69.714676 0
0 0

0101101
*
Ve
1e-07
10.409379 68.661949 0
0 0

0101101
*
Ed
 1e-07 1 1 0
1  7 0 0 1.05272699999999
0

0101000
+4461 0 -4460 0 *
Ve
1e-07
9.56576 68.661949 0
0 0

0101101
*
Ed
 1e-07 1 1 0
1  8 0 0 0.843619
0

0101000
+4460 0 -4458 0 *
Ve
1e-07
9.56576 69.714676 0
0 0

0101101
*
Ed
 1e-07 1 1 0
1  9 0 0 1.05272699999999
0

0101000
+4458 0 -4456 0 *
Ed
 1e-07 1 1 0
1  10 0 0 0.843619
0

0101000
+4456 0 -4461 0 *
Wi

0101100
+4459 0 +4457 0 +4455 0 +4454 0 *
Fa
0  1e-07 3 0

0111000
+4453 0 *
Ve
1e-07
9.56576 68.661949 0
0 0

0101101
*
Ve
1e-07
10.409379 68.661949 0
0 0

0101101
*
Ed
 1e-07 1 1 0
1  11 0 0 0.843619
0

0101000
+4451 0 -4450 0 *
Ve
1e-07
10.69427 67.925774 0
0 0

0101101
*
Ed
 1e-07 1 1 0
1  12 0 0 0.789377294141404
0

0101000
+4450 0 -4448 0 *
Ve
1e-07
9.424747 67.925774 0
0 0

0101101
*
Ed
 1e-07 1 1 0
1  13 0 0 1.269523
0

0101000
+4448 0 -4446 0 *
Ed
 1e-07 1 1 0
1  14 0 0 0.749558734719304
0

0101000
+4446 0 -4451 0 *
Wi

0101100
+4449 0 +4447 0 +4445 0 +4444 0 *
Fa
0  1e-07 4 0

0111000
+4443 0 *
Ve
1e-07
9.424747 67.925774 0
0 0

0101101
*
Ve
1e-07
9.399802 68.661949 0
0 0

0101101
*
Ed
 1e-07 1 1 0
1  15 0 0 0.736597504509759
0

0101000
+4441 0 -4440 0 *
Ve
1e-07
9.56576 68.661949 0
0 0

0101101
*
Ed
 1e-07 1 1 0
1  16 0 0 0.165958
0

0101000
+4440 0 -4438 0 *
Ed
 1e-07 1 1 0
1  17 0 0 0.749558734719304
0

0101000
+4438 0 -4441 0 *
Wi

0101100
+4439 0 +4437 0 +4436 0 *
Fa
0  1e-07 5 0

0111000
+4435 0 *
Ve
1e-07
8.410533 69.714676 0
0 0

0101101
*
Ve
1e-07
9.424747 67.447845 0
0 0

0101101
*
Ed
 1e-07 1 1 0
1  18 0 0 2.48337528786065
0

0101000
+4433 0 -4432 0 *
Ve
1e-07
9.364294 66.843315 0
0 0

0101101
*
Ed
 1e-07 1 1 0
1  19 0 0 0.607545130923618
0

0101000
+4432 0 -4430 0 *
Ed
 1e-07 1 1 0
1  20 0 0 3.02561961215252
0

0101000
+4430 0 -4433 0 *
Wi

0101100
+4431 0 +4429 0 +4428 0 *
Fa
0  1e-07 6 0

0111000
+4427 0 *
Ve
1e-07
10.361776 67.447845 0
0 0

0101101
*
Ve
1e-07
9.727015 66.843315 0
0 0

0101101
*
Ed
 1e-07 1 1 0
1  21 0 0 0.876571758626182
0

0101000
+4425 0 -4424 0 *
Ve
1e-07
9.424747 67.447845 0
0 0

0101101
*
Ed
 1e-07 1 1 0
1  22 0 0 0.675886428865084
0

0101000
+4424 0 -4422 0 *
Ed
 1e-07 1 1 0
1  23 0 0 0.937029000000001
0

0101000
+4422 0 -4425 0 *
Wi

0101100
+4423 0 +4421 0 +4420 0 *
Fa
0  1e-07 7 0

0111000
+4419 0 *
Ve
1e-07
9.424747 67.447845 0
0 0

0101101
*
Ve
1e-07
9.727015 66.843315 0
0 0

0101101
*
Ed
 1e-07 1 1 0
1  24 0 0 0.675886428865084
0

0101000
+4417 0 -4416 0 *
Ve
1e-07
9.364294 66.843315 0
0 0

0101101
*
Ed
 1e-07 1 1 0
1  25 0 0 0.362721000000001
0

0101000
+4416 0 -4414 0 *
Ed
 1e-07 1 1 0
1  26 0 0 0.607545130923618
0

0101000
+4414 0 -4417 0 *
Wi

0101100
+4415 0 +4413 0 +4412 0 *
Fa
0  1e-07 8 0

0111000
+4411 0 *
Ve
1e-07
9.424747 67.925774 0
0 0

0101101
*
Ve
1e-07
9.424747 67.447845 0
0 0

0101101
*
Ed
 1e-07 1 1 0
1  27 0 0 0.477929000000003
0

0101000
+4409 0 -4408 0 *
Ve
1e-07
8.410533 69.714676 0
0 0

0101101
*
Ed
 1e-07 1 1 0
1  28 0 0 2.48337528786065
0

0101000
+4408 0 -4406 0 *
Ed
 1e-07 1 1 0
1  29 0 0 2.05640472752811
0

0101000
+4406 0 -4409 0 *
Wi

0101100
+4407 0 +4405 0 +4404 0 *
Fa
0  1e-07 9 0

0111000
+4403 0 *
Ve
1e-07
9.727015 66.843315 0
0 0

0101101
*
Ve
1e-07
10.361776 66.420135 0
0 0

0101101
*
Ed
 1e-07 1 1 0
1  30 0 0 0.762891105939113
0

0101000
+4401 0 -4400 0 *
Ve
1e-07
10.433763 65.81057 0
0 0

0101101
*
Ed
 1e-07 1 1 0
1  31 0 0 0.613800959101568
0

0101000
+4400 0 -4398 0 *
Ed
 1e-07 1 1 0
1  32 0 0 1.25142118031022
0

0101000
+4398 0 -4401 0 *
Wi

0101100
+4399 0 +4397 0 +4396 0 *
Fa
0  1e-07 10 0

0111000
+4395 0 *
Ve
1e-07
10.433763 65.81057 0
0 0

0101101
*
Ve
1e-07
10.361776 66.420135 0
0 0

0101101
*
Ed
 1e-07 1 1 0
1  33 0 0 0.613800959101568
0

0101000
+4393 0 -4392 0 *
Ve
1e-07
10.599721 65.81057 0
0 0

0101101
*
Ed
 1e-07 1 1 0
1  34 0 0 0.654360231256457
0

0101000
+4392 0 -4390 0 *
Ed
 1e-07 1 1 0
1  35 0 0 0.165958
0

0101000
+4390 0 -4393 0 *
Wi

0101100
+4391 0 +4389 0 +4388 0 *
Fa
0  1e-07 11 0

0111000
+4387 0 *
Ve
1e-07
10.409379 68.661949 0
0 0

0101101
*
Ve
1e-07
10.575336 68.661949 0
0 0

0101101
*
Ed
 1e-07 1 1 0
1  36 0 0 0.165957000000001
0

0101000
+4385 0 -4384 0 *
Ve
1e-07
10.69427 67.925774 0
0 0

0101101
*
Ed
 1e-07 1 1 0
1  37 0 0 0.745720408049159
0

0101000
+4384 0 -4382 0 *
Ed
 1e-07 1 1 0
1  38 0 0 0.789377294141404
0

0101000
+4382 0 -4385 0 *
Wi

0101100
+4383 0 +4381 0 +4380 0 *
Fa
0  1e-07 12 0

0111000
+4379 0 *
Ve
1e-07
9.727015 66.843315 0
0 0

0101101
*
Ve
1e-07
10.361776 67.447845 0
0 0

0101101
*
Ed
 1e-07 1 1 0
1  39 0 0 0.876571758626182
0

0101000
+4377 0 -4376 0 *
Ve
1e-07
10.361776 66.420135 0
0 0

0101101
*
Ed
 1e-07 1 1 0
1  40 0 0 1.02771
0

0101000
+4376 0 -4374 0 *
Ed
 1e-07 1 1 0
1  41 0 0 0.762891105939113
0

0101000
+4374 0 -4377 0 *
Wi

0101100
+4375 0 +4373 0 +4372 0 *
Fa
0  1e-07 13 0

0111000
+4371 0 *
Ve
1e-07
10.433763 65.81057 0
0 0

0101101
*
Ve
1e-07
9.727015 64.485626 0
0 0

0101101
*
Ed
 1e-07 1 1 0
1  42 0 0 1.50165553261725
0

0101000
+4369 0 -4368 0 *
Ve
1e-07
9.727015 66.843315 0
0 0

0101101
*
Ed
 1e-07 1 1 0
1  43 0 0 2.35768900000001
0

0101000
+4368 0 -4366 0 *
Ed
 1e-07 1 1 0
1  44 0 0 1.25142118031022
0

0101000
+4366 0 -4369 0 *
Wi

0101100
+4367 0 +4365 0 +4364 0 *
Fa
0  1e-07 14 0

0111000
+4363 0 *
Ve
1e-07
9.364294 63.941547 0
0 0

0101101
*
Ve
1e-07
8.410533 69.714676 0
0 0

0101101
*
Ed
 1e-07 1 1 0
1  45 0 0 5.8513826140291
0

0101000
+4361 0 -4360 0 *
Ve
1e-07
9.364294 66.843315 0
0 0

0101101
*
Ed
 1e-07 1 1 0
1  46 0 0 3.02561961215252
0

0101000
+4360 0 -4358 0 *
Ed
 1e-07 1 1 0
1  47 0 0 2.901768
0

0101000
+4358 0 -4361 0 *
Wi

0101100
+4359 0 +4357 0 +4356 0 *
Fa
0  1e-07 15 0

0111000
+4355 0 *
Ve
1e-07
11.335977 68.793327 0
0 0

0101101
*
Ve
1e-07
11.335977 68.592796 0
0 0

0101101
*
Ed
 1e-07 1 1 0
1  48 0 0 0.200530999999998
0

0101000
+4353 0 -4352 0 *
Ve
1e-07
10.575336 68.661949 0
0 0

0101101
*
Ed
 1e-07 1 1 0
1  49 0 0 0.763778022916344
0

0101000
+4352 0 -4350 0 *
Ed
 1e-07 1 1 0
1  50 0 0 0.771903432927331
0

0101000
+4350 0 -4353 0 *
Wi

0101100
+4351 0 +4349 0 +4348 0 *
Fa
0  1e-07 16 0

0111000
+4347 0 *
Ve
1e-07
10.575336 69.714676 0
0 0

0101101
*
Ve
1e-07
12.176793 69.714676 0
0 0

0101101
*
Ed
 1e-07 1 1 0
1  51 0 0 1.601457
0

0101000
+4345 0 -4344 0 *
Ve
1e-07
12.176793 68.793327 0
0 0

0101101
*
Ed
 1e-07 1 1 0
1  52 0 0 0.921348999999992
0

0101000
+4344 0 -4342 0 *
Ve
1e-07
11.335977 68.793327 0
0 0

0101101
*
Ed
 1e-07 1 1 0
1  53 0 0 0.840816
0

0101000
+4342 0 -4340 0 *
Ed
 1e-07 1 1 0
1  54 0 0 1.1947630353681
0

0101000
+4340 0 -4345 0 *
Wi

0101100
+4343 0 +4341 0 +4339 0 +4338 0 *
Fa
0  1e-07 17 0

0111000
+4337 0 *
Ve
1e-07
11.335977 68.592796 0
0 0

0101101
*
Ve
1e-07
11.335977 67.728432 0
0 0

0101101
*
Ed
 1e-07 1 1 0
1  55 0 0 0.864364000000009
0

0101000
+4335 0 -4334 0 *
Ve
1e-07
10.69427 67.925774 0
0 0

0101101
*
Ed
 1e-07 1 1 0
1  56 0 0 0.671365577619975
0

0101000
+4334 0 -4332 0 *
Ed
 1e-07 1 1 0
1  57 0 0 0.925584259985553
0

0101000
+4332 0 -4335 0 *
Wi

0101100
+4333 0 +4331 0 +4330 0 *
Fa
0  1e-07 18 0

0111000
+4329 0 *
Ve
1e-07
11.335977 68.592796 0
0 0

0101101
*
Ve
1e-07
10.69427 67.925774 0
0 0

0101101
*
Ed
 1e-07 1 1 0
1  58 0 0 0.925584259985553
0

0101000
+4327 0 -4326 0 *
Ve
1e-07
10.575336 68.661949 0
0 0

0101101
*
Ed
 1e-07 1 1 0
1  59 0 0 0.745720408049159
0

0101000
+4326 0 -4324 0 *
Ed
 1e-07 1 1 0
1  60 0 0 0.763778022916344
0

0101000
+4324 0 -4327 0 *
Wi

0101100
+4325 0 +4323 0 +4322 0 *
Fa
0  1e-07 19 0

0111000
+4321 0 *
Ve
1e-07
12.480905 63.941547 0
0 0

0101101
*
Ve
1e-07
12.480905 70.029747 0
0 0

0101101
*
Ed
 1e-07 1 1 0
1  61 0 0 6.0882
0

0101000
+4319 0 -4318 0 *
Ve
1e-07
13.704406 66.776833 0
0 0

0101101
*
Ed
 1e-07 1 1 0
1  62 0 0 3.4753998602171
0

0101000
+4318 0 -4316 0 *
Ed
 1e-07 1 1 0
1  63 0 0 3.08800929383268
0

0101000
+4316 0 -4319 0 *
Wi

0101100
+4317 0 +4315 0 +4314 0 *
Fa
0  1e-07 20 0

0111000
+4313 0 *
Ve
1e-07
12.176793 68.592796 0
0 0

0101101
*
Ve
1e-07
12.176793 67.728432 0
0 0

0101101
*
Ed
 1e-07 1 1 0
1  64 0 0 0.864364000000009
0

0101000
+4311 0 -4310 0 *
Ve
1e-07
11.335977 67.728432 0
0 0

0101101
*
Ed
 1e-07 1 1 0
1  65 0 0 0.840816
0

0101000
+4310 0 -4308 0 *
Ve
1e-07
11.335977 68.592796 0
0 0

0101101
*
Ed
 1e-07 1 1 0
1  66 0 0 0.864364000000009
0

0101000
+4308 0 -4306 0 *
Ed
 1e-07 1 1 0
1  67 0 0 0.840816
0

0101000
+4306 0 -4311 0 *
Wi

0101100
+4309 0 +4307 0 +4305 0 +4304 0 *
Fa
0  1e-07 21 0

0111000
+4303 0 *
Ve
1e-07
10.69427 67.925774 0
0 0

0101101
*
Ve
1e-07
11.335977 67.527901 0
0 0

0101101
*
Ed
 1e-07 1 1 0
1  68 0 0 0.755043573562482
0

0101000
+4301 0 -4300 0 *
Ve
1e-07
10.69427 66.708992 0
0 0

0101101
*
Ed
 1e-07 1 1 0
1  69 0 0 1.04038445976956
0

0101000
+4300 0 -4298 0 *
Ed
 1e-07 1 1 0
1  70 0 0 1.21678200000001
0

0101000
+4298 0 -4301 0 *
Wi

0101100
+4299 0 +4297 0 +4296 0 *
Fa
0  1e-07 22 0

0111000
+4295 0 *
Ve
1e-07
10.361776 66.420135 0
0 0

0101101
*
Ve
1e-07
12.175381 66.420135 0
0 0

0101101
*
Ed
 1e-07 1 1 0
1  71 0 0 1.813605
0

0101000
+4293 0 -4292 0 *
Ve
1e-07
11.345674 65.81057 0
0 0

0101101
*
Ed
 1e-07 1 1 0
1  72 0 0 1.02955485287283
0

0101000
+4292 0 -4290 0 *
Ve
1e-07
10.599721 65.81057 0
0 0

0101101
*
Ed
 1e-07 1 1 0
1  73 0 0 0.745953
0

0101000
+4290 0 -4288 0 *
Ed
 1e-07 1 1 0
1  74 0 0 0.654360231256457
0

0101000
+4288 0 -4293 0 *
Wi

0101100
+4291 0 +4289 0 +4287 0 +4286 0 *
Fa
0  1e-07 23 0

0111000
+4285 0 *
Ve
1e-07
12.176793 66.708992 0
0 0

0101101
*
Ve
1e-07
10.69427 66.708992 0
0 0

0101101
*
Ed
 1e-07 1 1 0
1  75 0 0 1.482523
0

0101000
+4283 0 -4282 0 *
Ve
1e-07
11.335977 67.527901 0
0 0

0101101
*
Ed
 1e-07 1 1 0
1  76 0 0 1.04038445976956
0

0101000
+4282 0 -4280 0 *
Ve
1e-07
12.176793 67.527901 0
0 0

0101101
*
Ed
 1e-07 1 1 0
1  77 0 0 0.840816
0

0101000
+4280 0 -4278 0 *
Ed
 1e-07 1 1 0
1  78 0 0 0.818909000000005
0

0101000
+4278 0 -4283 0 *
Wi

0101100
+4281 0 +4279 0 +4277 0 +4276 0 *
Fa
0  1e-07 24 0

0111000
+4275 0 *
Ve
1e-07
11.335977 67.728432 0
0 0

0101101
*
Ve
1e-07
11.335977 67.527901 0
0 0

0101101
*
Ed
 1e-07 1 1 0
1  79 0 0 0.200530999999998
0

0101000
+4273 0 -4272 0 *
Ve
1e-07
10.69427 67.925774 0
0 0

0101101
*
Ed
 1e-07 1 1 0
1  80 0 0 0.755043573562482
0

0101000
+4272 0 -4270 0 *
Ed
 1e-07 1 1 0
1  81 0 0 0.671365577619975
0

0101000
+4270 0 -4273 0 *
Wi

0101100
+4271 0 +4269 0 +4268 0 *
Fa
0  1e-07 25 0

0111000
+4267 0 *
Ve
1e-07
12.175381 66.420135 0
0 0

0101101
*
Ve
1e-07
11.511632 65.81057 0
0 0

0101101
*
Ed
 1e-07 1 1 0
1  82 0 0 0.901183790481167
0

0101000
+4265 0 -4264 0 *
Ve
1e-07
11.345674 65.81057 0
0 0

0101101
*
Ed
 1e-07 1 1 0
1  83 0 0 0.165958
0

0101000
+4264 0 -4262 0 *
Ed
 1e-07 1 1 0
1  84 0 0 1.02955485287283
0

0101000
+4262 0 -4265 0 *
Wi

0101100
+4263 0 +4261 0 +4260 0 *
Fa
0  1e-07 26 0

0111000
+4259 0 *
Ve
1e-07
12.480905 70.029747 0
0 0

0101101
*
Ve
1e-07
14.764068 70.029747 0
0 0

0101101
*
Ed
 1e-07 1 1 0
1  85 0 0 2.283163
0

0101000
+4257 0 -4256 0 *
Ve
1e-07
13.704406 66.776833 0
0 0

0101101
*
Ed
 1e-07 1 1 0
1  86 0 0 3.42115960540283
0

0101000
+4256 0 -4254 0 *
Ed
 1e-07 1 1 0
1  87 0 0 3.4753998602171
0

0101000
+4254 0 -4257 0 *
Wi

0101100
+4255 0 +4253 0 +4252 0 *
Fa
0  1e-07 27 0

0111000
+4251 0 *
Ve
1e-07
11.335977 68.793327 0
0 0

0101101
*
Ve
1e-07
10.575336 68.661949 0
0 0

0101101
*
Ed
 1e-07 1 1 0
1  88 0 0 0.771903432927331
0

0101000
+4249 0 -4248 0 *
Ve
1e-07
10.575336 69.714676 0
0 0

0101101
*
Ed
 1e-07 1 1 0
1  89 0 0 1.05272699999999
0

0101000
+4248 0 -4246 0 *
Ed
 1e-07 1 1 0
1  90 0 0 1.1947630353681
0

0101000
+4246 0 -4249 0 *
Wi

0101100
+4247 0 +4245 0 +4244 0 *
Fa
0  1e-07 28 0

0111000
+4243 0 *
Ve
1e-07
9.364294 63.941547 0
0 0

0101101
*
Ve
1e-07
10.32727 58.917782 0
0 0

0101101
*
Ed
 1e-07 1 1 0
1  91 0 0 5.11522605089951
0

0101000
+4241 0 -4240 0 *
Ve
1e-07
9.767515 58.917782 0
0 0

0101101
*
Ed
 1e-07 1 1 0
1  92 0 0 0.559755000000001
0

0101000
+4240 0 -4238 0 *
Ed
 1e-07 1 1 0
1  93 0 0 5.03992082775771
0

0101000
+4238 0 -4241 0 *
Wi

0101100
+4239 0 +4237 0 +4236 0 *
Fa
0  1e-07 29 0

0111000
+4235 0 *
Ve
1e-07
9.767515 52.797798 0
0 0

0101101
*
Ve
1e-07
8.410533 69.714676 0
0 0

0101101
*
Ed
 1e-07 1 1 0
1  94 0 0 16.9712156728741
0

0101000
+4233 0 -4232 0 *
Ve
1e-07
9.767515 58.917782 0
0 0

0101101
*
Ed
 1e-07 1 1 0
1  95 0 0 10.8818344131658
0

0101000
+4232 0 -4230 0 *
Ed
 1e-07 1 1 0
1  96 0 0 6.119984
0

0101000
+4230 0 -4233 0 *
Wi

0101100
+4231 0 +4229 0 +4228 0 *
Fa
0  1e-07 30 0

0111000
+4227 0 *
Ve
1e-07
10.433763 65.81057 0
0 0

0101101
*
Ve
1e-07
10.433763 64.485626 0
0 0

0101101
*
Ed
 1e-07 1 1 0
1  97 0 0 1.324944
0

0101000
+4225 0 -4224 0 *
Ve
1e-07
9.727015 64.485626 0
0 0

0101101
*
Ed
 1e-07 1 1 0
1  98 0 0 0.706748000000001
0

0101000
+4224 0 -4222 0 *
Ed
 1e-07 1 1 0
1  99 0 0 1.50165553261725
0

0101000
+4222 0 -4225 0 *
Wi

0101100
+4223 0 +4221 0 +4220 0 *
Fa
0  1e-07 31 0

0111000
+4219 0 *
Ve
1e-07
11.345674 64.485626 0
0 0

0101101
*
Ve
1e-07
10.599721 64.485626 0
0 0

0101101
*
Ed
 1e-07 1 1 0
1  100 0 0 0.745953
0

0101000
+4217 0 -4216 0 *
Ve
1e-07
10.599721 65.81057 0
0 0

0101101
*
Ed
 1e-07 1 1 0
1  101 0 0 1.324944
0

0101000
+4216 0 -4214 0 *
Ve
1e-07
11.345674 65.81057 0
0 0

0101101
*
Ed
 1e-07 1 1 0
1  102 0 0 0.745953
0

0101000
+4214 0 -4212 0 *
Ed
 1e-07 1 1 0
1  103 0 0 1.324944
0

0101000
+4212 0 -4217 0 *
Wi

0101100
+4215 0 +4213 0 +4211 0 +4210 0 *
Fa
0  1e-07 32 0

0111000
+4209 0 *
Ve
1e-07
10.32727 52.797798 0
0 0

0101101
*
Ve
1e-07
10.32727 58.917782 0
0 0

0101101
*
Ed
 1e-07 1 1 0
1  104 0 0 6.119984
0

0101000
+4207 0 -4206 0 *
Ve
1e-07
11.782631 58.917782 0
0 0

0101101
*
Ed
 1e-07 1 1 0
1  105 0 0 1.455361
0

0101000
+4206 0 -4204 0 *
Ve
1e-07
11.782631 52.797798 0
0 0

0101101
*
Ed
 1e-07 1 1 0
1  106 0 0 6.119984
0

0101000
+4204 0 -4202 0 *
Ed
 1e-07 1 1 0
1  107 0 0 1.455361
0

0101000
+4202 0 -4207 0 *
Wi

0101100
+4205 0 +4203 0 +4201 0 +4200 0 *
Fa
0  1e-07 33 0

0111000
+4199 0 *
Ve
1e-07
3.670408 41.318233 0
0 0

0101101
*
Ve
1e-07
3.670408 42.920605 0
0 0

0101101
*
Ed
 1e-07 1 1 0
1  108 0 0 1.602372
0

0101000
+4197 0 -4196 0 *
Ve
1e-07
6.51167 41.318233 0
0 0

0101101
*
Ed
 1e-07 1 1 0
1  109 0 0 3.26195735395606
0

0101000
+4196 0 -4194 0 *
Ed
 1e-07 1 1 0
1  110 0 0 2.841262
0

0101000
+4194 0 -4197 0 *
Wi

0101100
+4195 0 +4193 0 +4192 0 *
Fa
0  1e-07 34 0

0111000
+4191 0 *
Ve
1e-07
7.310533 42.920605 0
0 0

0101101
*
Ve
1e-07
6.51167 41.318233 0
0 0

0101101
*
Ed
 1e-07 1 1 0
1  111 0 0 1.79046868700712
0

0101000
+4189 0 -4188 0 *
Ve
1e-07
3.670408 42.920605 0
0 0

0101101
*
Ed
 1e-07 1 1 0
1  112 0 0 3.26195735395606
0

0101000
+4188 0 -4186 0 *
Ed
 1e-07 1 1 0
1  113 0 0 3.640125
0

0101000
+4186 0 -4189 0 *
Wi

0101100
+4187 0 +4185 0 +4184 0 *
Fa
0  1e-07 35 0

0111000
+4183 0 *
Ve
1e-07
9.767515 52.797798 0
0 0

0101101
*
Ve
1e-07
13.411001 48.116535 0
0 0

0101101
*
Ed
 1e-07 1 1 0
1  114 0 0 5.93204968854485
0

0101000
+4181 0 -4180 0 *
Ve
1e-07
12.779035 42.218185 0
0 0

0101101
*
Ed
 1e-07 1 1 0
1  115 0 0 5.93210871003356
0

0101000
+4180 0 -4178 0 *
Ed
 1e-07 1 1 0
1  116 0 0 10.9998847239491
0

0101000
+4178 0 -4181 0 *
Wi

0101100
+4179 0 +4177 0 +4176 0 *
Fa
0  1e-07 36 0

0111000
+4175 0 *
Ve
1e-07
7.310533 42.920605 0
0 0

0101101
*
Ve
1e-07
6.51167 40.961266 0
0 0

0101101
*
Ed
 1e-07 1 1 0
1  117 0 0 2.11593747773652
0

0101000
+4173 0 -4172 0 *
Ve
1e-07
6.51167 41.318233 0
0 0

0101101
*
Ed
 1e-07 1 1 0
1  118 0 0 0.356966999999997
0

0101000
+4172 0 -4170 0 *
Ed
 1e-07 1 1 0
1  119 0 0 1.79046868700712
0

0101000
+4170 0 -4173 0 *
Wi

0101100
+4171 0 +4169 0 +4168 0 *
Fa
0  1e-07 37 0

0111000
+4167 0 *
Ve
1e-07
13.411001 48.116535 0
0 0

0101101
*
Ve
1e-07
9.767515 52.797798 0
0 0

0101101
*
Ed
 1e-07 1 1 0
1  120 0 0 5.93204968854485
0

0101000
+4165 0 -4164 0 *
Ve
1e-07
10.32727 52.797798 0
0 0

0101101
*
Ed
 1e-07 1 1 0
1  121 0 0 0.559755000000001
0

0101000
+4164 0 -4162 0 *
Ed
 1e-07 1 1 0
1  122 0 0 5.60567749300029
0

0101000
+4162 0 -4165 0 *
Wi

0101100
+4163 0 +4161 0 +4160 0 *
Fa
0  1e-07 38 0

0111000
+4159 0 *
Ve
1e-07
9.767515 52.797798 0
0 0

0101101
*
Ve
1e-07
8.410533 38.922142 0
0 0

0101101
*
Ed
 1e-07 1 1 0
1  123 0 0 13.9418517270361
0

0101000
+4157 0 -4156 0 *
Ve
1e-07
8.410533 69.714676 0
0 0

0101101
*
Ed
 1e-07 1 1 0
1  124 0 0 30.792534
0

0101000
+4156 0 -4154 0 *
Ed
 1e-07 1 1 0
1  125 0 0 16.9712156728741
0

0101000
+4154 0 -4157 0 *
Wi

0101100
+4155 0 +4153 0 +4152 0 *
Fa
0  1e-07 39 0

0111000
+4151 0 *
Ve
1e-07
6.51167 40.961266 0
0 0

0101101
*
Ve
1e-07
7.310533 38.922142 0
0 0

0101101
*
Ed
 1e-07 1 1 0
1  126 0 0 2.19002483550872
0

0101000
+4149 0 -4148 0 *
Ve
1e-07
3.670408 40.961266 0
0 0

0101101
*
Ed
 1e-07 1 1 0
1  127 0 0 4.17235385639821
0

0101000
+4148 0 -4146 0 *
Ed
 1e-07 1 1 0
1  128 0 0 2.841262
0

0101000
+4146 0 -4149 0 *
Wi

0101100
+4147 0 +4145 0 +4144 0 *
Fa
0  1e-07 40 0

0111000
+4143 0 *
Ve
1e-07
9.364294 63.941547 0
0 0

0101101
*
Ve
1e-07
12.480905 63.941547 0
0 0

0101101
*
Ed
 1e-07 1 1 0
1  129 0 0 3.116611
0

0101000
+4141 0 -4140 0 *
Ve
1e-07
11.782631 58.917782 0
0 0

0101101
*
Ed
 1e-07 1 1 0
1  130 0 0 5.07206085869452
0

0101000
+4140 0 -4138 0 *
Ve
1e-07
10.32727 58.917782 0
0 0

0101101
*
Ed
 1e-07 1 1 0
1  131 0 0 1.455361
0

0101000
+4138 0 -4136 0 *
Ed
 1e-07 1 1 0
1  132 0 0 5.11522605089951
0

0101000
+4136 0 -4141 0 *
Wi

0101100
+4139 0 +4137 0 +4135 0 +4134 0 *
Fa
0  1e-07 41 0

0111000
+4133 0 *
Ve
1e-07
8.410533 69.714676 0
0 0

0101101
*
Ve
1e-07
9.364294 63.941547 0
0 0

0101101
*
Ed
 1e-07 1 1 0
1  133 0 0 5.8513826140291
0

0101000
+4131 0 -4130 0 *
Ve
1e-07
9.767515 58.917782 0
0 0

0101101
*
Ed
 1e-07 1 1 0
1  134 0 0 5.03992082775771
0

0101000
+4130 0 -4128 0 *
Ed
 1e-07 1 1 0
1  135 0 0 10.8818344131658
0

0101000
+4128 0 -4131 0 *
Wi

0101100
+4129 0 +4127 0 +4126 0 *
Fa
0  1e-07 42 0

0111000
+4125 0 *
Ve
1e-07
11.511632 64.485626 0
0 0

0101101
*
Ve
1e-07
11.511632 65.81057 0
0 0

0101101
*
Ed
 1e-07 1 1 0
1  136 0 0 1.324944
0

0101000
+4123 0 -4122 0 *
Ve
1e-07
12.175381 66.420135 0
0 0

0101101
*
Ed
 1e-07 1 1 0
1  137 0 0 0.901183790481167
0

0101000
+4122 0 -4120 0 *
Ve
1e-07
12.175381 64.485626 0
0 0

0101101
*
Ed
 1e-07 1 1 0
1  138 0 0 1.93450900000001
0

0101000
+4120 0 -4118 0 *
Ed
 1e-07 1 1 0
1  139 0 0 0.663748999999999
0

0101000
+4118 0 -4123 0 *
Wi

0101100
+4121 0 +4119 0 +4117 0 +4116 0 *
Fa
0  1e-07 43 0

0111000
+4115 0 *
Ve
1e-07
11.782631 58.917782 0
0 0

0101101
*
Ve
1e-07
12.480905 63.941547 0
0 0

0101101
*
Ed
 1e-07 1 1 0
1  140 0 0 5.07206085869452
0

0101000
+4113 0 -4112 0 *
Ve
1e-07
13.621656 60.474983 0
0 0

0101101
*
Ed
 1e-07 1 1 0
1  141 0 0 3.6494354097719
0

0101000
+4112 0 -4110 0 *
Ed
 1e-07 1 1 0
1  142 0 0 2.40974851489237
0

0101000
+4110 0 -4113 0 *
Wi

0101100
+4111 0 +4109 0 +4108 0 *
Fa
0  1e-07 44 0

0111000
+4107 0 *
Ve
1e-07
12.480905 63.941547 0
0 0

0101101
*
Ve
1e-07
13.704406 62.562622 0
0 0

0101101
*
Ed
 1e-07 1 1 0
1  143 0 0 1.84347195601832
0

0101000
+4105 0 -4104 0 *
Ve
1e-07
13.621656 60.474983 0
0 0

0101101
*
Ed
 1e-07 1 1 0
1  144 0 0 2.08927838183929
0

0101000
+4104 0 -4102 0 *
Ed
 1e-07 1 1 0
1  145 0 0 3.6494354097719
0

0101000
+4102 0 -4105 0 *
Wi

0101100
+4103 0 +4101 0 +4100 0 *
Fa
0  1e-07 45 0

0111000
+4099 0 *
Ve
1e-07
13.704406 66.776833 0
0 0

0101101
*
Ve
1e-07
13.704406 62.562622 0
0 0

0101101
*
Ed
 1e-07 1 1 0
1  146 0 0 4.214211
0

0101000
+4097 0 -4096 0 *
Ve
1e-07
12.480905 63.941547 0
0 0

0101101
*
Ed
 1e-07 1 1 0
1  147 0 0 1.84347195601832
0

0101000
+4096 0 -4094 0 *
Ed
 1e-07 1 1 0
1  148 0 0 3.08800929383268
0

0101000
+4094 0 -4097 0 *
Wi

0101100
+4095 0 +4093 0 +4092 0 *
Fa
0  1e-07 46 0

0111000
+4091 0 *
Ve
1e-07
12.342385 58.917782 0
0 0

0101101
*
Ve
1e-07
11.782631 58.917782 0
0 0

0101101
*
Ed
 1e-07 1 1 0
1  149 0 0 0.559754
0

0101000
+4089 0 -4088 0 *
Ve
1e-07
13.621656 60.474983 0
0 0

0101101
*
Ed
 1e-07 1 1 0
1  150 0 0 2.40974851489237
0

0101000
+4088 0 -4086 0 *
Ed
 1e-07 1 1 0
1  151 0 0 2.0152938361048
0

0101000
+4086 0 -4089 0 *
Wi

0101100
+4087 0 +4085 0 +4084 0 *
Fa
0  1e-07 47 0

0111000
+4083 0 *
Ve
1e-07
12.779035 42.218185 0
0 0

0101101
*
Ve
1e-07
8.410533 38.922142 0
0 0

0101101
*
Ed
 1e-07 1 1 0
1  152 0 0 5.4724500163869
0

0101000
+4081 0 -4080 0 *
Ve
1e-07
9.767515 52.797798 0
0 0

0101101
*
Ed
 1e-07 1 1 0
1  153 0 0 13.9418517270361
0

0101000
+4080 0 -4078 0 *
Ed
 1e-07 1 1 0
1  154 0 0 10.9998847239491
0

0101000
+4078 0 -4081 0 *
Wi

0101100
+4079 0 +4077 0 +4076 0 *
Fa
0  1e-07 48 0

0111000
+4075 0 *
Ve
1e-07
11.782631 52.797798 0
0 0

0101101
*
Ve
1e-07
12.342385 52.797798 0
0 0

0101101
*
Ed
 1e-07 1 1 0
1  155 0 0 0.559754
0

0101000
+4073 0 -4072 0 *
Ve
1e-07
13.411001 48.116535 0
0 0

0101101
*
Ed
 1e-07 1 1 0
1  156 0 0 4.80168339550048
0

0101000
+4072 0 -4070 0 *
Ed
 1e-07 1 1 0
1  157 0 0 4.95639103905947
0

0101000
+4070 0 -4073 0 *
Wi

0101100
+4071 0 +4069 0 +4068 0 *
Fa
0  1e-07 49 0

0111000
+4067 0 *
Ve
1e-07
13.621656 60.474983 0
0 0

0101101
*
Ve
1e-07
13.621656 52.189205 0
0 0

0101101
*
Ed
 1e-07 1 1 0
1  158 0 0 8.285778
0

0101000
+4065 0 -4064 0 *
Ve
1e-07
12.342385 52.797798 0
0 0

0101101
*
Ed
 1e-07 1 1 0
1  159 0 0 1.41665794427942
0

0101000
+4064 0 -4062 0 *
Ve
1e-07
12.342385 58.917782 0
0 0

0101101
*
Ed
 1e-07 1 1 0
1  160 0 0 6.119984
0

0101000
+4062 0 -4060 0 *
Ed
 1e-07 1 1 0
1  161 0 0 2.0152938361048
0

0101000
+4060 0 -4065 0 *
Wi

0101100
+4063 0 +4061 0 +4059 0 +4058 0 *
Fa
0  1e-07 50 0

0111000
+4057 0 *
Ve
1e-07
11.782631 52.797798 0
0 0

0101101
*
Ve
1e-07
13.411001 48.116535 0
0 0

0101101
*
Ed
 1e-07 1 1 0
1  162 0 0 4.95639103905947
0

0101000
+4055 0 -4054 0 *
Ve
1e-07
10.32727 52.797798 0
0 0

0101101
*
Ed
 1e-07 1 1 0
1  163 0 0 5.60567749300029
0

0101000
+4054 0 -4052 0 *
Ed
 1e-07 1 1 0
1  164 0 0 1.455361
0

0101000
+4052 0 -4055 0 *
Wi

0101100
+4053 0 +4051 0 +4050 0 *
Fa
0  1e-07 51 0

0111000
+4049 0 *
Ve
1e-07
14.504741 47.999348 0
0 0

0101101
*
Ve
1e-07
13.411001 48.116535 0
0 0

0101101
*
Ed
 1e-07 1 1 0
1  165 0 0 1.09999999116773
0

0101000
+4047 0 -4046 0 *
Ve
1e-07
13.621656 52.189205 0
0 0

0101101
*
Ed
 1e-07 1 1 0
1  166 0 0 4.07811432624504
0

0101000
+4046 0 -4044 0 *
Ed
 1e-07 1 1 0
1  167 0 0 4.28190854615953
0

0101000
+4044 0 -4047 0 *
Wi

0101100
+4045 0 +4043 0 +4042 0 *
Fa
0  1e-07 52 0

0111000
+4041 0 *
Ve
1e-07
12.342385 52.797798 0
0 0

0101101
*
Ve
1e-07
13.621656 52.189205 0
0 0

0101101
*
Ed
 1e-07 1 1 0
1  168 0 0 1.41665794427942
0

0101000
+4039 0 -4038 0 *
Ve
1e-07
13.411001 48.116535 0
0 0

0101101
*
Ed
 1e-07 1 1 0
1  169 0 0 4.07811432624504
0

0101000
+4038 0 -4036 0 *
Ed
 1e-07 1 1 0
1  170 0 0 4.80168339550048
0

0101000
+4036 0 -4039 0 *
Wi

0101100
+4037 0 +4035 0 +4034 0 *
Fa
0  1e-07 53 0

0111000
+4033 0 *
Ve
1e-07
16.3353 43.31929 0
0 0

0101101
*
Ve
1e-07
13.872775 42.100998 0
0 0

0101101
*
Ed
 1e-07 1 1 0
1  171 0 0 2.74741055775962
0

0101000
+4031 0 -4030 0 *
Ve
1e-07
14.504741 47.999348 0
0 0

0101101
*
Ed
 1e-07 1 1 0
1  172 0 0 5.93210871003356
0

0101000
+4030 0 -4028 0 *
Ed
 1e-07 1 1 0
1  173 0 0 5.02532477914064
0

0101000
+4028 0 -4031 0 *
Wi

0101100
+4029 0 +4027 0 +4026 0 *
Fa
0  1e-07 54 0

0111000
+4025 0 *
Ve
1e-07
14.504741 47.999348 0
0 0

0101101
*
Ve
1e-07
13.621656 52.189205 0
0 0

0101101
*
Ed
 1e-07 1 1 0
1  174 0 0 4.28190854615953
0

0101000
+4023 0 -4022 0 *
Ve
1e-07
14.721657 52.189205 0
0 0

0101101
*
Ed
 1e-07 1 1 0
1  175 0 0 1.100001
0

0101000
+4022 0 -4020 0 *
Ed
 1e-07 1 1 0
1  176 0 0 4.19546829704445
0

0101000
+4020 0 -4023 0 *
Wi

0101100
+4021 0 +4019 0 +4018 0 *
Fa
0  1e-07 55 0

0111000
+4017 0 *
Ve
1e-07
13.704406 62.562622 0
0 0

0101101
*
Ve
1e-07
14.721657 60.474983 0
0 0

0101101
*
Ed
 1e-07 1 1 0
1  177 0 0 2.32229115128185
0

0101000
+4015 0 -4014 0 *
Ve
1e-07
13.621656 60.474983 0
0 0

0101101
*
Ed
 1e-07 1 1 0
1  178 0 0 1.100001
0

0101000
+4014 0 -4012 0 *
Ed
 1e-07 1 1 0
1  179 0 0 2.08927838183929
0

0101000
+4012 0 -4015 0 *
Wi

0101100
+4013 0 +4011 0 +4010 0 *
Fa
0  1e-07 56 0

0111000
+4009 0 *
Ve
1e-07
12.779035 42.218185 0
0 0

0101101
*
Ve
1e-07
13.872775 42.100998 0
0 0

0101101
*
Ed
 1e-07 1 1 0
1  180 0 0 1.09999999116773
0

0101000
+4007 0 -4006 0 *
Ve
1e-07
13.387792 37.293617 0
0 0

0101101
*
Ed
 1e-07 1 1 0
1  181 0 0 4.83178234086036
0

0101000
+4006 0 -4004 0 *
Ed
 1e-07 1 1 0
1  182 0 0 4.96205149828909
0

0101000
+4004 0 -4007 0 *
Wi

0101100
+4005 0 +4003 0 +4002 0 *
Fa
0  1e-07 57 0

0111000
+4001 0 *
Ve
1e-07
14.721657 60.474983 0
0 0

0101101
*
Ve
1e-07
13.704406 62.562622 0
0 0

0101101
*
Ed
 1e-07 1 1 0
1  183 0 0 2.32229115128185
0

0101000
+3999 0 -3998 0 *
Ve
1e-07
18.842951 62.562622 0
0 0

0101101
*
Ed
 1e-07 1 1 0
1  184 0 0 5.138545
0

0101000
+3998 0 -3996 0 *
Ed
 1e-07 1 1 0
1  185 0 0 4.61988104054173
0

0101000
+3996 0 -3999 0 *
Wi

0101100
+3997 0 +3995 0 +3994 0 *
Fa
0  1e-07 58 0

0111000
+3993 0 *
Ve
1e-07
23.017782 67.523613 0
0 0

0101101
*
Ve
1e-07
18.842951 66.28051 0
0 0

0101101
*
Ed
 1e-07 1 1 0
1  186 0 0 4.35597508569206
0

0101000
+3991 0 -3990 0 *
Ve
1e-07
15.83481 69.765282 0
0 0

0101101
*
Ed
 1e-07 1 1 0
1  187 0 0 4.60353648490646
0

0101000
+3990 0 -3988 0 *
Ed
 1e-07 1 1 0
1  188 0 0 7.52463731075093
0

0101000
+3988 0 -3991 0 *
Wi

0101100
+3989 0 +3987 0 +3986 0 *
Fa
0  1e-07 59 0

0111000
+3985 0 *
Ve
1e-07
20.267237 65.236328 0
0 0

0101101
*
Ve
1e-07
18.842951 62.562622 0
0 0

0101101
*
Ed
 1e-07 1 1 0
1  189 0 0 3.02940495547096
0

0101000
+3983 0 -3982 0 *
Ve
1e-07
18.842951 66.28051 0
0 0

0101101
*
Ed
 1e-07 1 1 0
1  190 0 0 3.71788800000001
0

0101000
+3982 0 -3980 0 *
Ed
 1e-07 1 1 0
1  191 0 0 1.76604265489824
0

0101000
+3980 0 -3983 0 *
Wi

0101100
+3981 0 +3979 0 +3978 0 *
Fa
0  1e-07 60 0

0111000
+3977 0 *
Ve
1e-07
15.83481 69.765282 0
0 0

0101101
*
Ve
1e-07
18.842951 66.28051 0
0 0

0101101
*
Ed
 1e-07 1 1 0
1  192 0 0 4.60353648490646
0

0101000
+3975 0 -3974 0 *
Ve
1e-07
15.073291 67.427597 0
0 0

0101101
*
Ed
 1e-07 1 1 0
1  193 0 0 3.94032296914466
0

0101000
+3974 0 -3972 0 *
Ed
 1e-07 1 1 0
1  194 0 0 2.45859357084207
0

0101000
+3972 0 -3975 0 *
Wi

0101100
+3973 0 +3971 0 +3970 0 *
Fa
0  1e-07 61 0

0111000
+3969 0 *
Ve
1e-07
16.3353 59.365585 0
0 0

0101101
*
Ve
1e-07
14.721657 60.474983 0
0 0

0101101
*
Ed
 1e-07 1 1 0
1  195 0 0 1.95821542580304
0

0101000
+3967 0 -3966 0 *
Ve
1e-07
18.842951 62.562622 0
0 0

0101101
*
Ed
 1e-07 1 1 0
1  196 0 0 4.61988104054173
0

0101000
+3966 0 -3964 0 *
Ed
 1e-07 1 1 0
1  197 0 0 4.06317106668793
0

0101000
+3964 0 -3967 0 *
Wi

0101100
+3965 0 +3963 0 +3962 0 *
Fa
0  1e-07 62 0

0111000
+3961 0 *
Ve
1e-07
18.842951 62.562622 0
0 0

0101101
*
Ve
1e-07
16.895054 59.365585 0
0 0

0101101
*
Ed
 1e-07 1 1 0
1  198 0 0 3.74370782807339
0

0101000
+3959 0 -3958 0 *
Ve
1e-07
16.3353 59.365585 0
0 0

0101101
*
Ed
 1e-07 1 1 0
1  199 0 0 0.559753999999998
0

0101000
+3958 0 -3956 0 *
Ed
 1e-07 1 1 0
1  200 0 0 4.06317106668793
0

0101000
+3956 0 -3959 0 *
Wi

0101100
+3957 0 +3955 0 +3954 0 *
Fa
0  1e-07 63 0

0111000
+3953 0 *
Ve
1e-07
16.895054 55.11145 0
0 0

0101101
*
Ve
1e-07
16.895054 54.215843 0
0 0

0101101
*
Ed
 1e-07 1 1 0
1  201 0 0 0.895606999999998
0

0101000
+3951 0 -3950 0 *
Ve
1e-07
16.3353 54.215843 0
0 0

0101101
*
Ed
 1e-07 1 1 0
1  202 0 0 0.559753999999998
0

0101000
+3950 0 -3948 0 *
Ve
1e-07
16.3353 55.11145 0
0 0

0101101
*
Ed
 1e-07 1 1 0
1  203 0 0 0.895606999999998
0

0101000
+3948 0 -3946 0 *
Ed
 1e-07 1 1 0
1  204 0 0 0.559753999999998
0

0101000
+3946 0 -3951 0 *
Wi

0101100
+3949 0 +3947 0 +3945 0 +3944 0 *
Fa
0  1e-07 64 0

0111000
+3943 0 *
Ve
1e-07
16.895054 55.11145 0
0 0

0101101
*
Ve
1e-07
16.895054 59.365585 0
0 0

0101101
*
Ed
 1e-07 1 1 0
1  205 0 0 4.25413500000001
0

0101000
+3941 0 -3940 0 *
Ve
1e-07
18.275782 59.365585 0
0 0

0101101
*
Ed
 1e-07 1 1 0
1  206 0 0 1.380728
0

0101000
+3940 0 -3938 0 *
Ve
1e-07
18.275782 55.11145 0
0 0

0101101
*
Ed
 1e-07 1 1 0
1  207 0 0 4.25413500000001
0

0101000
+3938 0 -3936 0 *
Ed
 1e-07 1 1 0
1  208 0 0 1.380728
0

0101000
+3936 0 -3941 0 *
Wi

0101100
+3939 0 +3937 0 +3935 0 +3934 0 *
Fa
0  1e-07 65 0

0111000
+3933 0 *
Ve
1e-07
14.721657 60.474983 0
0 0

0101101
*
Ve
1e-07
16.3353 59.365585 0
0 0

0101101
*
Ed
 1e-07 1 1 0
1  209 0 0 1.95821542580304
0

0101000
+3931 0 -3930 0 *
Ve
1e-07
16.3353 55.11145 0
0 0

0101101
*
Ed
 1e-07 1 1 0
1  210 0 0 4.25413500000001
0

0101000
+3930 0 -3928 0 *
Ed
 1e-07 1 1 0
1  211 0 0 5.60101151342666
0

0101000
+3928 0 -3931 0 *
Wi

0101100
+3929 0 +3927 0 +3926 0 *
Fa
0  1e-07 66 0

0111000
+3925 0 *
Ve
1e-07
18.842951 62.562622 0
0 0

0101101
*
Ve
1e-07
18.835537 59.365585 0
0 0

0101101
*
Ed
 1e-07 1 1 0
1  212 0 0 3.19704559660399
0

0101000
+3923 0 -3922 0 *
Ve
1e-07
18.275782 59.365585 0
0 0

0101101
*
Ed
 1e-07 1 1 0
1  213 0 0 0.559754999999999
0

0101000
+3922 0 -3920 0 *
Ed
 1e-07 1 1 0
1  214 0 0 3.2469564601223
0

0101000
+3920 0 -3923 0 *
Wi

0101100
+3921 0 +3919 0 +3918 0 *
Fa
0  1e-07 67 0

0111000
+3917 0 *
Ve
1e-07
18.835537 55.11145 0
0 0

0101101
*
Ve
1e-07
18.835537 54.215843 0
0 0

0101101
*
Ed
 1e-07 1 1 0
1  215 0 0 0.895606999999998
0

0101000
+3915 0 -3914 0 *
Ve
1e-07
18.275782 54.215843 0
0 0

0101101
*
Ed
 1e-07 1 1 0
1  216 0 0 0.559754999999999
0

0101000
+3914 0 -3912 0 *
Ve
1e-07
18.275782 55.11145 0
0 0

0101101
*
Ed
 1e-07 1 1 0
1  217 0 0 0.895606999999998
0

0101000
+3912 0 -3910 0 *
Ed
 1e-07 1 1 0
1  218 0 0 0.559754999999999
0

0101000
+3910 0 -3915 0 *
Wi

0101100
+3913 0 +3911 0 +3909 0 +3908 0 *
Fa
0  1e-07 68 0

0111000
+3907 0 *
Ve
1e-07
20.267237 65.236328 0
0 0

0101101
*
Ve
1e-07
18.835537 59.365585 0
0 0

0101101
*
Ed
 1e-07 1 1 0
1  219 0 0 6.0427963942242
0

0101000
+3905 0 -3904 0 *
Ve
1e-07
18.842951 62.562622 0
0 0

0101101
*
Ed
 1e-07 1 1 0
1  220 0 0 3.19704559660399
0

0101000
+3904 0 -3902 0 *
Ed
 1e-07 1 1 0
1  221 0 0 3.02940495547096
0

0101000
+3902 0 -3905 0 *
Wi

0101100
+3903 0 +3901 0 +3900 0 *
Fa
0  1e-07 69 0

0111000
+3899 0 *
Ve
1e-07
18.275782 59.365585 0
0 0

0101101
*
Ve
1e-07
16.895054 59.365585 0
0 0

0101101
*
Ed
 1e-07 1 1 0
1  222 0 0 1.380728
0

0101000
+3897 0 -3896 0 *
Ve
1e-07
18.842951 62.562622 0
0 0

0101101
*
Ed
 1e-07 1 1 0
1  223 0 0 3.74370782807339
0

0101000
+3896 0 -3894 0 *
Ed
 1e-07 1 1 0
1  224 0 0 3.2469564601223
0

0101000
+3894 0 -3897 0 *
Wi

0101100
+3895 0 +3893 0 +3892 0 *
Fa
0  1e-07 70 0

0111000
+3891 0 *
Ve
1e-07
18.275782 55.11145 0
0 0

0101101
*
Ve
1e-07
18.275782 54.215843 0
0 0

0101101
*
Ed
 1e-07 1 1 0
1  225 0 0 0.895606999999998
0

0101000
+3889 0 -3888 0 *
Ve
1e-07
16.895054 54.215843 0
0 0

0101101
*
Ed
 1e-07 1 1 0
1  226 0 0 1.380728
0

0101000
+3888 0 -3886 0 *
Ve
1e-07
16.895054 55.11145 0
0 0

0101101
*
Ed
 1e-07 1 1 0
1  227 0 0 0.895606999999998
0

0101000
+3886 0 -3884 0 *
Ed
 1e-07 1 1 0
1  228 0 0 1.380728
0

0101000
+3884 0 -3889 0 *
Wi

0101100
+3887 0 +3885 0 +3883 0 +3882 0 *
Fa
0  1e-07 71 0

0111000
+3881 0 *
Ve
1e-07
29.637438 67.946785 0
0 0

0101101
*
Ve
1e-07
28.111828 66.455902 0
0 0

0101101
*
Ed
 1e-07 1 1 0
1  229 0 0 2.13312399822163
0

0101000
+3879 0 -3878 0 *
Ve
1e-07
27.914513 67.946785 0
0 0

0101101
*
Ed
 1e-07 1 1 0
1  230 0 0 1.50388341599807
0

0101000
+3878 0 -3876 0 *
Ed
 1e-07 1 1 0
1  231 0 0 1.722925
0

0101000
+3876 0 -3879 0 *
Wi

0101100
+3877 0 +3875 0 +3874 0 *
Fa
0  1e-07 72 0

0111000
+3873 0 *
Ve
1e-07
28.111828 66.455902 0
0 0

0101101
*
Ve
1e-07
23.075974 65.868294 0
0 0

0101101
*
Ed
 1e-07 1 1 0
1  232 0 0 5.07002057895034
0

0101000
+3871 0 -3870 0 *
Ve
1e-07
27.914513 67.946785 0
0 0

0101101
*
Ed
 1e-07 1 1 0
1  233 0 0 5.26607866363597
0

0101000
+3870 0 -3868 0 *
Ed
 1e-07 1 1 0
1  234 0 0 1.50388341599807
0

0101000
+3868 0 -3871 0 *
Wi

0101100
+3869 0 +3867 0 +3866 0 *
Fa
0  1e-07 73 0

0111000
+3865 0 *
Ve
1e-07
18.842951 66.28051 0
0 0

0101101
*
Ve
1e-07
23.017782 67.523613 0
0 0

0101101
*
Ed
 1e-07 1 1 0
1  235 0 0 4.35597508569206
0

0101000
+3863 0 -3862 0 *
Ve
1e-07
20.267237 65.236328 0
0 0

0101101
*
Ed
 1e-07 1 1 0
1  236 0 0 3.57731330305999
0

0101000
+3862 0 -3860 0 *
Ed
 1e-07 1 1 0
1  237 0 0 1.76604265489824
0

0101000
+3860 0 -3863 0 *
Wi

0101100
+3861 0 +3859 0 +3858 0 *
Fa
0  1e-07 74 0

0111000
+3857 0 *
Ve
1e-07
30.725599 68.309502 0
0 0

0101101
*
Ve
1e-07
29.637438 67.946785 0
0 0

0101101
*
Ed
 1e-07 1 1 0
1  238 0 0 1.14702135290063
0

0101000
+3855 0 -3854 0 *
Ve
1e-07
31.209229 69.881294 0
0 0

0101101
*
Ed
 1e-07 1 1 0
1  239 0 0 2.49255933104148
0

0101000
+3854 0 -3852 0 *
Ed
 1e-07 1 1 0
1  240 0 0 1.64451453875118
0

0101000
+3852 0 -3855 0 *
Wi

0101100
+3853 0 +3851 0 +3850 0 *
Fa
0  1e-07 75 0

0111000
+3849 0 *
Ve
1e-07
29.637438 67.946785 0
0 0

0101101
*
Ve
1e-07
28.609728 70.576508 0
0 0

0101101
*
Ed
 1e-07 1 1 0
1  241 0 0 2.82340767527982
0

0101000
+3847 0 -3846 0 *
Ve
1e-07
31.209229 69.881294 0
0 0

0101101
*
Ed
 1e-07 1 1 0
1  242 0 0 2.6908600771495
0

0101000
+3846 0 -3844 0 *
Ed
 1e-07 1 1 0
1  243 0 0 2.49255933104148
0

0101000
+3844 0 -3847 0 *
Wi

0101100
+3845 0 +3843 0 +3842 0 *
Fa
0  1e-07 76 0

0111000
+3841 0 *
Ve
1e-07
29.637438 67.946785 0
0 0

0101101
*
Ve
1e-07
29.909477 66.677261 0
0 0

0101101
*
Ed
 1e-07 1 1 0
1  244 0 0 1.29834371569974
0

0101000
+3839 0 -3838 0 *
Ve
1e-07
28.111828 66.455902 0
0 0

0101101
*
Ed
 1e-07 1 1 0
1  245 0 0 1.81122658275601
0

0101000
+3838 0 -3836 0 *
Ed
 1e-07 1 1 0
1  246 0 0 2.13312399822163
0

0101000
+3836 0 -3839 0 *
Wi

0101100
+3837 0 +3835 0 +3834 0 *
Fa
0  1e-07 77 0

0111000
+3833 0 *
Ve
1e-07
27.76638 65.308128 0
0 0

0101101
*
Ve
1e-07
33.430428 60.529091 0
0 0

0101101
*
Ed
 1e-07 1 1 0
1  247 0 0 7.41084572728868
0

0101000
+3831 0 -3830 0 *
Ve
1e-07
30.259975 60.529091 0
0 0

0101101
*
Ed
 1e-07 1 1 0
1  248 0 0 3.170453
0

0101000
+3830 0 -3828 0 *
Ed
 1e-07 1 1 0
1  249 0 0 5.39047406740761
0

0101000
+3828 0 -3831 0 *
Wi

0101100
+3829 0 +3827 0 +3826 0 *
Fa
0  1e-07 78 0

0111000
+3825 0 *
Ve
1e-07
28.609728 70.576508 0
0 0

0101101
*
Ve
1e-07
29.637438 67.946785 0
0 0

0101101
*
Ed
 1e-07 1 1 0
1  250 0 0 2.82340767527982
0

0101000
+3823 0 -3822 0 *
Ve
1e-07
27.914513 67.946785 0
0 0

0101101
*
Ed
 1e-07 1 1 0
1  251 0 0 1.722925
0

0101000
+3822 0 -3820 0 *
Ed
 1e-07 1 1 0
1  252 0 0 2.72006745375073
0

0101000
+3820 0 -3823 0 *
Wi

0101100
+3821 0 +3819 0 +3818 0 *
Fa
0  1e-07 79 0

0111000
+3817 0 *
Ve
1e-07
28.111828 66.455902 0
0 0

0101101
*
Ve
1e-07
29.909477 66.677261 0
0 0

0101101
*
Ed
 1e-07 1 1 0
1  253 0 0 1.81122658275601
0

0101000
+3815 0 -3814 0 *
Ve
1e-07
35.16312 60.506371 0
0 0

0101101
*
Ed
 1e-07 1 1 0
1  254 0 0 8.10435982441235
0

0101000
+3814 0 -3812 0 *
Ed
 1e-07 1 1 0
1  255 0 0 9.2259220671554
0

0101000
+3812 0 -3815 0 *
Wi

0101100
+3813 0 +3811 0 +3810 0 *
Fa
0  1e-07 80 0

0111000
+3809 0 *
Ve
1e-07
23.017782 67.523613 0
0 0

0101101
*
Ve
1e-07
23.075974 65.868294 0
0 0

0101101
*
Ed
 1e-07 1 1 0
1  256 0 0 1.65634154105516
0

0101000
+3807 0 -3806 0 *
Ve
1e-07
20.267237 65.236328 0
0 0

0101101
*
Ed
 1e-07 1 1 0
1  257 0 0 2.87895546341464
0

0101000
+3806 0 -3804 0 *
Ed
 1e-07 1 1 0
1  258 0 0 3.57731330305999
0

0101000
+3804 0 -3807 0 *
Wi

0101100
+3805 0 +3803 0 +3802 0 *
Fa
0  1e-07 81 0

0111000
+3801 0 *
Ve
1e-07
21.333979 47.493786 0
0 0

0101101
*
Ve
1e-07
21.333979 64.353668 0
0 0

0101101
*
Ed
 1e-07 1 1 0
1  259 0 0 16.859882
0

0101000
+3799 0 -3798 0 *
Ve
1e-07
23.112247 61.707317 0
0 0

0101101
*
Ed
 1e-07 1 1 0
1  260 0 0 3.18832412013349
0

0101000
+3798 0 -3796 0 *
Ve
1e-07
23.112247 47.232338 0
0 0

0101101
*
Ed
 1e-07 1 1 0
1  261 0 0 14.474979
0

0101000
+3796 0 -3794 0 *
Ed
 1e-07 1 1 0
1  262 0 0 1.79738480480058
0

0101000
+3794 0 -3799 0 *
Wi

0101100
+3797 0 +3795 0 +3793 0 +3792 0 *
Fa
0  1e-07 82 0

0111000
+3791 0 *
Ve
1e-07
21.333979 64.353668 0
0 0

0101101
*
Ve
1e-07
23.260962 64.782417 0
0 0

0101101
*
Ed
 1e-07 1 1 0
1  263 0 0 1.97410465459408
0

0101000
+3789 0 -3788 0 *
Ve
1e-07
23.112247 61.707317 0
0 0

0101101
*
Ed
 1e-07 1 1 0
1  264 0 0 3.07869390508783
0

0101000
+3788 0 -3786 0 *
Ed
 1e-07 1 1 0
1  265 0 0 3.18832412013349
0

0101000
+3786 0 -3789 0 *
Wi

0101100
+3787 0 +3785 0 +3784 0 *
Fa
0  1e-07 83 0

0111000
+3783 0 *
Ve
1e-07
23.380739 61.707317 0
0 0

0101101
*
Ve
1e-07
23.260962 64.782417 0
0 0

0101101
*
Ed
 1e-07 1 1 0
1  266 0 0 3.07743180911112
0

0101000
+3781 0 -3780 0 *
Ve
1e-07
27.76638 65.308128 0
0 0

0101101
*
Ed
 1e-07 1 1 0
1  267 0 0 4.53598538470364
0

0101000
+3780 0 -3778 0 *
Ed
 1e-07 1 1 0
1  268 0 0 5.6744767898549
0

0101000
+3778 0 -3781 0 *
Wi

0101100
+3779 0 +3777 0 +3776 0 *
Fa
0  1e-07 84 0

0111000
+3775 0 *
Ve
1e-07
27.76638 65.308128 0
0 0

0101101
*
Ve
1e-07
30.259975 60.529091 0
0 0

0101101
*
Ed
 1e-07 1 1 0
1  269 0 0 5.39047406740761
0

0101000
+3773 0 -3772 0 *
Ve
1e-07
23.380739 61.707317 0
0 0

0101101
*
Ed
 1e-07 1 1 0
1  270 0 0 6.97940573765217
0

0101000
+3772 0 -3770 0 *
Ed
 1e-07 1 1 0
1  271 0 0 5.6744767898549
0

0101000
+3770 0 -3773 0 *
Wi

0101100
+3771 0 +3769 0 +3768 0 *
Fa
0  1e-07 85 0

0111000
+3767 0 *
Ve
1e-07
23.112247 61.707317 0
0 0

0101101
*
Ve
1e-07
23.260962 64.782417 0
0 0

0101101
*
Ed
 1e-07 1 1 0
1  272 0 0 3.07869390508783
0

0101000
+3765 0 -3764 0 *
Ve
1e-07
23.380739 61.707317 0
0 0

0101101
*
Ed
 1e-07 1 1 0
1  273 0 0 3.07743180911112
0

0101000
+3764 0 -3762 0 *
Ed
 1e-07 1 1 0
1  274 0 0 0.268491999999998
0

0101000
+3762 0 -3765 0 *
Wi

0101100
+3763 0 +3761 0 +3760 0 *
Fa
0  1e-07 86 0

0111000
+3759 0 *
Ve
1e-07
23.017782 67.523613 0
0 0

0101101
*
Ve
1e-07
27.914513 67.946785 0
0 0

0101101
*
Ed
 1e-07 1 1 0
1  275 0 0 4.91498209843586
0

0101000
+3757 0 -3756 0 *
Ve
1e-07
23.075974 65.868294 0
0 0

0101101
*
Ed
 1e-07 1 1 0
1  276 0 0 5.26607866363597
0

0101000
+3756 0 -3754 0 *
Ed
 1e-07 1 1 0
1  277 0 0 1.65634154105516
0

0101000
+3754 0 -3757 0 *
Wi

0101100
+3755 0 +3753 0 +3752 0 *
Fa
0  1e-07 87 0

0111000
+3751 0 *
Ve
1e-07
29.133223 45.105499 0
0 0

0101101
*
Ve
1e-07
34.934769 41.020527 0
0 0

0101101
*
Ed
 1e-07 1 1 0
1  278 0 0 7.09541628312955
0

0101000
+3749 0 -3748 0 *
Ve
1e-07
29.094162 40.229492 0
0 0

0101101
*
Ed
 1e-07 1 1 0
1  279 0 0 5.89393132804192
0

0101000
+3748 0 -3746 0 *
Ed
 1e-07 1 1 0
1  280 0 0 4.87616345355342
0

0101000
+3746 0 -3749 0 *
Wi

0101100
+3747 0 +3745 0 +3744 0 *
Fa
0  1e-07 88 0

0111000
+3743 0 *
Ve
1e-07
17.282618 77.761108 0
0 0

0101101
*
Ve
1e-07
26.448431 84.699181 0
0 0

0101101
*
Ed
 1e-07 1 1 0
1  281 0 0 11.4956072003308
0

0101000
+3741 0 -3740 0 *
Ve
1e-07
38.005413 77.761108 0
0 0

0101101
*
Ed
 1e-07 1 1 0
1  282 0 0 13.4796398283357
0

0101000
+3740 0 -3738 0 *
Ed
 1e-07 1 1 0
1  283 0 0 20.722795
0

0101000
+3738 0 -3741 0 *
Wi

0101100
+3739 0 +3737 0 +3736 0 *
Fa
0  1e-07 89 0

0111000
+3735 0 *
Ve
1e-07
30.259975 60.529091 0
0 0

0101101
*
Ve
1e-07
23.380739 48.304691 0
0 0

0101101
*
Ed
 1e-07 1 1 0
1  284 0 0 14.0271110106
0

0101000
+3733 0 -3732 0 *
Ve
1e-07
23.380739 61.707317 0
0 0

0101101
*
Ed
 1e-07 1 1 0
1  285 0 0 13.402626
0

0101000
+3732 0 -3730 0 *
Ed
 1e-07 1 1 0
1  286 0 0 6.97940573765217
0

0101000
+3730 0 -3733 0 *
Wi

0101100
+3731 0 +3729 0 +3728 0 *
Fa
0  1e-07 90 0

0111000
+3727 0 *
Ve
1e-07
14.504741 47.999348 0
0 0

0101101
*
Ve
1e-07
16.3353 49.961712 0
0 0

0101101
*
Ed
 1e-07 1 1 0
1  287 0 0 2.68362045024571
0

0101000
+3725 0 -3724 0 *
Ve
1e-07
16.3353 47.573425 0
0 0

0101101
*
Ed
 1e-07 1 1 0
1  288 0 0 2.388287
0

0101000
+3724 0 -3722 0 *
Ed
 1e-07 1 1 0
1  289 0 0 1.87945647845594
0

0101000
+3722 0 -3725 0 *
Wi

0101100
+3723 0 +3721 0 +3720 0 *
Fa
0  1e-07 91 0

0111000
+3719 0 *
Ve
1e-07
16.3353 54.215843 0
0 0

0101101
*
Ve
1e-07
16.3353 49.961712 0
0 0

0101101
*
Ed
 1e-07 1 1 0
1  290 0 0 4.254131
0

0101000
+3717 0 -3716 0 *
Ve
1e-07
14.721657 52.189205 0
0 0

0101101
*
Ed
 1e-07 1 1 0
1  291 0 0 2.75055790640699
0

0101000
+3716 0 -3714 0 *
Ed
 1e-07 1 1 0
1  292 0 0 2.59058011157598
0

0101000
+3714 0 -3717 0 *
Wi

0101100
+3715 0 +3713 0 +3712 0 *
Fa
0  1e-07 92 0

0111000
+3711 0 *
Ve
1e-07
16.3353 55.11145 0
0 0

0101101
*
Ve
1e-07
16.3353 54.215843 0
0 0

0101101
*
Ed
 1e-07 1 1 0
1  293 0 0 0.895606999999998
0

0101000
+3709 0 -3708 0 *
Ve
1e-07
14.721657 52.189205 0
0 0

0101101
*
Ed
 1e-07 1 1 0
1  294 0 0 2.59058011157598
0

0101000
+3708 0 -3706 0 *
Ed
 1e-07 1 1 0
1  295 0 0 3.33816709759622
0

0101000
+3706 0 -3709 0 *
Wi

0101100
+3707 0 +3705 0 +3704 0 *
Fa
0  1e-07 93 0

0111000
+3703 0 *
Ve
1e-07
16.895054 49.961712 0
0 0

0101101
*
Ve
1e-07
16.895054 47.573425 0
0 0

0101101
*
Ed
 1e-07 1 1 0
1  296 0 0 2.388287
0

0101000
+3701 0 -3700 0 *
Ve
1e-07
16.3353 47.573425 0
0 0

0101101
*
Ed
 1e-07 1 1 0
1  297 0 0 0.559753999999998
0

0101000
+3700 0 -3698 0 *
Ve
1e-07
16.3353 49.961712 0
0 0

0101101
*
Ed
 1e-07 1 1 0
1  298 0 0 2.388287
0

0101000
+3698 0 -3696 0 *
Ed
 1e-07 1 1 0
1  299 0 0 0.559753999999998
0

0101000
+3696 0 -3701 0 *
Wi

0101100
+3699 0 +3697 0 +3695 0 +3694 0 *
Fa
0  1e-07 94 0

0111000
+3693 0 *
Ve
1e-07
18.275782 54.215843 0
0 0

0101101
*
Ve
1e-07
18.275782 48.730251 0
0 0

0101101
*
Ed
 1e-07 1 1 0
1  300 0 0 5.485592
0

0101000
+3691 0 -3690 0 *
Ve
1e-07
16.895054 49.961712 0
0 0

0101101
*
Ed
 1e-07 1 1 0
1  301 0 0 1.8501097276932
0

0101000
+3690 0 -3688 0 *
Ve
1e-07
16.895054 54.215843 0
0 0

0101101
*
Ed
 1e-07 1 1 0
1  302 0 0 4.254131
0

0101000
+3688 0 -3686 0 *
Ed
 1e-07 1 1 0
1  303 0 0 1.380728
0

0101000
+3686 0 -3691 0 *
Wi

0101100
+3689 0 +3687 0 +3685 0 +3684 0 *
Fa
0  1e-07 95 0

0111000
+3683 0 *
Ve
1e-07
18.275782 48.730251 0
0 0

0101101
*
Ve
1e-07
16.895054 47.573425 0
0 0

0101101
*
Ed
 1e-07 1 1 0
1  304 0 0 1.80129292572308
0

0101000
+3681 0 -3680 0 *
Ve
1e-07
16.895054 49.961712 0
0 0

0101101
*
Ed
 1e-07 1 1 0
1  305 0 0 2.388287
0

0101000
+3680 0 -3678 0 *
Ed
 1e-07 1 1 0
1  306 0 0 1.8501097276932
0

0101000
+3678 0 -3681 0 *
Wi

0101100
+3679 0 +3677 0 +3676 0 *
Fa
0  1e-07 96 0

0111000
+3675 0 *
Ve
1e-07
16.895054 43.31929 0
0 0

0101101
*
Ve
1e-07
16.895054 39.214424 0
0 0

0101101
*
Ed
 1e-07 1 1 0
1  307 0 0 4.104866
0

0101000
+3673 0 -3672 0 *
Ve
1e-07
16.3353 39.214424 0
0 0

0101101
*
Ed
 1e-07 1 1 0
1  308 0 0 0.559753999999998
0

0101000
+3672 0 -3670 0 *
Ve
1e-07
16.3353 43.31929 0
0 0

0101101
*
Ed
 1e-07 1 1 0
1  309 0 0 4.104866
0

0101000
+3670 0 -3668 0 *
Ed
 1e-07 1 1 0
1  310 0 0 0.559753999999998
0

0101000
+3668 0 -3673 0 *
Wi

0101100
+3671 0 +3669 0 +3667 0 +3666 0 *
Fa
0  1e-07 97 0

0111000
+3665 0 *
Ve
1e-07
16.895054 43.31929 0
0 0

0101101
*
Ve
1e-07
16.895054 47.573425 0
0 0

0101101
*
Ed
 1e-07 1 1 0
1  311 0 0 4.254135
0

0101000
+3663 0 -3662 0 *
Ve
1e-07
18.275782 47.573425 0
0 0

0101101
*
Ed
 1e-07 1 1 0
1  312 0 0 1.380728
0

0101000
+3662 0 -3660 0 *
Ve
1e-07
18.275782 43.31929 0
0 0

0101101
*
Ed
 1e-07 1 1 0
1  313 0 0 4.254135
0

0101000
+3660 0 -3658 0 *
Ed
 1e-07 1 1 0
1  314 0 0 1.380728
0

0101000
+3658 0 -3663 0 *
Wi

0101100
+3661 0 +3659 0 +3657 0 +3656 0 *
Fa
0  1e-07 98 0

0111000
+3655 0 *
Ve
1e-07
16.3353 47.573425 0
0 0

0101101
*
Ve
1e-07
16.3353 43.31929 0
0 0

0101101
*
Ed
 1e-07 1 1 0
1  315 0 0 4.254135
0

0101000
+3653 0 -3652 0 *
Ve
1e-07
14.504741 47.999348 0
0 0

0101101
*
Ed
 1e-07 1 1 0
1  316 0 0 5.02532477914064
0

0101000
+3652 0 -3650 0 *
Ed
 1e-07 1 1 0
1  317 0 0 1.87945647845594
0

0101000
+3650 0 -3653 0 *
Wi

0101100
+3651 0 +3649 0 +3648 0 *
Fa
0  1e-07 99 0

0111000
+3647 0 *
Ve
1e-07
18.835537 48.730251 0
0 0

0101101
*
Ve
1e-07
18.835537 47.573425 0
0 0

0101101
*
Ed
 1e-07 1 1 0
1  318 0 0 1.156826
0

0101000
+3645 0 -3644 0 *
Ve
1e-07
18.275782 47.573425 0
0 0

0101101
*
Ed
 1e-07 1 1 0
1  319 0 0 0.559754999999999
0

0101000
+3644 0 -3642 0 *
Ve
1e-07
18.275782 48.730251 0
0 0

0101101
*
Ed
 1e-07 1 1 0
1  320 0 0 1.156826
0

0101000
+3642 0 -3640 0 *
Ed
 1e-07 1 1 0
1  321 0 0 0.559754999999999
0

0101000
+3640 0 -3645 0 *
Wi

0101100
+3643 0 +3641 0 +3639 0 +3638 0 *
Fa
0  1e-07 100 0

0111000
+3637 0 *
Ve
1e-07
18.275782 48.730251 0
0 0

0101101
*
Ve
1e-07
18.275782 47.573425 0
0 0

0101101
*
Ed
 1e-07 1 1 0
1  322 0 0 1.156826
0

0101000
+3635 0 -3634 0 *
Ve
1e-07
16.895054 47.573425 0
0 0

0101101
*
Ed
 1e-07 1 1 0
1  323 0 0 1.380728
0

0101000
+3634 0 -3632 0 *
Ed
 1e-07 1 1 0
1  324 0 0 1.80129292572308
0

0101000
+3632 0 -3635 0 *
Wi

0101100
+3633 0 +3631 0 +3630 0 *
Fa
0  1e-07 101 0

0111000
+3629 0 *
Ve
1e-07
18.835537 47.573425 0
0 0

0101101
*
Ve
1e-07
18.835537 48.730251 0
0 0

0101101
*
Ed
 1e-07 1 1 0
1  325 0 0 1.156826
0

0101000
+3627 0 -3626 0 *
Ve
1e-07
20.027884 47.493786 0
0 0

0101101
*
Ed
 1e-07 1 1 0
1  326 0 0 1.71771274217606
0

0101000
+3626 0 -3624 0 *
Ed
 1e-07 1 1 0
1  327 0 0 1.19500365636679
0

0101000
+3624 0 -3627 0 *
Wi

0101100
+3625 0 +3623 0 +3622 0 *
Fa
0  1e-07 102 0

0111000
+3621 0 *
Ve
1e-07
18.275782 43.31929 0
0 0

0101101
*
Ve
1e-07
18.275782 39.214424 0
0 0

0101101
*
Ed
 1e-07 1 1 0
1  328 0 0 4.104866
0

0101000
+3619 0 -3618 0 *
Ve
1e-07
16.895054 39.214424 0
0 0

0101101
*
Ed
 1e-07 1 1 0
1  329 0 0 1.380728
0

0101000
+3618 0 -3616 0 *
Ve
1e-07
16.895054 43.31929 0
0 0

0101101
*
Ed
 1e-07 1 1 0
1  330 0 0 4.104866
0

0101000
+3616 0 -3614 0 *
Ed
 1e-07 1 1 0
1  331 0 0 1.380728
0

0101000
+3614 0 -3619 0 *
Wi

0101100
+3617 0 +3615 0 +3613 0 +3612 0 *
Fa
0  1e-07 103 0

0111000
+3611 0 *
Ve
1e-07
20.027884 47.493786 0
0 0

0101101
*
Ve
1e-07
18.835537 54.215843 0
0 0

0101101
*
Ed
 1e-07 1 1 0
1  332 0 0 6.82698628090448
0

0101000
+3609 0 -3608 0 *
Ve
1e-07
18.835537 55.11145 0
0 0

0101101
*
Ed
 1e-07 1 1 0
1  333 0 0 0.895606999999998
0

0101000
+3608 0 -3606 0 *
Ed
 1e-07 1 1 0
1  334 0 0 7.71041478685193
0

0101000
+3606 0 -3609 0 *
Wi

0101100
+3607 0 +3605 0 +3604 0 *
Fa
0  1e-07 104 0

0111000
+3603 0 *
Ve
1e-07
16.3353 49.961712 0
0 0

0101101
*
Ve
1e-07
14.504741 47.999348 0
0 0

0101101
*
Ed
 1e-07 1 1 0
1  335 0 0 2.68362045024571
0

0101000
+3601 0 -3600 0 *
Ve
1e-07
14.721657 52.189205 0
0 0

0101101
*
Ed
 1e-07 1 1 0
1  336 0 0 4.19546829704445
0

0101000
+3600 0 -3598 0 *
Ed
 1e-07 1 1 0
1  337 0 0 2.75055790640699
0

0101000
+3598 0 -3601 0 *
Wi

0101100
+3599 0 +3597 0 +3596 0 *
Fa
0  1e-07 105 0

0111000
+3595 0 *
Ve
1e-07
18.835537 54.215843 0
0 0

0101101
*
Ve
1e-07
20.027884 47.493786 0
0 0

0101101
*
Ed
 1e-07 1 1 0
1  338 0 0 6.82698628090448
0

0101000
+3593 0 -3592 0 *
Ve
1e-07
18.835537 48.730251 0
0 0

0101101
*
Ed
 1e-07 1 1 0
1  339 0 0 1.71771274217606
0

0101000
+3592 0 -3590 0 *
Ed
 1e-07 1 1 0
1  340 0 0 5.485592
0

0101000
+3590 0 -3593 0 *
Wi

0101100
+3591 0 +3589 0 +3588 0 *
Fa
0  1e-07 106 0

0111000
+3587 0 *
Ve
1e-07
18.835537 55.11145 0
0 0

0101101
*
Ve
1e-07
20.267237 65.236328 0
0 0

0101101
*
Ed
 1e-07 1 1 0
1  341 0 0 10.2256011757199
0

0101000
+3585 0 -3584 0 *
Ve
1e-07
20.027884 47.493786 0
0 0

0101101
*
Ed
 1e-07 1 1 0
1  342 0 0 17.7441564037396
0

0101000
+3584 0 -3582 0 *
Ed
 1e-07 1 1 0
1  343 0 0 7.71041478685193
0

0101000
+3582 0 -3585 0 *
Wi

0101100
+3583 0 +3581 0 +3580 0 *
Fa
0  1e-07 107 0

0111000
+3579 0 *
Ve
1e-07
20.027884 47.493786 0
0 0

0101101
*
Ve
1e-07
21.333979 47.493786 0
0 0

0101101
*
Ed
 1e-07 1 1 0
1  344 0 0 1.306095
0

0101000
+3577 0 -3576 0 *
Ve
1e-07
21.52957 44.277348 0
0 0

0101101
*
Ed
 1e-07 1 1 0
1  345 0 0 3.22237943872614
0

0101000
+3576 0 -3574 0 *
Ve
1e-07
20.429569 44.277348 0
0 0

0101101
*
Ed
 1e-07 1 1 0
1  346 0 0 1.100001
0

0101000
+3574 0 -3572 0 *
Ed
 1e-07 1 1 0
1  347 0 0 3.24142318234892
0

0101000
+3572 0 -3577 0 *
Wi

0101100
+3575 0 +3573 0 +3571 0 +3570 0 *
Fa
0  1e-07 108 0

0111000
+3569 0 *
Ve
1e-07
21.333979 47.493786 0
0 0

0101101
*
Ve
1e-07
23.112247 47.232338 0
0 0

0101101
*
Ed
 1e-07 1 1 0
1  348 0 0 1.79738480480058
0

0101000
+3567 0 -3566 0 *
Ve
1e-07
21.52957 44.277348 0
0 0

0101101
*
Ed
 1e-07 1 1 0
1  349 0 0 3.35213847960208
0

0101000
+3566 0 -3564 0 *
Ed
 1e-07 1 1 0
1  350 0 0 3.22237943872614
0

0101000
+3564 0 -3567 0 *
Wi

0101100
+3565 0 +3563 0 +3562 0 *
Fa
0  1e-07 109 0

0111000
+3561 0 *
Ve
1e-07
23.112247 47.232338 0
0 0

0101101
*
Ve
1e-07
27.933222 46.523544 0
0 0

0101101
*
Ed
 1e-07 1 1 0
1  351 0 0 4.87280092811732
0

0101000
+3559 0 -3558 0 *
Ve
1e-07
27.933222 45.105499 0
0 0

0101101
*
Ed
 1e-07 1 1 0
1  352 0 0 1.418045
0

0101000
+3558 0 -3556 0 *
Ed
 1e-07 1 1 0
1  353 0 0 5.26927358205531
0

0101000
+3556 0 -3559 0 *
Wi

0101100
+3557 0 +3555 0 +3554 0 *
Fa
0  1e-07 110 0

0111000
+3553 0 *
Ve
1e-07
18.835537 59.365585 0
0 0

0101101
*
Ve
1e-07
20.267237 65.236328 0
0 0

0101101
*
Ed
 1e-07 1 1 0
1  354 0 0 6.0427963942242
0

0101000
+3551 0 -3550 0 *
Ve
1e-07
18.835537 55.11145 0
0 0

0101101
*
Ed
 1e-07 1 1 0
1  355 0 0 10.2256011757199
0

0101000
+3550 0 -3548 0 *
Ed
 1e-07 1 1 0
1  356 0 0 4.25413500000001
0

0101000
+3548 0 -3551 0 *
Wi

0101100
+3549 0 +3547 0 +3546 0 *
Fa
0  1e-07 111 0

0111000
+3545 0 *
Ve
1e-07
27.933222 45.105499 0
0 0

0101101
*
Ve
1e-07
21.52957 44.277348 0
0 0

0101101
*
Ed
 1e-07 1 1 0
1  357 0 0 6.45698017775376
0

0101000
+3543 0 -3542 0 *
Ve
1e-07
23.112247 47.232338 0
0 0

0101101
*
Ed
 1e-07 1 1 0
1  358 0 0 3.35213847960208
0

0101000
+3542 0 -3540 0 *
Ed
 1e-07 1 1 0
1  359 0 0 5.26927358205531
0

0101000
+3540 0 -3543 0 *
Wi

0101100
+3541 0 +3539 0 +3538 0 *
Fa
0  1e-07 112 0

0111000
+3537 0 *
Ve
1e-07
18.835537 43.31929 0
0 0

0101101
*
Ve
1e-07
18.835537 39.214424 0
0 0

0101101
*
Ed
 1e-07 1 1 0
1  360 0 0 4.104866
0

0101000
+3535 0 -3534 0 *
Ve
1e-07
18.275782 39.214424 0
0 0

0101101
*
Ed
 1e-07 1 1 0
1  361 0 0 0.559754999999999
0

0101000
+3534 0 -3532 0 *
Ve
1e-07
18.275782 43.31929 0
0 0

0101101
*
Ed
 1e-07 1 1 0
1  362 0 0 4.104866
0

0101000
+3532 0 -3530 0 *
Ed
 1e-07 1 1 0
1  363 0 0 0.559754999999999
0

0101000
+3530 0 -3535 0 *
Wi

0101100
+3533 0 +3531 0 +3529 0 +3528 0 *
Fa
0  1e-07 113 0

0111000
+3527 0 *
Ve
1e-07
20.429569 44.277348 0
0 0

0101101
*
Ve
1e-07
20.429569 41.983833 0
0 0

0101101
*
Ed
 1e-07 1 1 0
1  364 0 0 2.29351500000001
0

0101000
+3525 0 -3524 0 *
Ve
1e-07
18.835537 43.31929 0
0 0

0101101
*
Ed
 1e-07 1 1 0
1  365 0 0 2.07951518769953
0

0101000
+3524 0 -3522 0 *
Ed
 1e-07 1 1 0
1  366 0 0 1.85978846872111
0

0101000
+3522 0 -3525 0 *
Wi

0101100
+3523 0 +3521 0 +3520 0 *
Fa
0  1e-07 114 0

0111000
+3519 0 *
Ve
1e-07
20.429569 44.277348 0
0 0

0101101
*
Ve
1e-07
18.835537 43.31929 0
0 0

0101101
*
Ed
 1e-07 1 1 0
1  367 0 0 1.85978846872111
0

0101000
+3517 0 -3516 0 *
Ve
1e-07
18.835537 47.573425 0
0 0

0101101
*
Ed
 1e-07 1 1 0
1  368 0 0 4.254135
0

0101000
+3516 0 -3514 0 *
Ed
 1e-07 1 1 0
1  369 0 0 3.66129234109392
0

0101000
+3514 0 -3517 0 *
Wi

0101100
+3515 0 +3513 0 +3512 0 *
Fa
0  1e-07 115 0

0111000
+3511 0 *
Ve
1e-07
21.52957 44.277348 0
0 0

0101101
*
Ve
1e-07
27.933222 45.105499 0
0 0

0101101
*
Ed
 1e-07 1 1 0
1  370 0 0 6.45698017775376
0

0101000
+3509 0 -3508 0 *
Ve
1e-07
21.52957 41.983833 0
0 0

0101101
*
Ed
 1e-07 1 1 0
1  371 0 0 7.12401274231455
0

0101000
+3508 0 -3506 0 *
Ed
 1e-07 1 1 0
1  372 0 0 2.29351500000001
0

0101000
+3506 0 -3509 0 *
Wi

0101100
+3507 0 +3505 0 +3504 0 *
Fa
0  1e-07 116 0

0111000
+3503 0 *
Ve
1e-07
21.52957 41.983833 0
0 0

0101101
*
Ve
1e-07
27.933222 45.105499 0
0 0

0101101
*
Ed
 1e-07 1 1 0
1  373 0 0 7.12401274231455
0

0101000
+3501 0 -3500 0 *
Ve
1e-07
27.994162 40.229492 0
0 0

0101101
*
Ed
 1e-07 1 1 0
1  374 0 0 4.87638779709418
0

0101000
+3500 0 -3498 0 *
Ed
 1e-07 1 1 0
1  375 0 0 6.69840742794472
0

0101000
+3498 0 -3501 0 *
Wi

0101100
+3499 0 +3497 0 +3496 0 *
Fa
0  1e-07 117 0

0111000
+3495 0 *
Ve
1e-07
29.094162 40.229492 0
0 0

0101101
*
Ve
1e-07
27.994162 40.229492 0
0 0

0101101
*
Ed
 1e-07 1 1 0
1  376 0 0 1.1
0

0101000
+3493 0 -3492 0 *
Ve
1e-07
27.933222 45.105499 0
0 0

0101101
*
Ed
 1e-07 1 1 0
1  377 0 0 4.87638779709418
0

0101000
+3492 0 -3490 0 *
Ve
1e-07
29.133223 45.105499 0
0 0

0101101
*
Ed
 1e-07 1 1 0
1  378 0 0 1.200001
0

0101000
+3490 0 -3488 0 *
Ed
 1e-07 1 1 0
1  379 0 0 4.87616345355342
0

0101000
+3488 0 -3493 0 *
Wi

0101100
+3491 0 +3489 0 +3487 0 +3486 0 *
Fa
0  1e-07 118 0

0111000
+3485 0 *
Ve
1e-07
29.094162 40.229492 0
0 0

0101101
*
Ve
1e-07
34.934769 38.901291 0
0 0

0101101
*
Ed
 1e-07 1 1 0
1  380 0 0 5.98972520445221
0

0101000
+3483 0 -3482 0 *
Ve
1e-07
29.094162 37.10281 0
0 0

0101101
*
Ed
 1e-07 1 1 0
1  381 0 0 6.11123752081442
0

0101000
+3482 0 -3480 0 *
Ed
 1e-07 1 1 0
1  382 0 0 3.126682
0

0101000
+3480 0 -3483 0 *
Wi

0101100
+3481 0 +3479 0 +3478 0 *
Fa
0  1e-07 119 0

0111000
+3477 0 *
Ve
1e-07
21.52957 41.983833 0
0 0

0101101
*
Ve
1e-07
21.52957 39.28611 0
0 0

0101101
*
Ed
 1e-07 1 1 0
1  383 0 0 2.697723
0

0101000
+3475 0 -3474 0 *
Ve
1e-07
20.429569 39.28611 0
0 0

0101101
*
Ed
 1e-07 1 1 0
1  384 0 0 1.100001
0

0101000
+3474 0 -3472 0 *
Ve
1e-07
20.429569 41.983833 0
0 0

0101101
*
Ed
 1e-07 1 1 0
1  385 0 0 2.697723
0

0101000
+3472 0 -3470 0 *
Ed
 1e-07 1 1 0
1  386 0 0 1.100001
0

0101000
+3470 0 -3475 0 *
Wi

0101100
+3473 0 +3471 0 +3469 0 +3468 0 *
Fa
0  1e-07 120 0

0111000
+3467 0 *
Ve
1e-07
18.835537 39.214424 0
0 0

0101101
*
Ve
1e-07
18.835537 43.31929 0
0 0

0101101
*
Ed
 1e-07 1 1 0
1  387 0 0 4.104866
0

0101000
+3465 0 -3464 0 *
Ve
1e-07
20.429569 41.983833 0
0 0

0101101
*
Ed
 1e-07 1 1 0
1  388 0 0 2.07951518769953
0

0101000
+3464 0 -3462 0 *
Ve
1e-07
20.429569 39.28611 0
0 0

0101101
*
Ed
 1e-07 1 1 0
1  389 0 0 2.697723
0

0101000
+3462 0 -3460 0 *
Ed
 1e-07 1 1 0
1  390 0 0 1.59564309907323
0

0101000
+3460 0 -3465 0 *
Wi

0101100
+3463 0 +3461 0 +3459 0 +3458 0 *
Fa
0  1e-07 121 0

0111000
+3457 0 *
Ve
1e-07
30.738361 47.041019 0
0 0

0101101
*
Ve
1e-07
29.133223 45.105499 0
0 0

0101101
*
Ed
 1e-07 1 1 0
1  391 0 0 2.51449908917144
0

0101000
+3455 0 -3454 0 *
Ve
1e-07
29.133223 46.635494 0
0 0

0101101
*
Ed
 1e-07 1 1 0
1  392 0 0 1.529995
0

0101000
+3454 0 -3452 0 *
Ed
 1e-07 1 1 0
1  393 0 0 1.65557196299919
0

0101000
+3452 0 -3455 0 *
Wi

0101100
+3453 0 +3451 0 +3450 0 *
Fa
0  1e-07 122 0

0111000
+3449 0 *
Ve
1e-07
20.027884 47.493786 0
0 0

0101101
*
Ve
1e-07
20.429569 44.277348 0
0 0

0101101
*
Ed
 1e-07 1 1 0
1  394 0 0 3.24142318234892
0

0101000
+3447 0 -3446 0 *
Ve
1e-07
18.835537 47.573425 0
0 0

0101101
*
Ed
 1e-07 1 1 0
1  395 0 0 3.66129234109392
0

0101000
+3446 0 -3444 0 *
Ed
 1e-07 1 1 0
1  396 0 0 1.19500365636679
0

0101000
+3444 0 -3447 0 *
Wi

0101100
+3445 0 +3443 0 +3442 0 *
Fa
0  1e-07 123 0

0111000
+3441 0 *
Ve
1e-07
23.380739 48.304691 0
0 0

0101101
*
Ve
1e-07
30.259975 60.529091 0
0 0

0101101
*
Ed
 1e-07 1 1 0
1  397 0 0 14.0271110106
0

0101000
+3439 0 -3438 0 *
Ve
1e-07
28.174557 47.599888 0
0 0

0101101
*
Ed
 1e-07 1 1 0
1  398 0 0 13.0963070538963
0

0101000
+3438 0 -3436 0 *
Ed
 1e-07 1 1 0
1  399 0 0 4.8453522354864
0

0101000
+3436 0 -3439 0 *
Wi

0101100
+3437 0 +3435 0 +3434 0 *
Fa
0  1e-07 124 0

0111000
+3433 0 *
Ve
1e-07
13.872775 42.100998 0
0 0

0101101
*
Ve
1e-07
16.3353 43.31929 0
0 0

0101101
*
Ed
 1e-07 1 1 0
1  400 0 0 2.74741055775962
0

0101000
+3431 0 -3430 0 *
Ve
1e-07
16.3353 39.214424 0
0 0

0101101
*
Ed
 1e-07 1 1 0
1  401 0 0 4.104866
0

0101000
+3430 0 -3428 0 *
Ed
 1e-07 1 1 0
1  402 0 0 3.79425076044019
0

0101000
+3428 0 -3431 0 *
Wi

0101100
+3429 0 +3427 0 +3426 0 *
Fa
0  1e-07 125 0

0111000
+3425 0 *
Ve
1e-07
16.3353 55.11145 0
0 0

0101101
*
Ve
1e-07
14.721657 52.189205 0
0 0

0101101
*
Ed
 1e-07 1 1 0
1  403 0 0 3.33816709759622
0

0101000
+3423 0 -3422 0 *
Ve
1e-07
14.721657 60.474983 0
0 0

0101101
*
Ed
 1e-07 1 1 0
1  404 0 0 8.285778
0

0101000
+3422 0 -3420 0 *
Ed
 1e-07 1 1 0
1  405 0 0 5.60101151342666
0

0101000
+3420 0 -3423 0 *
Wi

0101100
+3421 0 +3419 0 +3418 0 *
Fa
0  1e-07 126 0

0111000
+3417 0 *
Ve
1e-07
27.994162 40.229492 0
0 0

0101101
*
Ve
1e-07
21.52957 39.28611 0
0 0

0101101
*
Ed
 1e-07 1 1 0
1  406 0 0 6.53306354816697
0

0101000
+3415 0 -3414 0 *
Ve
1e-07
21.52957 41.983833 0
0 0

0101101
*
Ed
 1e-07 1 1 0
1  407 0 0 2.697723
0

0101000
+3414 0 -3412 0 *
Ed
 1e-07 1 1 0
1  408 0 0 6.69840742794472
0

0101000
+3412 0 -3415 0 *
Wi

0101100
+3413 0 +3411 0 +3410 0 *
Fa
0  1e-07 127 0

0111000
+3409 0 *
Ve
1e-07
7.310533 37.822144 0
0 0

0101101
*
Ve
1e-07
6.51167 35.567024 0
0 0

0101101
*
Ed
 1e-07 1 1 0
1  409 0 0 2.39243564326587
0

0101000
+3407 0 -3406 0 *
Ve
1e-07
3.670408 35.567024 0
0 0

0101101
*
Ed
 1e-07 1 1 0
1  410 0 0 2.841262
0

0101000
+3406 0 -3404 0 *
Ed
 1e-07 1 1 0
1  411 0 0 4.28206448223576
0

0101000
+3404 0 -3407 0 *
Wi

0101100
+3405 0 +3403 0 +3402 0 *
Fa
0  1e-07 128 0

0111000
+3401 0 *
Ve
1e-07
6.51167 35.567024 0
0 0

0101101
*
Ve
1e-07
7.310533 33.703808 0
0 0

0101101
*
Ed
 1e-07 1 1 0
1  412 0 0 2.02725330322212
0

0101000
+3399 0 -3398 0 *
Ve
1e-07
6.51167 35.210052 0
0 0

0101101
*
Ed
 1e-07 1 1 0
1  413 0 0 1.7049789090499
0

0101000
+3398 0 -3396 0 *
Ed
 1e-07 1 1 0
1  414 0 0 0.356972000000006
0

0101000
+3396 0 -3399 0 *
Wi

0101100
+3397 0 +3395 0 +3394 0 *
Fa
0  1e-07 129 0

0111000
+3393 0 *
Ve
1e-07
7.310533 38.922142 0
0 0

0101101
*
Ve
1e-07
8.410533 38.922142 0
0 0

0101101
*
Ed
 1e-07 1 1 0
1  415 0 0 1.1
0

0101000
+3391 0 -3390 0 *
Ve
1e-07
8.410533 37.822144 0
0 0

0101101
*
Ed
 1e-07 1 1 0
1  416 0 0 1.099998
0

0101000
+3390 0 -3388 0 *
Ve
1e-07
7.310533 37.822144 0
0 0

0101101
*
Ed
 1e-07 1 1 0
1  417 0 0 1.1
0

0101000
+3388 0 -3386 0 *
Ed
 1e-07 1 1 0
1  418 0 0 1.099998
0

0101000
+3386 0 -3391 0 *
Wi

0101100
+3389 0 +3387 0 +3385 0 +3384 0 *
Fa
0  1e-07 130 0

0111000
+3383 0 *
Ve
1e-07
7.310533 38.922142 0
0 0

0101101
*
Ve
1e-07
6.51167 40.961266 0
0 0

0101101
*
Ed
 1e-07 1 1 0
1  419 0 0 2.19002483550872
0

0101000
+3381 0 -3380 0 *
Ve
1e-07
7.310533 42.920605 0
0 0

0101101
*
Ed
 1e-07 1 1 0
1  420 0 0 2.11593747773652
0

0101000
+3380 0 -3378 0 *
Ed
 1e-07 1 1 0
1  421 0 0 3.998463
0

0101000
+3378 0 -3381 0 *
Wi

0101100
+3379 0 +3377 0 +3376 0 *
Fa
0  1e-07 131 0

0111000
+3375 0 *
Ve
1e-07
12.041741 35.055904 0
0 0

0101101
*
Ve
1e-07
8.410533 37.822144 0
0 0

0101101
*
Ed
 1e-07 1 1 0
1  422 0 0 4.56483901981921
0

0101000
+3373 0 -3372 0 *
Ve
1e-07
12.294052 37.410805 0
0 0

0101101
*
Ed
 1e-07 1 1 0
1  423 0 0 3.90524257841712
0

0101000
+3372 0 -3370 0 *
Ed
 1e-07 1 1 0
1  424 0 0 2.36837909983221
0

0101000
+3370 0 -3373 0 *
Wi

0101100
+3371 0 +3369 0 +3368 0 *
Fa
0  1e-07 132 0

0111000
+3367 0 *
Ve
1e-07
3.670408 35.567024 0
0 0

0101101
*
Ve
1e-07
3.670408 40.961266 0
0 0

0101101
*
Ed
 1e-07 1 1 0
1  425 0 0 5.394242
0

0101000
+3365 0 -3364 0 *
Ve
1e-07
7.310533 38.922142 0
0 0

0101101
*
Ed
 1e-07 1 1 0
1  426 0 0 4.17235385639821
0

0101000
+3364 0 -3362 0 *
Ve
1e-07
7.310533 37.822144 0
0 0

0101101
*
Ed
 1e-07 1 1 0
1  427 0 0 1.099998
0

0101000
+3362 0 -3360 0 *
Ed
 1e-07 1 1 0
1  428 0 0 4.28206448223576
0

0101000
+3360 0 -3365 0 *
Wi

0101100
+3363 0 +3361 0 +3359 0 +3358 0 *
Fa
0  1e-07 133 0

0111000
+3357 0 *
Ve
1e-07
3.670408 35.210052 0
0 0

0101101
*
Ve
1e-07
6.51167 35.210052 0
0 0

0101101
*
Ed
 1e-07 1 1 0
1  429 0 0 2.841262
0

0101000
+3355 0 -3354 0 *
Ve
1e-07
7.310533 32.603809 0
0 0

0101101
*
Ed
 1e-07 1 1 0
1  430 0 0 2.72592822132535
0

0101000
+3354 0 -3352 0 *
Ed
 1e-07 1 1 0
1  431 0 0 4.47694232603839
0

0101000
+3352 0 -3355 0 *
Wi

0101100
+3353 0 +3351 0 +3350 0 *
Fa
0  1e-07 134 0

0111000
+3349 0 *
Ve
1e-07
7.310533 32.603809 0
0 0

0101101
*
Ve
1e-07
6.51167 35.210052 0
0 0

0101101
*
Ed
 1e-07 1 1 0
1  432 0 0 2.72592822132535
0

0101000
+3347 0 -3346 0 *
Ve
1e-07
7.310533 33.703808 0
0 0

0101101
*
Ed
 1e-07 1 1 0
1  433 0 0 1.7049789090499
0

0101000
+3346 0 -3344 0 *
Ed
 1e-07 1 1 0
1  434 0 0 1.099999
0

0101000
+3344 0 -3347 0 *
Wi

0101100
+3345 0 +3343 0 +3342 0 *
Fa
0  1e-07 135 0

0111000
+3341 0 *
Ve
1e-07
8.410533 33.703808 0
0 0

0101101
*
Ve
1e-07
8.410533 32.603809 0
0 0

0101101
*
Ed
 1e-07 1 1 0
1  435 0 0 1.099999
0

0101000
+3339 0 -3338 0 *
Ve
1e-07
7.310533 32.603809 0
0 0

0101101
*
Ed
 1e-07 1 1 0
1  436 0 0 1.1
0

0101000
+3338 0 -3336 0 *
Ve
1e-07
7.310533 33.703808 0
0 0

0101101
*
Ed
 1e-07 1 1 0
1  437 0 0 1.099999
0

0101000
+3336 0 -3334 0 *
Ed
 1e-07 1 1 0
1  438 0 0 1.1
0

0101000
+3334 0 -3339 0 *
Wi

0101100
+3337 0 +3335 0 +3333 0 +3332 0 *
Fa
0  1e-07 136 0

0111000
+3331 0 *
Ve
1e-07
7.310533 37.822144 0
0 0

0101101
*
Ve
1e-07
7.310533 33.703808 0
0 0

0101101
*
Ed
 1e-07 1 1 0
1  439 0 0 4.118336
0

0101000
+3329 0 -3328 0 *
Ve
1e-07
6.51167 35.567024 0
0 0

0101101
*
Ed
 1e-07 1 1 0
1  440 0 0 2.02725330322212
0

0101000
+3328 0 -3326 0 *
Ed
 1e-07 1 1 0
1  441 0 0 2.39243564326587
0

0101000
+3326 0 -3329 0 *
Wi

0101100
+3327 0 +3325 0 +3324 0 *
Fa
0  1e-07 137 0

0111000
+3323 0 *
Ve
1e-07
3.670408 28.490307 0
0 0

0101101
*
Ve
1e-07
3.670408 35.210052 0
0 0

0101101
*
Ed
 1e-07 1 1 0
1  442 0 0 6.719745
0

0101000
+3321 0 -3320 0 *
Ve
1e-07
7.310533 32.603809 0
0 0

0101101
*
Ed
 1e-07 1 1 0
1  443 0 0 4.47694232603839
0

0101000
+3320 0 -3318 0 *
Ed
 1e-07 1 1 0
1  444 0 0 5.49285069154706
0

0101000
+3318 0 -3321 0 *
Wi

0101100
+3319 0 +3317 0 +3316 0 *
Fa
0  1e-07 138 0

0111000
+3315 0 *
Ve
1e-07
13.135482 34.938717 0
0 0

0101101
*
Ve
1e-07
11.991784 33.44294 0
0 0

0101101
*
Ed
 1e-07 1 1 0
1  445 0 0 1.88292165236183
0

0101000
+3313 0 -3312 0 *
Ve
1e-07
12.041741 35.055904 0
0 0

0101101
*
Ed
 1e-07 1 1 0
1  446 0 0 1.61373745297833
0

0101000
+3312 0 -3310 0 *
Ed
 1e-07 1 1 0
1  447 0 0 1.10000098547683
0

0101000
+3310 0 -3313 0 *
Wi

0101100
+3311 0 +3309 0 +3308 0 *
Fa
0  1e-07 139 0

0111000
+3307 0 *
Ve
1e-07
11.991784 33.44294 0
0 0

0101101
*
Ve
1e-07
11.865629 32.265491 0
0 0

0101101
*
Ed
 1e-07 1 1 0
1  448 0 0 1.18418800518583
0

0101000
+3305 0 -3304 0 *
Ve
1e-07
8.410533 33.703808 0
0 0

0101101
*
Ed
 1e-07 1 1 0
1  449 0 0 3.74251842503214
0

0101000
+3304 0 -3302 0 *
Ed
 1e-07 1 1 0
1  450 0 0 3.5907395949059
0

0101000
+3302 0 -3305 0 *
Wi

0101100
+3303 0 +3301 0 +3300 0 *
Fa
0  1e-07 140 0

0111000
+3299 0 *
Ve
1e-07
11.865629 32.265491 0
0 0

0101101
*
Ve
1e-07
8.410533 32.603809 0
0 0

0101101
*
Ed
 1e-07 1 1 0
1  451 0 0 3.47162029005766
0

0101000
+3297 0 -3296 0 *
Ve
1e-07
8.410533 33.703808 0
0 0

0101101
*
Ed
 1e-07 1 1 0
1  452 0 0 1.099999
0

0101000
+3296 0 -3294 0 *
Ed
 1e-07 1 1 0
1  453 0 0 3.74251842503214
0

0101000
+3294 0 -3297 0 *
Wi

0101100
+3295 0 +3293 0 +3292 0 *
Fa
0  1e-07 141 0

0111000
+3291 0 *
Ve
1e-07
12.041741 35.055904 0
0 0

0101101
*
Ve
1e-07
11.991784 33.44294 0
0 0

0101101
*
Ed
 1e-07 1 1 0
1  454 0 0 1.61373745297833
0

0101000
+3289 0 -3288 0 *
Ve
1e-07
8.410533 33.703808 0
0 0

0101101
*
Ed
 1e-07 1 1 0
1  455 0 0 3.5907395949059
0

0101000
+3288 0 -3286 0 *
Ed
 1e-07 1 1 0
1  456 0 0 3.8747690424695
0

0101000
+3286 0 -3289 0 *
Wi

0101100
+3287 0 +3285 0 +3284 0 *
Fa
0  1e-07 142 0

0111000
+3283 0 *
Ve
1e-07
8.410533 33.703808 0
0 0

0101101
*
Ve
1e-07
8.410533 37.822144 0
0 0

0101101
*
Ed
 1e-07 1 1 0
1  457 0 0 4.118336
0

0101000
+3281 0 -3280 0 *
Ve
1e-07
12.041741 35.055904 0
0 0

0101101
*
Ed
 1e-07 1 1 0
1  458 0 0 4.56483901981921
0

0101000
+3280 0 -3278 0 *
Ed
 1e-07 1 1 0
1  459 0 0 3.8747690424695
0

0101000
+3278 0 -3281 0 *
Wi

0101100
+3279 0 +3277 0 +3276 0 *
Fa
0  1e-07 143 0

0111000
+3275 0 *
Ve
1e-07
8.410533 32.603809 0
0 0

0101101
*
Ve
1e-07
11.865629 32.265491 0
0 0

0101101
*
Ed
 1e-07 1 1 0
1  460 0 0 3.47162029005766
0

0101000
+3273 0 -3272 0 *
Ve
1e-07
8.410533 27.75428 0
0 0

0101101
*
Ed
 1e-07 1 1 0
1  461 0 0 5.68231581802147
0

0101000
+3272 0 -3270 0 *
Ed
 1e-07 1 1 0
1  462 0 0 4.849529
0

0101000
+3270 0 -3273 0 *
Wi

0101100
+3271 0 +3269 0 +3268 0 *
Fa
0  1e-07 144 0

0111000
+3267 0 *
Ve
1e-07
12.294052 37.410805 0
0 0

0101101
*
Ve
1e-07
8.410533 37.822144 0
0 0

0101101
*
Ed
 1e-07 1 1 0
1  463 0 0 3.90524257841712
0

0101000
+3265 0 -3264 0 *
Ve
1e-07
8.410533 38.922142 0
0 0

0101101
*
Ed
 1e-07 1 1 0
1  464 0 0 1.099998
0

0101000
+3264 0 -3262 0 *
Ed
 1e-07 1 1 0
1  465 0 0 4.16723641649115
0

0101000
+3262 0 -3265 0 *
Wi

0101100
+3263 0 +3261 0 +3260 0 *
Fa
0  1e-07 145 0

0111000
+3259 0 *
Ve
1e-07
13.387792 37.293617 0
0 0

0101101
*
Ve
1e-07
12.294052 37.410805 0
0 0

0101101
*
Ed
 1e-07 1 1 0
1  466 0 0 1.10000009770181
0

0101000
+3257 0 -3256 0 *
Ve
1e-07
12.779035 42.218185 0
0 0

0101101
*
Ed
 1e-07 1 1 0
1  467 0 0 4.83178134591053
0

0101000
+3256 0 -3254 0 *
Ed
 1e-07 1 1 0
1  468 0 0 4.96205149828909
0

0101000
+3254 0 -3257 0 *
Wi

0101100
+3255 0 +3253 0 +3252 0 *
Fa
0  1e-07 146 0

0111000
+3251 0 *
Ve
1e-07
13.085525 33.325752 0
0 0

0101101
*
Ve
1e-07
13.135482 34.938717 0
0 0

0101101
*
Ed
 1e-07 1 1 0
1  469 0 0 1.61373845249904
0

0101000
+3249 0 -3248 0 *
Ve
1e-07
14.662856 32.58905 0
0 0

0101101
*
Ed
 1e-07 1 1 0
1  470 0 0 2.8024643346107
0

0101000
+3248 0 -3246 0 *
Ed
 1e-07 1 1 0
1  471 0 0 1.74089141544354
0

0101000
+3246 0 -3249 0 *
Wi

0101100
+3247 0 +3245 0 +3244 0 *
Fa
0  1e-07 147 0

0111000
+3243 0 *
Ve
1e-07
13.135482 34.938717 0
0 0

0101101
*
Ve
1e-07
13.085525 33.325752 0
0 0

0101101
*
Ed
 1e-07 1 1 0
1  472 0 0 1.61373845249904
0

0101000
+3241 0 -3240 0 *
Ve
1e-07
11.991784 33.44294 0
0 0

0101101
*
Ed
 1e-07 1 1 0
1  473 0 0 1.10000109201082
0

0101000
+3240 0 -3238 0 *
Ed
 1e-07 1 1 0
1  474 0 0 1.88292165236183
0

0101000
+3238 0 -3241 0 *
Wi

0101100
+3239 0 +3237 0 +3236 0 *
Fa
0  1e-07 148 0

0111000
+3235 0 *
Ve
1e-07
16.3353 34.960293 0
0 0

0101101
*
Ve
1e-07
13.135482 34.938717 0
0 0

0101101
*
Ed
 1e-07 1 1 0
1  475 0 0 3.1998907414004
0

0101000
+3233 0 -3232 0 *
Ve
1e-07
13.387792 37.293617 0
0 0

0101101
*
Ed
 1e-07 1 1 0
1  476 0 0 2.36837799899003
0

0101000
+3232 0 -3230 0 *
Ed
 1e-07 1 1 0
1  477 0 0 3.75928241810056
0

0101000
+3230 0 -3233 0 *
Wi

0101100
+3231 0 +3229 0 +3228 0 *
Fa
0  1e-07 149 0

0111000
+3227 0 *
Ve
1e-07
16.3353 34.960293 0
0 0

0101101
*
Ve
1e-07
15.211237 32.701313 0
0 0

0101101
*
Ed
 1e-07 1 1 0
1  478 0 0 2.52319406078268
0

0101000
+3225 0 -3224 0 *
Ve
1e-07
13.135482 34.938717 0
0 0

0101101
*
Ed
 1e-07 1 1 0
1  479 0 0 3.05200515714522
0

0101000
+3224 0 -3222 0 *
Ed
 1e-07 1 1 0
1  480 0 0 3.1998907414004
0

0101000
+3222 0 -3225 0 *
Wi

0101100
+3223 0 +3221 0 +3220 0 *
Fa
0  1e-07 150 0

0111000
+3219 0 *
Ve
1e-07
17.338326 33.136772 0
0 0

0101101
*
Ve
1e-07
16.895054 34.960293 0
0 0

0101101
*
Ed
 1e-07 1 1 0
1  481 0 0 1.87662433732087
0

0101000
+3217 0 -3216 0 *
Ve
1e-07
18.275782 34.960293 0
0 0

0101101
*
Ed
 1e-07 1 1 0
1  482 0 0 1.380728
0

0101000
+3216 0 -3214 0 *
Ed
 1e-07 1 1 0
1  483 0 0 2.050378645367
0

0101000
+3214 0 -3217 0 *
Wi

0101100
+3215 0 +3213 0 +3212 0 *
Fa
0  1e-07 151 0

0111000
+3211 0 *
Ve
1e-07
13.387792 37.293617 0
0 0

0101101
*
Ve
1e-07
16.3353 39.214424 0
0 0

0101101
*
Ed
 1e-07 1 1 0
1  484 0 0 3.51813913046557
0

0101000
+3209 0 -3208 0 *
Ve
1e-07
16.3353 34.960293 0
0 0

0101101
*
Ed
 1e-07 1 1 0
1  485 0 0 4.254131
0

0101000
+3208 0 -3206 0 *
Ed
 1e-07 1 1 0
1  486 0 0 3.75928241810056
0

0101000
+3206 0 -3209 0 *
Wi

0101100
+3207 0 +3205 0 +3204 0 *
Fa
0  1e-07 152 0

0111000
+3203 0 *
Ve
1e-07
12.294052 37.410805 0
0 0

0101101
*
Ve
1e-07
8.410533 38.922142 0
0 0

0101101
*
Ed
 1e-07 1 1 0
1  487 0 0 4.16723641649115
0

0101000
+3201 0 -3200 0 *
Ve
1e-07
12.779035 42.218185 0
0 0

0101101
*
Ed
 1e-07 1 1 0
1  488 0 0 5.4724500163869
0

0101000
+3200 0 -3198 0 *
Ed
 1e-07 1 1 0
1  489 0 0 4.83178134591053
0

0101000
+3198 0 -3201 0 *
Wi

0101100
+3199 0 +3197 0 +3196 0 *
Fa
0  1e-07 153 0

0111000
+3195 0 *
Ve
1e-07
16.895054 34.960293 0
0 0

0101101
*
Ve
1e-07
16.789946 33.024506 0
0 0

0101101
*
Ed
 1e-07 1 1 0
1  490 0 0 1.93863843999674
0

0101000
+3193 0 -3192 0 *
Ve
1e-07
16.3353 34.960293 0
0 0

0101101
*
Ed
 1e-07 1 1 0
1  491 0 0 1.98846028240068
0

0101000
+3192 0 -3190 0 *
Ed
 1e-07 1 1 0
1  492 0 0 0.559753999999998
0

0101000
+3190 0 -3193 0 *
Wi

0101100
+3191 0 +3189 0 +3188 0 *
Fa
0  1e-07 154 0

0111000
+3187 0 *
Ve
1e-07
13.085525 33.325752 0
0 0

0101101
*
Ve
1e-07
14.662856 32.58905 0
0 0

0101101
*
Ed
 1e-07 1 1 0
1  493 0 0 1.74089141544354
0

0101000
+3185 0 -3184 0 *
Ve
1e-07
12.9776 32.318459 0
0 0

0101101
*
Ed
 1e-07 1 1 0
1  494 0 0 1.70684131506622
0

0101000
+3184 0 -3182 0 *
Ed
 1e-07 1 1 0
1  495 0 0 1.01305823794785
0

0101000
+3182 0 -3185 0 *
Wi

0101100
+3183 0 +3181 0 +3180 0 *
Fa
0  1e-07 155 0

0111000
+3179 0 *
Ve
1e-07
12.9776 32.318459 0
0 0

0101101
*
Ve
1e-07
14.662856 32.58905 0
0 0

0101101
*
Ed
 1e-07 1 1 0
1  496 0 0 1.70684131506622
0

0101000
+3177 0 -3176 0 *
Ve
1e-07
13.827374 28.167551 0
0 0

0101101
*
Ed
 1e-07 1 1 0
1  497 0 0 4.49974261256408
0

0101000
+3176 0 -3174 0 *
Ed
 1e-07 1 1 0
1  498 0 0 4.23699812078551
0

0101000
+3174 0 -3177 0 *
Wi

0101100
+3175 0 +3173 0 +3172 0 *
Fa
0  1e-07 156 0

0111000
+3171 0 *
Ve
1e-07
16.064447 28.533619 0
0 0

0101101
*
Ve
1e-07
15.211237 32.701313 0
0 0

0101101
*
Ed
 1e-07 1 1 0
1  499 0 0 4.25413217727611
0

0101000
+3169 0 -3168 0 *
Ve
1e-07
16.789946 33.024506 0
0 0

0101101
*
Ed
 1e-07 1 1 0
1  500 0 0 1.61145146434201
0

0101000
+3168 0 -3166 0 *
Ed
 1e-07 1 1 0
1  501 0 0 4.54911143474965
0

0101000
+3166 0 -3169 0 *
Wi

0101100
+3167 0 +3165 0 +3164 0 *
Fa
0  1e-07 157 0

0111000
+3163 0 *
Ve
1e-07
14.662856 32.58905 0
0 0

0101101
*
Ve
1e-07
13.135482 34.938717 0
0 0

0101101
*
Ed
 1e-07 1 1 0
1  502 0 0 2.8024643346107
0

0101000
+3161 0 -3160 0 *
Ve
1e-07
15.211237 32.701313 0
0 0

0101101
*
Ed
 1e-07 1 1 0
1  503 0 0 3.05200515714522
0

0101000
+3160 0 -3158 0 *
Ed
 1e-07 1 1 0
1  504 0 0 0.559754144540262
0

0101000
+3158 0 -3161 0 *
Wi

0101100
+3159 0 +3157 0 +3156 0 *
Fa
0  1e-07 158 0

0111000
+3155 0 *
Ve
1e-07
16.789946 33.024506 0
0 0

0101101
*
Ve
1e-07
15.211237 32.701313 0
0 0

0101101
*
Ed
 1e-07 1 1 0
1  505 0 0 1.61145146434201
0

0101000
+3153 0 -3152 0 *
Ve
1e-07
16.3353 34.960293 0
0 0

0101101
*
Ed
 1e-07 1 1 0
1  506 0 0 2.52319406078268
0

0101000
+3152 0 -3150 0 *
Ed
 1e-07 1 1 0
1  507 0 0 1.98846028240068
0

0101000
+3150 0 -3153 0 *
Wi

0101100
+3151 0 +3149 0 +3148 0 *
Fa
0  1e-07 159 0

0111000
+3147 0 *
Ve
1e-07
14.863894 23.10445 0
0 0

0101101
*
Ve
1e-07
16.064447 28.533619 0
0 0

0101101
*
Ed
 1e-07 1 1 0
1  508 0 0 5.5603240495829
0

0101000
+3145 0 -3144 0 *
Ve
1e-07
17.643156 28.856812 0
0 0

0101101
*
Ed
 1e-07 1 1 0
1  509 0 0 1.61145146434201
0

0101000
+3144 0 -3142 0 *
Ed
 1e-07 1 1 0
1  510 0 0 6.38858089435267
0

0101000
+3142 0 -3145 0 *
Wi

0101100
+3143 0 +3141 0 +3140 0 *
Fa
0  1e-07 160 0

0111000
+3139 0 *
Ve
1e-07
18.866453 33.449608 0
0 0

0101101
*
Ve
1e-07
18.191538 28.969076 0
0 0

0101101
*
Ed
 1e-07 1 1 0
1  511 0 0 4.53107903928512
0

0101000
+3137 0 -3136 0 *
Ve
1e-07
17.338326 33.136772 0
0 0

0101101
*
Ed
 1e-07 1 1 0
1  512 0 0 4.25413453775971
0

0101000
+3136 0 -3134 0 *
Ed
 1e-07 1 1 0
1  513 0 0 1.55982001879223
0

0101000
+3134 0 -3137 0 *
Wi

0101100
+3135 0 +3133 0 +3132 0 *
Fa
0  1e-07 161 0

0111000
+3131 0 *
Ve
1e-07
16.064447 28.533619 0
0 0

0101101
*
Ve
1e-07
16.789946 33.024506 0
0 0

0101101
*
Ed
 1e-07 1 1 0
1  514 0 0 4.54911143474965
0

0101000
+3129 0 -3128 0 *
Ve
1e-07
17.643156 28.856812 0
0 0

0101101
*
Ed
 1e-07 1 1 0
1  515 0 0 4.25413217727611
0

0101000
+3128 0 -3126 0 *
Ed
 1e-07 1 1 0
1  516 0 0 1.61145146434201
0

0101000
+3126 0 -3129 0 *
Wi

0101100
+3127 0 +3125 0 +3124 0 *
Fa
0  1e-07 162 0

0111000
+3123 0 *
Ve
1e-07
16.789946 33.024506 0
0 0

0101101
*
Ve
1e-07
16.895054 34.960293 0
0 0

0101101
*
Ed
 1e-07 1 1 0
1  517 0 0 1.93863843999674
0

0101000
+3121 0 -3120 0 *
Ve
1e-07
17.338326 33.136772 0
0 0

0101101
*
Ed
 1e-07 1 1 0
1  518 0 0 1.87662433732087
0

0101000
+3120 0 -3118 0 *
Ed
 1e-07 1 1 0
1  519 0 0 0.559753766540251
0

0101000
+3118 0 -3121 0 *
Wi

0101100
+3119 0 +3117 0 +3116 0 *
Fa
0  1e-07 163 0

0111000
+3115 0 *
Ve
1e-07
18.191538 28.969076 0
0 0

0101101
*
Ve
1e-07
14.863894 23.10445 0
0 0

0101101
*
Ed
 1e-07 1 1 0
1  520 0 0 6.74292612376941
0

0101000
+3113 0 -3112 0 *
Ve
1e-07
17.643156 28.856812 0
0 0

0101101
*
Ed
 1e-07 1 1 0
1  521 0 0 6.38858089435267
0

0101000
+3112 0 -3110 0 *
Ed
 1e-07 1 1 0
1  522 0 0 0.55975532478039
0

0101000
+3110 0 -3113 0 *
Wi

0101100
+3111 0 +3109 0 +3108 0 *
Fa
0  1e-07 164 0

0111000
+3107 0 *
Ve
1e-07
16.895054 34.960293 0
0 0

0101101
*
Ve
1e-07
16.895054 39.214424 0
0 0

0101101
*
Ed
 1e-07 1 1 0
1  523 0 0 4.254131
0

0101000
+3105 0 -3104 0 *
Ve
1e-07
18.275782 39.214424 0
0 0

0101101
*
Ed
 1e-07 1 1 0
1  524 0 0 1.380728
0

0101000
+3104 0 -3102 0 *
Ve
1e-07
18.275782 34.960293 0
0 0

0101101
*
Ed
 1e-07 1 1 0
1  525 0 0 4.254131
0

0101000
+3102 0 -3100 0 *
Ed
 1e-07 1 1 0
1  526 0 0 1.380728
0

0101000
+3100 0 -3105 0 *
Wi

0101100
+3103 0 +3101 0 +3099 0 +3098 0 *
Fa
0  1e-07 165 0

0111000
+3097 0 *
Ve
1e-07
16.3353 39.214424 0
0 0

0101101
*
Ve
1e-07
13.387792 37.293617 0
0 0

0101101
*
Ed
 1e-07 1 1 0
1  527 0 0 3.51813913046557
0

0101000
+3095 0 -3094 0 *
Ve
1e-07
13.872775 42.100998 0
0 0

0101101
*
Ed
 1e-07 1 1 0
1  528 0 0 4.83178234086036
0

0101000
+3094 0 -3092 0 *
Ed
 1e-07 1 1 0
1  529 0 0 3.79425076044019
0

0101000
+3092 0 -3095 0 *
Wi

0101100
+3093 0 +3091 0 +3090 0 *
Fa
0  1e-07 166 0

0111000
+3089 0 *
Ve
1e-07
7.310533 32.603809 0
0 0

0101101
*
Ve
1e-07
6.51167 28.490307 0
0 0

0101101
*
Ed
 1e-07 1 1 0
1  530 0 0 4.19035568857501
0

0101000
+3087 0 -3086 0 *
Ve
1e-07
3.670408 28.490307 0
0 0

0101101
*
Ed
 1e-07 1 1 0
1  531 0 0 2.841262
0

0101000
+3086 0 -3084 0 *
Ed
 1e-07 1 1 0
1  532 0 0 5.49285069154706
0

0101000
+3084 0 -3087 0 *
Wi

0101100
+3085 0 +3083 0 +3082 0 *
Fa
0  1e-07 167 0

0111000
+3081 0 *
Ve
1e-07
7.310533 26.65428 0
0 0

0101101
*
Ve
1e-07
3.670408 28.133335 0
0 0

0101101
*
Ed
 1e-07 1 1 0
1  533 0 0 3.92913650929183
0

0101000
+3079 0 -3078 0 *
Ve
1e-07
6.51167 28.133335 0
0 0

0101101
*
Ed
 1e-07 1 1 0
1  534 0 0 2.841262
0

0101000
+3078 0 -3076 0 *
Ed
 1e-07 1 1 0
1  535 0 0 1.68100737231994
0

0101000
+3076 0 -3079 0 *
Wi

0101100
+3077 0 +3075 0 +3074 0 *
Fa
0  1e-07 168 0

0111000
+3073 0 *
Ve
1e-07
6.51167 28.133335 0
0 0

0101101
*
Ve
1e-07
6.51167 28.490307 0
0 0

0101101
*
Ed
 1e-07 1 1 0
1  536 0 0 0.356972000000003
0

0101000
+3071 0 -3070 0 *
Ve
1e-07
7.310533 27.75428 0
0 0

0101101
*
Ed
 1e-07 1 1 0
1  537 0 0 1.08624023010474
0

0101000
+3070 0 -3068 0 *
Ed
 1e-07 1 1 0
1  538 0 0 0.88423118345487
0

0101000
+3068 0 -3071 0 *
Wi

0101100
+3069 0 +3067 0 +3066 0 *
Fa
0  1e-07 169 0

0111000
+3065 0 *
Ve
1e-07
6.51167 28.490307 0
0 0

0101101
*
Ve
1e-07
7.310533 32.603809 0
0 0

0101101
*
Ed
 1e-07 1 1 0
1  539 0 0 4.19035568857501
0

0101000
+3063 0 -3062 0 *
Ve
1e-07
7.310533 27.75428 0
0 0

0101101
*
Ed
 1e-07 1 1 0
1  540 0 0 4.849529
0

0101000
+3062 0 -3060 0 *
Ed
 1e-07 1 1 0
1  541 0 0 1.08624023010474
0

0101000
+3060 0 -3063 0 *
Wi

0101100
+3061 0 +3059 0 +3058 0 *
Fa
0  1e-07 170 0

0111000
+3057 0 *
Ve
1e-07
7.310533 27.75428 0
0 0

0101101
*
Ve
1e-07
8.410533 27.75428 0
0 0

0101101
*
Ed
 1e-07 1 1 0
1  542 0 0 1.1
0

0101000
+3055 0 -3054 0 *
Ve
1e-07
8.410533 26.65428 0
0 0

0101101
*
Ed
 1e-07 1 1 0
1  543 0 0 1.1
0

0101000
+3054 0 -3052 0 *
Ve
1e-07
7.310533 26.65428 0
0 0

0101101
*
Ed
 1e-07 1 1 0
1  544 0 0 1.1
0

0101000
+3052 0 -3050 0 *
Ed
 1e-07 1 1 0
1  545 0 0 1.1
0

0101000
+3050 0 -3055 0 *
Wi

0101100
+3053 0 +3051 0 +3049 0 +3048 0 *
Fa
0  1e-07 171 0

0111000
+3047 0 *
Ve
1e-07
11.200518 25.602032 0
0 0

0101101
*
Ve
1e-07
8.410533 27.75428 0
0 0

0101101
*
Ed
 1e-07 1 1 0
1  546 0 0 3.52366112924172
0

0101000
+3045 0 -3044 0 *
Ve
1e-07
12.749724 27.946936 0
0 0

0101101
*
Ed
 1e-07 1 1 0
1  547 0 0 4.34346576696732
0

0101000
+3044 0 -3042 0 *
Ed
 1e-07 1 1 0
1  548 0 0 2.81044729529874
0

0101000
+3042 0 -3045 0 *
Wi

0101100
+3043 0 +3041 0 +3040 0 *
Fa
0  1e-07 172 0

0111000
+3039 0 *
Ve
1e-07
6.51167 28.133335 0
0 0

0101101
*
Ve
1e-07
7.310533 27.75428 0
0 0

0101101
*
Ed
 1e-07 1 1 0
1  549 0 0 0.88423118345487
0

0101000
+3037 0 -3036 0 *
Ve
1e-07
7.310533 26.65428 0
0 0

0101101
*
Ed
 1e-07 1 1 0
1  550 0 0 1.1
0

0101000
+3036 0 -3034 0 *
Ed
 1e-07 1 1 0
1  551 0 0 1.68100737231994
0

0101000
+3034 0 -3037 0 *
Wi

0101100
+3035 0 +3033 0 +3032 0 *
Fa
0  1e-07 173 0

0111000
+3031 0 *
Ve
1e-07
11.865629 32.265491 0
0 0

0101101
*
Ve
1e-07
12.749724 27.946936 0
0 0

0101101
*
Ed
 1e-07 1 1 0
1  552 0 0 4.40812219171043
0

0101000
+3029 0 -3028 0 *
Ve
1e-07
8.410533 27.75428 0
0 0

0101101
*
Ed
 1e-07 1 1 0
1  553 0 0 4.34346576696732
0

0101000
+3028 0 -3026 0 *
Ed
 1e-07 1 1 0
1  554 0 0 5.68231581802147
0

0101000
+3026 0 -3029 0 *
Wi

0101100
+3027 0 +3025 0 +3024 0 *
Fa
0  1e-07 174 0

0111000
+3023 0 *
Ve
1e-07
3.670408 21.464348 0
0 0

0101101
*
Ve
1e-07
3.670408 28.133335 0
0 0

0101101
*
Ed
 1e-07 1 1 0
1  555 0 0 6.668987
0

0101000
+3021 0 -3020 0 *
Ve
1e-07
7.310533 26.65428 0
0 0

0101101
*
Ed
 1e-07 1 1 0
1  556 0 0 3.92913650929183
0

0101000
+3020 0 -3018 0 *
Ed
 1e-07 1 1 0
1  557 0 0 6.33923529932822
0

0101000
+3018 0 -3021 0 *
Wi

0101100
+3019 0 +3017 0 +3016 0 *
Fa
0  1e-07 175 0

0111000
+3015 0 *
Ve
1e-07
7.310533 26.65428 0
0 0

0101101
*
Ve
1e-07
7.310533 21.464348 0
0 0

0101101
*
Ed
 1e-07 1 1 0
1  558 0 0 5.189932
0

0101000
+3013 0 -3012 0 *
Ve
1e-07
3.670408 21.464348 0
0 0

0101101
*
Ed
 1e-07 1 1 0
1  559 0 0 3.640125
0

0101000
+3012 0 -3010 0 *
Ed
 1e-07 1 1 0
1  560 0 0 6.33923529932822
0

0101000
+3010 0 -3013 0 *
Wi

0101100
+3011 0 +3009 0 +3008 0 *
Fa
0  1e-07 176 0

0111000
+3007 0 *
Ve
1e-07
8.410533 26.65428 0
0 0

0101101
*
Ve
1e-07
11.200518 25.602032 0
0 0

0101101
*
Ed
 1e-07 1 1 0
1  561 0 0 2.98181859839411
0

0101000
+3005 0 -3004 0 *
Ve
1e-07
12.053729 21.434336 0
0 0

0101101
*
Ed
 1e-07 1 1 0
1  562 0 0 4.25413433719917
0

0101000
+3004 0 -3002 0 *
Ed
 1e-07 1 1 0
1  563 0 0 6.3655865760786
0

0101000
+3002 0 -3005 0 *
Wi

0101100
+3003 0 +3001 0 +3000 0 *
Fa
0  1e-07 177 0

0111000
+2999 0 *
Ve
1e-07
8.410533 27.75428 0
0 0

0101101
*
Ve
1e-07
11.200518 25.602032 0
0 0

0101101
*
Ed
 1e-07 1 1 0
1  564 0 0 3.52366112924172
0

0101000
+2997 0 -2996 0 *
Ve
1e-07
8.410533 26.65428 0
0 0

0101101
*
Ed
 1e-07 1 1 0
1  565 0 0 2.98181859839411
0

0101000
+2996 0 -2994 0 *
Ed
 1e-07 1 1 0
1  566 0 0 1.1
0

0101000
+2994 0 -2997 0 *
Wi

0101100
+2995 0 +2993 0 +2992 0 *
Fa
0  1e-07 178 0

0111000
+2991 0 *
Ve
1e-07
12.903659 18.50136 0
0 0

0101101
*
Ve
1e-07
8.410533 10.787181 0
0 0

0101101
*
Ed
 1e-07 1 1 0
1  567 0 0 8.92730300235838
0

0101000
+2989 0 -2988 0 *
Ve
1e-07
12.053729 21.434336 0
0 0

0101101
*
Ed
 1e-07 1 1 0
1  568 0 0 11.2532122830968
0

0101000
+2988 0 -2986 0 *
Ed
 1e-07 1 1 0
1  569 0 0 3.05364196026253
0

0101000
+2986 0 -2989 0 *
Wi

0101100
+2987 0 +2985 0 +2984 0 *
Fa
0  1e-07 179 0

0111000
+2983 0 *
Ve
1e-07
13.786243 22.883835 0
0 0

0101101
*
Ve
1e-07
12.60211 21.5466 0
0 0

0101101
*
Ed
 1e-07 1 1 0
1  570 0 0 1.78616024110772
0

0101000
+2981 0 -2980 0 *
Ve
1e-07
11.748899 25.714296 0
0 0

0101101
*
Ed
 1e-07 1 1 0
1  571 0 0 4.25413433719917
0

0101000
+2980 0 -2978 0 *
Ed
 1e-07 1 1 0
1  572 0 0 3.48744606364844
0

0101000
+2978 0 -2981 0 *
Wi

0101100
+2979 0 +2977 0 +2976 0 *
Fa
0  1e-07 180 0

0111000
+2975 0 *
Ve
1e-07
12.053729 21.434336 0
0 0

0101101
*
Ve
1e-07
8.410533 10.787181 0
0 0

0101101
*
Ed
 1e-07 1 1 0
1  573 0 0 11.2532122830968
0

0101000
+2973 0 -2972 0 *
Ve
1e-07
8.410533 26.65428 0
0 0

0101101
*
Ed
 1e-07 1 1 0
1  574 0 0 15.867099
0

0101000
+2972 0 -2970 0 *
Ed
 1e-07 1 1 0
1  575 0 0 6.3655865760786
0

0101000
+2970 0 -2973 0 *
Wi

0101100
+2971 0 +2969 0 +2968 0 *
Fa
0  1e-07 181 0

0111000
+2967 0 *
Ve
1e-07
11.200518 25.602032 0
0 0

0101101
*
Ve
1e-07
12.749724 27.946936 0
0 0

0101101
*
Ed
 1e-07 1 1 0
1  576 0 0 2.81044729529874
0

0101000
+2965 0 -2964 0 *
Ve
1e-07
11.748899 25.714296 0
0 0

0101101
*
Ed
 1e-07 1 1 0
1  577 0 0 2.44669819353042
0

0101000
+2964 0 -2962 0 *
Ed
 1e-07 1 1 0
1  578 0 0 0.559754345098811
0

0101000
+2962 0 -2965 0 *
Wi

0101100
+2963 0 +2961 0 +2960 0 *
Fa
0  1e-07 182 0

0111000
+2959 0 *
Ve
1e-07
12.60211 21.5466 0
0 0

0101101
*
Ve
1e-07
12.903659 18.50136 0
0 0

0101101
*
Ed
 1e-07 1 1 0
1  579 0 0 3.06013373188183
0

0101000
+2957 0 -2956 0 *
Ve
1e-07
12.053729 21.434336 0
0 0

0101101
*
Ed
 1e-07 1 1 0
1  580 0 0 3.05364196026253
0

0101000
+2956 0 -2954 0 *
Ed
 1e-07 1 1 0
1  581 0 0 0.559754345098812
0

0101000
+2954 0 -2957 0 *
Wi

0101100
+2955 0 +2953 0 +2952 0 *
Fa
0  1e-07 183 0

0111000
+2951 0 *
Ve
1e-07
13.827374 28.167551 0
0 0

0101101
*
Ve
1e-07
11.748899 25.714296 0
0 0

0101101
*
Ed
 1e-07 1 1 0
1  582 0 0 3.21535665527947
0

0101000
+2949 0 -2948 0 *
Ve
1e-07
12.749724 27.946936 0
0 0

0101101
*
Ed
 1e-07 1 1 0
1  583 0 0 2.44669819353042
0

0101000
+2948 0 -2946 0 *
Ed
 1e-07 1 1 0
1  584 0 0 1.10000022760225
0

0101000
+2946 0 -2949 0 *
Wi

0101100
+2947 0 +2945 0 +2944 0 *
Fa
0  1e-07 184 0

0111000
+2943 0 *
Ve
1e-07
14.863894 23.10445 0
0 0

0101101
*
Ve
1e-07
13.786243 22.883835 0
0 0

0101101
*
Ed
 1e-07 1 1 0
1  585 0 0 1.10000120728388
0

0101000
+2941 0 -2940 0 *
Ve
1e-07
13.827374 28.167551 0
0 0

0101101
*
Ed
 1e-07 1 1 0
1  586 0 0 5.28387608937009
0

0101000
+2940 0 -2938 0 *
Ed
 1e-07 1 1 0
1  587 0 0 5.16811043289528
0

0101000
+2938 0 -2941 0 *
Wi

0101100
+2939 0 +2937 0 +2936 0 *
Fa
0  1e-07 185 0

0111000
+2935 0 *
Ve
1e-07
13.786243 22.883835 0
0 0

0101101
*
Ve
1e-07
13.452041 18.613625 0
0 0

0101101
*
Ed
 1e-07 1 1 0
1  588 0 0 4.28326796043675
0

0101000
+2933 0 -2932 0 *
Ve
1e-07
12.60211 21.5466 0
0 0

0101101
*
Ed
 1e-07 1 1 0
1  589 0 0 3.05364127811143
0

0101000
+2932 0 -2930 0 *
Ed
 1e-07 1 1 0
1  590 0 0 1.78616024110772
0

0101000
+2930 0 -2933 0 *
Wi

0101100
+2931 0 +2929 0 +2928 0 *
Fa
0  1e-07 186 0

0111000
+2927 0 *
Ve
1e-07
13.452041 18.613625 0
0 0

0101101
*
Ve
1e-07
12.903659 18.50136 0
0 0

0101101
*
Ed
 1e-07 1 1 0
1  591 0 0 0.559755525340305
0

0101000
+2925 0 -2924 0 *
Ve
1e-07
12.60211 21.5466 0
0 0

0101101
*
Ed
 1e-07 1 1 0
1  592 0 0 3.06013373188183
0

0101000
+2924 0 -2922 0 *
Ed
 1e-07 1 1 0
1  593 0 0 3.05364127811143
0

0101000
+2922 0 -2925 0 *
Wi

0101100
+2923 0 +2921 0 +2920 0 *
Fa
0  1e-07 187 0

0111000
+2919 0 *
Ve
1e-07
13.827374 28.167551 0
0 0

0101101
*
Ve
1e-07
13.786243 22.883835 0
0 0

0101101
*
Ed
 1e-07 1 1 0
1  594 0 0 5.28387608937009
0

0101000
+2917 0 -2916 0 *
Ve
1e-07
11.748899 25.714296 0
0 0

0101101
*
Ed
 1e-07 1 1 0
1  595 0 0 3.48744606364844
0

0101000
+2916 0 -2914 0 *
Ed
 1e-07 1 1 0
1  596 0 0 3.21535665527947
0

0101000
+2914 0 -2917 0 *
Wi

0101100
+2915 0 +2913 0 +2912 0 *
Fa
0  1e-07 188 0

0111000
+2911 0 *
Ve
1e-07
14.863894 23.10445 0
0 0

0101101
*
Ve
1e-07
15.516067 28.421354 0
0 0

0101101
*
Ed
 1e-07 1 1 0
1  597 0 0 5.35675253928581
0

0101000
+2909 0 -2908 0 *
Ve
1e-07
16.064447 28.533619 0
0 0

0101101
*
Ed
 1e-07 1 1 0
1  598 0 0 0.559753565977924
0

0101000
+2908 0 -2906 0 *
Ed
 1e-07 1 1 0
1  599 0 0 5.5603240495829
0

0101000
+2906 0 -2909 0 *
Wi

0101100
+2907 0 +2905 0 +2904 0 *
Fa
0  1e-07 189 0

0111000
+2903 0 *
Ve
1e-07
13.827374 28.167551 0
0 0

0101101
*
Ve
1e-07
15.516067 28.421354 0
0 0

0101101
*
Ed
 1e-07 1 1 0
1  600 0 0 1.70765921982637
0

0101000
+2901 0 -2900 0 *
Ve
1e-07
14.863894 23.10445 0
0 0

0101101
*
Ed
 1e-07 1 1 0
1  601 0 0 5.35675253928581
0

0101000
+2900 0 -2898 0 *
Ed
 1e-07 1 1 0
1  602 0 0 5.16811043289528
0

0101000
+2898 0 -2901 0 *
Wi

0101100
+2899 0 +2897 0 +2896 0 *
Fa
0  1e-07 190 0

0111000
+2895 0 *
Ve
1e-07
14.863894 23.10445 0
0 0

0101101
*
Ve
1e-07
17.587557 15.705888 0
0 0

0101101
*
Ed
 1e-07 1 1 0
1  603 0 0 7.88397487346408
0

0101000
+2893 0 -2892 0 *
Ve
1e-07
16.303717 16.071318 0
0 0

0101101
*
Ed
 1e-07 1 1 0
1  604 0 0 1.33483490758221
0

0101000
+2892 0 -2890 0 *
Ed
 1e-07 1 1 0
1  605 0 0 7.17899965181452
0

0101000
+2890 0 -2893 0 *
Wi

0101100
+2891 0 +2889 0 +2888 0 *
Fa
0  1e-07 191 0

0111000
+2887 0 *
Ve
1e-07
17.587557 15.705888 0
0 0

0101101
*
Ve
1e-07
14.863894 23.10445 0
0 0

0101101
*
Ed
 1e-07 1 1 0
1  606 0 0 7.88397487346408
0

0101000
+2885 0 -2884 0 *
Ve
1e-07
21.41073 18.760897 0
0 0

0101101
*
Ed
 1e-07 1 1 0
1  607 0 0 7.85668596004098
0

0101000
+2884 0 -2882 0 *
Ed
 1e-07 1 1 0
1  608 0 0 4.89384631736735
0

0101000
+2882 0 -2885 0 *
Wi

0101100
+2883 0 +2881 0 +2880 0 *
Fa
0  1e-07 192 0

0111000
+2879 0 *
Ve
1e-07
15.360052 15.196227 0
0 0

0101101
*
Ve
1e-07
13.452041 18.613625 0
0 0

0101101
*
Ed
 1e-07 1 1 0
1  609 0 0 3.91396411155302
0

0101000
+2877 0 -2876 0 *
Ve
1e-07
13.786243 22.883835 0
0 0

0101101
*
Ed
 1e-07 1 1 0
1  610 0 0 4.28326796043675
0

0101000
+2876 0 -2874 0 *
Ed
 1e-07 1 1 0
1  611 0 0 7.84704986158142
0

0101000
+2874 0 -2877 0 *
Wi

0101100
+2875 0 +2873 0 +2872 0 *
Fa
0  1e-07 193 0

0111000
+2871 0 *
Ve
1e-07
14.305251 14.44593 0
0 0

0101101
*
Ve
1e-07
15.89917 10.79334 0
0 0

0101101
*
Ed
 1e-07 1 1 0
1  612 0 0 3.98522163582667
0

0101000
+2869 0 -2868 0 *
Ve
1e-07
13.75687 14.333666 0
0 0

0101101
*
Ed
 1e-07 1 1 0
1  613 0 0 4.13803787757869
0

0101000
+2868 0 -2866 0 *
Ed
 1e-07 1 1 0
1  614 0 0 0.559754345098813
0

0101000
+2866 0 -2869 0 *
Wi

0101100
+2867 0 +2865 0 +2864 0 *
Fa
0  1e-07 194 0

0111000
+2863 0 *
Ve
1e-07
8.410533 10.787181 0
0 0

0101101
*
Ve
1e-07
13.75687 14.333666 0
0 0

0101101
*
Ed
 1e-07 1 1 0
1  615 0 0 6.41567417913301
0

0101000
+2861 0 -2860 0 *
Ve
1e-07
15.74334 10.255713 0
0 0

0101101
*
Ed
 1e-07 1 1 0
1  616 0 0 4.53605155736892
0

0101000
+2860 0 -2858 0 *
Ed
 1e-07 1 1 0
1  617 0 0 7.35204167114639
0

0101000
+2858 0 -2861 0 *
Wi

0101100
+2859 0 +2857 0 +2856 0 *
Fa
0  1e-07 195 0

0111000
+2855 0 *
Ve
1e-07
13.75687 14.333666 0
0 0

0101101
*
Ve
1e-07
15.89917 10.79334 0
0 0

0101101
*
Ed
 1e-07 1 1 0
1  618 0 0 4.13803787757869
0

0101000
+2853 0 -2852 0 *
Ve
1e-07
15.74334 10.255713 0
0 0

0101101
*
Ed
 1e-07 1 1 0
1  619 0 0 0.559755107193316
0

0101000
+2852 0 -2850 0 *
Ed
 1e-07 1 1 0
1  620 0 0 4.53605155736892
0

0101000
+2850 0 -2853 0 *
Wi

0101100
+2851 0 +2849 0 +2848 0 *
Fa
0  1e-07 196 0

0111000
+2847 0 *
Ve
1e-07
16.425701 12.6099 0
0 0

0101101
*
Ve
1e-07
14.305251 14.44593 0
0 0

0101101
*
Ed
 1e-07 1 1 0
1  621 0 0 2.80487332394887
0

0101000
+2845 0 -2844 0 *
Ve
1e-07
15.360052 15.196227 0
0 0

0101101
*
Ed
 1e-07 1 1 0
1  622 0 0 1.29443066164627
0

0101000
+2844 0 -2842 0 *
Ed
 1e-07 1 1 0
1  623 0 0 2.79726565455089
0

0101000
+2842 0 -2845 0 *
Wi

0101100
+2843 0 +2841 0 +2840 0 *
Fa
0  1e-07 197 0

0111000
+2839 0 *
Ve
1e-07
15.360052 15.196227 0
0 0

0101101
*
Ve
1e-07
14.305251 14.44593 0
0 0

0101101
*
Ed
 1e-07 1 1 0
1  624 0 0 1.29443066164627
0

0101000
+2837 0 -2836 0 *
Ve
1e-07
13.452041 18.613625 0
0 0

0101101
*
Ed
 1e-07 1 1 0
1  625 0 0 4.25413315695748
0

0101000
+2836 0 -2834 0 *
Ed
 1e-07 1 1 0
1  626 0 0 3.91396411155302
0

0101000
+2834 0 -2837 0 *
Wi

0101100
+2835 0 +2833 0 +2832 0 *
Fa
0  1e-07 198 0

0111000
+2831 0 *
Ve
1e-07
26.373907 10.309205 0
0 0

0101101
*
Ve
1e-07
16.581532 13.147525 0
0 0

0101101
*
Ed
 1e-07 1 1 0
1  627 0 0 10.1954239030569
0

0101000
+2829 0 -2828 0 *
Ve
1e-07
21.845461 13.350236 0
0 0

0101101
*
Ed
 1e-07 1 1 0
1  628 0 0 5.26783069835791
0

0101000
+2828 0 -2826 0 *
Ed
 1e-07 1 1 0
1  629 0 0 5.45478622109767
0

0101000
+2826 0 -2829 0 *
Wi

0101100
+2827 0 +2825 0 +2824 0 *
Fa
0  1e-07 199 0

0111000
+2823 0 *
Ve
1e-07
15.360052 15.196227 0
0 0

0101101
*
Ve
1e-07
17.286417 14.647911 0
0 0

0101101
*
Ed
 1e-07 1 1 0
1  630 0 0 2.00288106214049
0

0101000
+2821 0 -2820 0 *
Ve
1e-07
16.581532 13.147525 0
0 0

0101101
*
Ed
 1e-07 1 1 0
1  631 0 0 1.65771560052411
0

0101000
+2820 0 -2818 0 *
Ed
 1e-07 1 1 0
1  632 0 0 2.38520298406739
0

0101000
+2818 0 -2821 0 *
Wi

0101100
+2819 0 +2817 0 +2816 0 *
Fa
0  1e-07 200 0

0111000
+2815 0 *
Ve
1e-07
14.305251 14.44593 0
0 0

0101101
*
Ve
1e-07
16.425701 12.6099 0
0 0

0101101
*
Ed
 1e-07 1 1 0
1  633 0 0 2.80487332394887
0

0101000
+2813 0 -2812 0 *
Ve
1e-07
15.89917 10.79334 0
0 0

0101101
*
Ed
 1e-07 1 1 0
1  634 0 0 1.89132893161422
0

0101000
+2812 0 -2810 0 *
Ed
 1e-07 1 1 0
1  635 0 0 3.98522163582667
0

0101000
+2810 0 -2813 0 *
Wi

0101100
+2811 0 +2809 0 +2808 0 *
Fa
0  1e-07 201 0

0111000
+2807 0 *
Ve
1e-07
16.425701 12.6099 0
0 0

0101101
*
Ve
1e-07
26.218077 9.771579 0
0 0

0101101
*
Ed
 1e-07 1 1 0
1  636 0 0 10.1954251419162
0

0101000
+2805 0 -2804 0 *
Ve
1e-07
25.691545 7.955019 0
0 0

0101101
*
Ed
 1e-07 1 1 0
1  637 0 0 1.89132921000655
0

0101000
+2804 0 -2802 0 *
Ed
 1e-07 1 1 0
1  638 0 0 10.3693674906668
0

0101000
+2802 0 -2805 0 *
Wi

0101100
+2803 0 +2801 0 +2800 0 *
Fa
0  1e-07 202 0

0111000
+2799 0 *
Ve
1e-07
15.360052 15.196227 0
0 0

0101101
*
Ve
1e-07
16.581532 13.147525 0
0 0

0101101
*
Ed
 1e-07 1 1 0
1  639 0 0 2.38520298406739
0

0101000
+2797 0 -2796 0 *
Ve
1e-07
16.425701 12.6099 0
0 0

0101101
*
Ed
 1e-07 1 1 0
1  640 0 0 0.5597534646485
0

0101000
+2796 0 -2794 0 *
Ed
 1e-07 1 1 0
1  641 0 0 2.79726565455089
0

0101000
+2794 0 -2797 0 *
Wi

0101100
+2795 0 +2793 0 +2792 0 *
Fa
0  1e-07 203 0

0111000
+2791 0 *
Ve
1e-07
21.845461 13.350236 0
0 0

0101101
*
Ve
1e-07
16.581532 13.147525 0
0 0

0101101
*
Ed
 1e-07 1 1 0
1  642 0 0 5.26783069835791
0

0101000
+2789 0 -2788 0 *
Ve
1e-07
17.286417 14.647911 0
0 0

0101101
*
Ed
 1e-07 1 1 0
1  643 0 0 1.65771560052411
0

0101000
+2788 0 -2786 0 *
Ed
 1e-07 1 1 0
1  644 0 0 4.74013107409078
0

0101000
+2786 0 -2789 0 *
Wi

0101100
+2787 0 +2785 0 +2784 0 *
Fa
0  1e-07 204 0

0111000
+2783 0 *
Ve
1e-07
17.286417 14.647911 0
0 0

0101101
*
Ve
1e-07
17.587557 15.705888 0
0 0

0101101
*
Ed
 1e-07 1 1 0
1  645 0 0 1.10000028733133
0

0101000
+2781 0 -2780 0 *
Ve
1e-07
20.806286 16.675524 0
0 0

0101101
*
Ed
 1e-07 1 1 0
1  646 0 0 3.36160829781475
0

0101000
+2780 0 -2778 0 *
Ed
 1e-07 1 1 0
1  647 0 0 4.06210441211572
0

0101000
+2778 0 -2781 0 *
Wi

0101100
+2779 0 +2777 0 +2776 0 *
Fa
0  1e-07 205 0

0111000
+2775 0 *
Ve
1e-07
8.410533 10.787181 0
0 0

0101101
*
Ve
1e-07
12.903659 18.50136 0
0 0

0101101
*
Ed
 1e-07 1 1 0
1  648 0 0 8.92730300235838
0

0101000
+2773 0 -2772 0 *
Ve
1e-07
13.75687 14.333666 0
0 0

0101101
*
Ed
 1e-07 1 1 0
1  649 0 0 4.25413237783652
0

0101000
+2772 0 -2770 0 *
Ed
 1e-07 1 1 0
1  650 0 0 6.41567417913301
0

0101000
+2770 0 -2773 0 *
Wi

0101100
+2771 0 +2769 0 +2768 0 *
Fa
0  1e-07 206 0

0111000
+2767 0 *
Ve
1e-07
13.827374 28.167551 0
0 0

0101101
*
Ve
1e-07
14.662856 32.58905 0
0 0

0101101
*
Ed
 1e-07 1 1 0
1  651 0 0 4.49974261256408
0

0101000
+2765 0 -2764 0 *
Ve
1e-07
15.516067 28.421354 0
0 0

0101101
*
Ed
 1e-07 1 1 0
1  652 0 0 4.25413433719917
0

0101000
+2764 0 -2762 0 *
Ed
 1e-07 1 1 0
1  653 0 0 1.70765921982637
0

0101000
+2762 0 -2765 0 *
Wi

0101100
+2763 0 +2761 0 +2760 0 *
Fa
0  1e-07 207 0

0111000
+2759 0 *
Ve
1e-07
26.205263 5.547123 0
0 0

0101101
*
Ve
1e-07
8.410533 10.787181 0
0 0

0101101
*
Ed
 1e-07 1 1 0
1  654 0 0 18.5502189641056
0

0101000
+2757 0 -2756 0 *
Ve
1e-07
15.74334 10.255713 0
0 0

0101101
*
Ed
 1e-07 1 1 0
1  655 0 0 7.35204167114639
0

0101000
+2756 0 -2754 0 *
Ed
 1e-07 1 1 0
1  656 0 0 11.4726916042413
0

0101000
+2754 0 -2757 0 *
Wi

0101100
+2755 0 +2753 0 +2752 0 *
Fa
0  1e-07 208 0

0111000
+2751 0 *
Ve
1e-07
21.566561 19.298523 0
0 0

0101101
*
Ve
1e-07
14.863894 23.10445 0
0 0

0101101
*
Ed
 1e-07 1 1 0
1  657 0 0 7.70784180184168
0

0101000
+2749 0 -2748 0 *
Ve
1e-07
18.191538 28.969076 0
0 0

0101101
*
Ed
 1e-07 1 1 0
1  658 0 0 6.74292612376941
0

0101000
+2748 0 -2746 0 *
Ed
 1e-07 1 1 0
1  659 0 0 10.2425766082728
0

0101000
+2746 0 -2749 0 *
Wi

0101100
+2747 0 +2745 0 +2744 0 *
Fa
0  1e-07 209 0

0111000
+2743 0 *
Ve
1e-07
20.429569 37.090374 0
0 0

0101101
*
Ve
1e-07
18.835537 39.214424 0
0 0

0101101
*
Ed
 1e-07 1 1 0
1  660 0 0 2.65565931917556
0

0101000
+2741 0 -2740 0 *
Ve
1e-07
20.429569 39.28611 0
0 0

0101101
*
Ed
 1e-07 1 1 0
1  661 0 0 1.59564309907323
0

0101000
+2740 0 -2738 0 *
Ed
 1e-07 1 1 0
1  662 0 0 2.195736
0

0101000
+2738 0 -2741 0 *
Wi

0101100
+2739 0 +2737 0 +2736 0 *
Fa
0  1e-07 210 0

0111000
+2735 0 *
Ve
1e-07
27.994162 37.10281 0
0 0

0101101
*
Ve
1e-07
21.774458 36.087761 0
0 0

0101101
*
Ed
 1e-07 1 1 0
1  663 0 0 6.30198717231454
0

0101000
+2733 0 -2732 0 *
Ve
1e-07
21.52957 37.209091 0
0 0

0101101
*
Ed
 1e-07 1 1 0
1  664 0 0 1.14775916526247
0

0101000
+2732 0 -2730 0 *
Ed
 1e-07 1 1 0
1  665 0 0 6.46546559633759
0

0101000
+2730 0 -2733 0 *
Wi

0101100
+2731 0 +2729 0 +2728 0 *
Fa
0  1e-07 211 0

0111000
+2727 0 *
Ve
1e-07
21.52957 37.209091 0
0 0

0101101
*
Ve
1e-07
21.52957 39.28611 0
0 0

0101101
*
Ed
 1e-07 1 1 0
1  666 0 0 2.077019
0

0101000
+2725 0 -2724 0 *
Ve
1e-07
27.994162 40.229492 0
0 0

0101101
*
Ed
 1e-07 1 1 0
1  667 0 0 6.53306354816697
0

0101000
+2724 0 -2722 0 *
Ve
1e-07
27.994162 37.10281 0
0 0

0101101
*
Ed
 1e-07 1 1 0
1  668 0 0 3.126682
0

0101000
+2722 0 -2720 0 *
Ed
 1e-07 1 1 0
1  669 0 0 6.46546559633759
0

0101000
+2720 0 -2725 0 *
Wi

0101100
+2723 0 +2721 0 +2719 0 +2718 0 *
Fa
0  1e-07 212 0

0111000
+2717 0 *
Ve
1e-07
20.429569 37.090374 0
0 0

0101101
*
Ve
1e-07
18.835537 34.960293 0
0 0

0101101
*
Ed
 1e-07 1 1 0
1  670 0 0 2.66048549772123
0

0101000
+2715 0 -2714 0 *
Ve
1e-07
18.835537 39.214424 0
0 0

0101101
*
Ed
 1e-07 1 1 0
1  671 0 0 4.254131
0

0101000
+2714 0 -2712 0 *
Ed
 1e-07 1 1 0
1  672 0 0 2.65565931917556
0

0101000
+2712 0 -2715 0 *
Wi

0101100
+2713 0 +2711 0 +2710 0 *
Fa
0  1e-07 213 0

0111000
+2709 0 *
Ve
1e-07
18.866453 33.449608 0
0 0

0101101
*
Ve
1e-07
18.275782 34.960293 0
0 0

0101101
*
Ed
 1e-07 1 1 0
1  673 0 0 1.62205468448693
0

0101000
+2707 0 -2706 0 *
Ve
1e-07
18.835537 34.960293 0
0 0

0101101
*
Ed
 1e-07 1 1 0
1  674 0 0 0.559754999999999
0

0101000
+2706 0 -2704 0 *
Ed
 1e-07 1 1 0
1  675 0 0 1.51100131313014
0

0101000
+2704 0 -2707 0 *
Wi

0101100
+2705 0 +2703 0 +2702 0 *
Fa
0  1e-07 214 0

0111000
+2701 0 *
Ve
1e-07
18.835537 34.960293 0
0 0

0101101
*
Ve
1e-07
19.414833 33.561874 0
0 0

0101101
*
Ed
 1e-07 1 1 0
1  676 0 0 1.51365767436927
0

0101000
+2699 0 -2698 0 *
Ve
1e-07
18.866453 33.449608 0
0 0

0101101
*
Ed
 1e-07 1 1 0
1  677 0 0 0.559753766540256
0

0101000
+2698 0 -2696 0 *
Ed
 1e-07 1 1 0
1  678 0 0 1.51100131313014
0

0101000
+2696 0 -2699 0 *
Wi

0101100
+2697 0 +2695 0 +2694 0 *
Fa
0  1e-07 215 0

0111000
+2693 0 *
Ve
1e-07
19.414833 33.561874 0
0 0

0101101
*
Ve
1e-07
18.835537 34.960293 0
0 0

0101101
*
Ed
 1e-07 1 1 0
1  679 0 0 1.51365767436927
0

0101000
+2691 0 -2690 0 *
Ve
1e-07
20.699787 35.853062 0
0 0

0101101
*
Ed
 1e-07 1 1 0
1  680 0 0 2.06699408558927
0

0101000
+2690 0 -2688 0 *
Ed
 1e-07 1 1 0
1  681 0 0 2.62690868388301
0

0101000
+2688 0 -2691 0 *
Wi

0101100
+2689 0 +2687 0 +2686 0 *
Fa
0  1e-07 216 0

0111000
+2685 0 *
Ve
1e-07
18.191538 28.969076 0
0 0

0101101
*
Ve
1e-07
18.866453 33.449608 0
0 0

0101101
*
Ed
 1e-07 1 1 0
1  682 0 0 4.53107903928512
0

0101000
+2683 0 -2682 0 *
Ve
1e-07
19.719664 29.281914 0
0 0

0101101
*
Ed
 1e-07 1 1 0
1  683 0 0 4.25413237783652
0

0101000
+2682 0 -2680 0 *
Ed
 1e-07 1 1 0
1  684 0 0 1.55981944023018
0

0101000
+2680 0 -2683 0 *
Wi

0101100
+2681 0 +2679 0 +2678 0 *
Fa
0  1e-07 217 0

0111000
+2677 0 *
Ve
1e-07
21.748024 31.05324 0
0 0

0101101
*
Ve
1e-07
20.268045 29.394178 0
0 0

0101101
*
Ed
 1e-07 1 1 0
1  685 0 0 2.22324640116317
0

0101000
+2675 0 -2674 0 *
Ve
1e-07
19.414833 33.561874 0
0 0

0101101
*
Ed
 1e-07 1 1 0
1  686 0 0 4.25413453775971
0

0101000
+2674 0 -2672 0 *
Ed
 1e-07 1 1 0
1  687 0 0 3.42593414829255
0

0101000
+2672 0 -2675 0 *
Wi

0101100
+2673 0 +2671 0 +2670 0 *
Fa
0  1e-07 218 0

0111000
+2669 0 *
Ve
1e-07
21.774458 36.087761 0
0 0

0101101
*
Ve
1e-07
21.748024 31.05324 0
0 0

0101101
*
Ed
 1e-07 1 1 0
1  688 0 0 5.03459039602995
0

0101000
+2667 0 -2666 0 *
Ve
1e-07
20.699787 35.853062 0
0 0

0101101
*
Ed
 1e-07 1 1 0
1  689 0 0 4.91295145913869
0

0101000
+2666 0 -2664 0 *
Ed
 1e-07 1 1 0
1  690 0 0 1.10000062674618
0

0101000
+2664 0 -2667 0 *
Wi

0101100
+2665 0 +2663 0 +2662 0 *
Fa
0  1e-07 219 0

0111000
+2661 0 *
Ve
1e-07
20.268045 29.394178 0
0 0

0101101
*
Ve
1e-07
23.537453 22.859539 0
0 0

0101101
*
Ed
 1e-07 1 1 0
1  691 0 0 7.3068827505842
0

0101000
+2659 0 -2658 0 *
Ve
1e-07
19.719664 29.281914 0
0 0

0101101
*
Ed
 1e-07 1 1 0
1  692 0 0 7.47143985381305
0

0101000
+2658 0 -2656 0 *
Ed
 1e-07 1 1 0
1  693 0 0 0.559754345098811
0

0101000
+2656 0 -2659 0 *
Wi

0101100
+2657 0 +2655 0 +2654 0 *
Fa
0  1e-07 220 0

0111000
+2653 0 *
Ve
1e-07
20.268045 29.394178 0
0 0

0101101
*
Ve
1e-07
21.748024 31.05324 0
0 0

0101101
*
Ed
 1e-07 1 1 0
1  694 0 0 2.22324640116317
0

0101000
+2651 0 -2650 0 *
Ve
1e-07
22.258492 28.715834 0
0 0

0101101
*
Ed
 1e-07 1 1 0
1  695 0 0 2.39249752097259
0

0101000
+2650 0 -2648 0 *
Ed
 1e-07 1 1 0
1  696 0 0 2.10286229747575
0

0101000
+2648 0 -2651 0 *
Wi

0101100
+2649 0 +2647 0 +2646 0 *
Fa
0  1e-07 221 0

0111000
+2645 0 *
Ve
1e-07
20.699787 35.853062 0
0 0

0101101
*
Ve
1e-07
21.748024 31.05324 0
0 0

0101101
*
Ed
 1e-07 1 1 0
1  697 0 0 4.91295145913869
0

0101000
+2643 0 -2642 0 *
Ve
1e-07
19.414833 33.561874 0
0 0

0101101
*
Ed
 1e-07 1 1 0
1  698 0 0 3.42593414829255
0

0101000
+2642 0 -2640 0 *
Ed
 1e-07 1 1 0
1  699 0 0 2.62690868388301
0

0101000
+2640 0 -2643 0 *
Wi

0101100
+2641 0 +2639 0 +2638 0 *
Fa
0  1e-07 222 0

0111000
+2637 0 *
Ve
1e-07
18.835537 34.960293 0
0 0

0101101
*
Ve
1e-07
20.429569 37.090374 0
0 0

0101101
*
Ed
 1e-07 1 1 0
1  700 0 0 2.66048549772123
0

0101000
+2635 0 -2634 0 *
Ve
1e-07
20.699787 35.853062 0
0 0

0101101
*
Ed
 1e-07 1 1 0
1  701 0 0 1.26647493179612
0

0101000
+2634 0 -2632 0 *
Ed
 1e-07 1 1 0
1  702 0 0 2.06699408558927
0

0101000
+2632 0 -2635 0 *
Wi

0101100
+2633 0 +2631 0 +2630 0 *
Fa
0  1e-07 223 0

0111000
+2629 0 *
Ve
1e-07
18.191538 28.969076 0
0 0

0101101
*
Ve
1e-07
19.719664 29.281914 0
0 0

0101101
*
Ed
 1e-07 1 1 0
1  703 0 0 1.55981944023018
0

0101000
+2627 0 -2626 0 *
Ve
1e-07
21.566561 19.298523 0
0 0

0101101
*
Ed
 1e-07 1 1 0
1  704 0 0 10.1527889955169
0

0101000
+2626 0 -2624 0 *
Ed
 1e-07 1 1 0
1  705 0 0 10.2425766082728
0

0101000
+2624 0 -2627 0 *
Wi

0101100
+2625 0 +2623 0 +2622 0 *
Fa
0  1e-07 224 0

0111000
+2621 0 *
Ve
1e-07
21.748024 31.05324 0
0 0

0101101
*
Ve
1e-07
21.774458 36.087761 0
0 0

0101101
*
Ed
 1e-07 1 1 0
1  706 0 0 5.03459039602995
0

0101000
+2619 0 -2618 0 *
Ve
1e-07
22.822695 31.287937 0
0 0

0101101
*
Ed
 1e-07 1 1 0
1  707 0 0 4.91295341308515
0

0101000
+2618 0 -2616 0 *
Ed
 1e-07 1 1 0
1  708 0 0 1.10000020002271
0

0101000
+2616 0 -2619 0 *
Wi

0101100
+2617 0 +2615 0 +2614 0 *
Fa
0  1e-07 225 0

0111000
+2613 0 *
Ve
1e-07
21.774458 36.087761 0
0 0

0101101
*
Ve
1e-07
27.994162 35.342117 0
0 0

0101101
*
Ed
 1e-07 1 1 0
1  709 0 0 6.26424000357202
0

0101000
+2611 0 -2610 0 *
Ve
1e-07
22.822695 31.287937 0
0 0

0101101
*
Ed
 1e-07 1 1 0
1  710 0 0 6.57118302929457
0

0101000
+2610 0 -2608 0 *
Ed
 1e-07 1 1 0
1  711 0 0 4.91295341308515
0

0101000
+2608 0 -2611 0 *
Wi

0101100
+2609 0 +2607 0 +2606 0 *
Fa
0  1e-07 226 0

0111000
+2605 0 *
Ve
1e-07
27.994162 35.342117 0
0 0

0101101
*
Ve
1e-07
27.994162 37.10281 0
0 0

0101101
*
Ed
 1e-07 1 1 0
1  712 0 0 1.760693
0

0101000
+2603 0 -2602 0 *
Ve
1e-07
29.094162 37.10281 0
0 0

0101101
*
Ed
 1e-07 1 1 0
1  713 0 0 1.1
0

0101000
+2602 0 -2600 0 *
Ve
1e-07
29.094162 35.342117 0
0 0

0101101
*
Ed
 1e-07 1 1 0
1  714 0 0 1.760693
0

0101000
+2600 0 -2598 0 *
Ed
 1e-07 1 1 0
1  715 0 0 1.1
0

0101000
+2598 0 -2603 0 *
Wi

0101100
+2601 0 +2599 0 +2597 0 +2596 0 *
Fa
0  1e-07 227 0

0111000
+2595 0 *
Ve
1e-07
26.729017 29.580322 0
0 0

0101101
*
Ve
1e-07
22.822695 31.287937 0
0 0

0101101
*
Ed
 1e-07 1 1 0
1  716 0 0 4.263249999227
0

0101000
+2593 0 -2592 0 *
Ve
1e-07
26.884848 30.117947 0
0 0

0101101
*
Ed
 1e-07 1 1 0
1  717 0 0 4.22728797167983
0

0101000
+2592 0 -2590 0 *
Ed
 1e-07 1 1 0
1  718 0 0 0.559753464648503
0

0101000
+2590 0 -2593 0 *
Wi

0101100
+2591 0 +2589 0 +2588 0 *
Fa
0  1e-07 228 0

0111000
+2587 0 *
Ve
1e-07
22.822695 31.287937 0
0 0

0101101
*
Ve
1e-07
27.994162 32.437351 0
0 0

0101101
*
Ed
 1e-07 1 1 0
1  719 0 0 5.29766207637718
0

0101000
+2585 0 -2584 0 *
Ve
1e-07
26.884848 30.117947 0
0 0

0101101
*
Ed
 1e-07 1 1 0
1  720 0 0 2.57103334591599
0

0101000
+2584 0 -2582 0 *
Ed
 1e-07 1 1 0
1  721 0 0 4.22728797167983
0

0101000
+2582 0 -2585 0 *
Wi

0101100
+2583 0 +2581 0 +2580 0 *
Fa
0  1e-07 229 0

0111000
+2579 0 *
Ve
1e-07
27.994162 32.437351 0
0 0

0101101
*
Ve
1e-07
22.822695 31.287937 0
0 0

0101101
*
Ed
 1e-07 1 1 0
1  722 0 0 5.29766207637718
0

0101000
+2577 0 -2576 0 *
Ve
1e-07
27.994162 35.342117 0
0 0

0101101
*
Ed
 1e-07 1 1 0
1  723 0 0 6.57118302929457
0

0101000
+2576 0 -2574 0 *
Ed
 1e-07 1 1 0
1  724 0 0 2.904766
0

0101000
+2574 0 -2577 0 *
Wi

0101100
+2575 0 +2573 0 +2572 0 *
Fa
0  1e-07 230 0

0111000
+2571 0 *
Ve
1e-07
27.994162 37.10281 0
0 0

0101101
*
Ve
1e-07
27.994162 35.342117 0
0 0

0101101
*
Ed
 1e-07 1 1 0
1  725 0 0 1.760693
0

0101000
+2569 0 -2568 0 *
Ve
1e-07
21.774458 36.087761 0
0 0

0101101
*
Ed
 1e-07 1 1 0
1  726 0 0 6.26424000357202
0

0101000
+2568 0 -2566 0 *
Ed
 1e-07 1 1 0
1  727 0 0 6.30198717231454
0

0101000
+2566 0 -2569 0 *
Wi

0101100
+2567 0 +2565 0 +2564 0 *
Fa
0  1e-07 231 0

0111000
+2563 0 *
Ve
1e-07
29.094162 35.342117 0
0 0

0101101
*
Ve
1e-07
31.074316 32.63068 0
0 0

0101101
*
Ed
 1e-07 1 1 0
1  728 0 0 3.35751403104812
0

0101000
+2561 0 -2560 0 *
Ve
1e-07
29.094162 33.247021 0
0 0

0101101
*
Ed
 1e-07 1 1 0
1  729 0 0 2.07385778007967
0

0101000
+2560 0 -2558 0 *
Ed
 1e-07 1 1 0
1  730 0 0 2.09509600000001
0

0101000
+2558 0 -2561 0 *
Wi

0101100
+2559 0 +2557 0 +2556 0 *
Fa
0  1e-07 232 0

0111000
+2555 0 *
Ve
1e-07
30.747402 31.580383 0
0 0

0101101
*
Ve
1e-07
26.884848 30.117947 0
0 0

0101101
*
Ed
 1e-07 1 1 0
1  731 0 0 4.130138309671
0

0101000
+2553 0 -2552 0 *
Ve
1e-07
27.994162 32.437351 0
0 0

0101101
*
Ed
 1e-07 1 1 0
1  732 0 0 2.57103334591599
0

0101000
+2552 0 -2550 0 *
Ed
 1e-07 1 1 0
1  733 0 0 2.88352642620525
0

0101000
+2550 0 -2553 0 *
Wi

0101100
+2551 0 +2549 0 +2548 0 *
Fa
0  1e-07 233 0

0111000
+2547 0 *
Ve
1e-07
23.333162 28.950531 0
0 0

0101101
*
Ve
1e-07
23.537453 22.859539 0
0 0

0101101
*
Ed
 1e-07 1 1 0
1  734 0 0 6.09441698251318
0

0101000
+2545 0 -2544 0 *
Ve
1e-07
22.258492 28.715834 0
0 0

0101101
*
Ed
 1e-07 1 1 0
1  735 0 0 5.99432501342278
0

0101000
+2544 0 -2542 0 *
Ed
 1e-07 1 1 0
1  736 0 0 1.09999922304927
0

0101000
+2542 0 -2545 0 *
Wi

0101100
+2543 0 +2541 0 +2540 0 *
Fa
0  1e-07 234 0

0111000
+2539 0 *
Ve
1e-07
23.333162 28.950531 0
0 0

0101101
*
Ve
1e-07
25.612415 25.72798 0
0 0

0101101
*
Ed
 1e-07 1 1 0
1  737 0 0 3.94712923345689
0

0101000
+2537 0 -2536 0 *
Ve
1e-07
25.456585 25.190353 0
0 0

0101101
*
Ed
 1e-07 1 1 0
1  738 0 0 0.559755107193312
0

0101000
+2536 0 -2534 0 *
Ed
 1e-07 1 1 0
1  739 0 0 4.31831724501721
0

0101000
+2534 0 -2537 0 *
Wi

0101100
+2535 0 +2533 0 +2532 0 *
Fa
0  1e-07 235 0

0111000
+2531 0 *
Ve
1e-07
25.612415 25.72798 0
0 0

0101101
*
Ve
1e-07
23.333162 28.950531 0
0 0

0101101
*
Ed
 1e-07 1 1 0
1  740 0 0 3.94712923345689
0

0101000
+2529 0 -2528 0 *
Ve
1e-07
26.138947 27.544538 0
0 0

0101101
*
Ed
 1e-07 1 1 0
1  741 0 0 3.13835080611999
0

0101000
+2528 0 -2526 0 *
Ed
 1e-07 1 1 0
1  742 0 0 1.89132728907188
0

0101000
+2526 0 -2529 0 *
Wi

0101100
+2527 0 +2525 0 +2524 0 *
Fa
0  1e-07 236 0

0111000
+2523 0 *
Ve
1e-07
22.258492 28.715834 0
0 0

0101101
*
Ve
1e-07
23.537453 22.859539 0
0 0

0101101
*
Ed
 1e-07 1 1 0
1  743 0 0 5.99432501342278
0

0101000
+2521 0 -2520 0 *
Ve
1e-07
20.268045 29.394178 0
0 0

0101101
*
Ed
 1e-07 1 1 0
1  744 0 0 7.3068827505842
0

0101000
+2520 0 -2518 0 *
Ed
 1e-07 1 1 0
1  745 0 0 2.10286229747575
0

0101000
+2518 0 -2521 0 *
Wi

0101100
+2519 0 +2517 0 +2516 0 *
Fa
0  1e-07 237 0

0111000
+2515 0 *
Ve
1e-07
23.333162 28.950531 0
0 0

0101101
*
Ve
1e-07
26.294777 28.082165 0
0 0

0101101
*
Ed
 1e-07 1 1 0
1  746 0 0 3.086295986807
0

0101000
+2513 0 -2512 0 *
Ve
1e-07
26.138947 27.544538 0
0 0

0101101
*
Ed
 1e-07 1 1 0
1  747 0 0 0.559755107193315
0

0101000
+2512 0 -2510 0 *
Ed
 1e-07 1 1 0
1  748 0 0 3.13835080611999
0

0101000
+2510 0 -2513 0 *
Wi

0101100
+2511 0 +2509 0 +2508 0 *
Fa
0  1e-07 238 0

0111000
+2507 0 *
Ve
1e-07
25.612415 25.72798 0
0 0

0101101
*
Ve
1e-07
26.138947 27.544538 0
0 0

0101101
*
Ed
 1e-07 1 1 0
1  749 0 0 1.89132728907188
0

0101000
+2505 0 -2504 0 *
Ve
1e-07
30.720266 24.247469 0
0 0

0101101
*
Ed
 1e-07 1 1 0
1  750 0 0 5.644390823687
0

0101000
+2504 0 -2502 0 *
Ed
 1e-07 1 1 0
1  751 0 0 5.31808750015661
0

0101000
+2502 0 -2505 0 *
Wi

0101100
+2503 0 +2501 0 +2500 0 *
Fa
0  1e-07 239 0

0111000
+2499 0 *
Ve
1e-07
26.138947 27.544538 0
0 0

0101101
*
Ve
1e-07
31.246798 26.064028 0
0 0

0101101
*
Ed
 1e-07 1 1 0
1  752 0 0 5.31808722176507
0

0101000
+2497 0 -2496 0 *
Ve
1e-07
30.720266 24.247469 0
0 0

0101101
*
Ed
 1e-07 1 1 0
1  753 0 0 1.8913282495392
0

0101000
+2496 0 -2494 0 *
Ed
 1e-07 1 1 0
1  754 0 0 5.644390823687
0

0101000
+2494 0 -2497 0 *
Wi

0101100
+2495 0 +2493 0 +2492 0 *
Fa
0  1e-07 240 0

0111000
+2491 0 *
Ve
1e-07
31.402628 26.601654 0
0 0

0101101
*
Ve
1e-07
26.294777 28.082165 0
0 0

0101101
*
Ed
 1e-07 1 1 0
1  755 0 0 5.31808750015661
0

0101000
+2489 0 -2488 0 *
Ve
1e-07
26.729017 29.580322 0
0 0

0101101
*
Ed
 1e-07 1 1 0
1  756 0 0 1.55982010957963
0

0101000
+2488 0 -2486 0 *
Ed
 1e-07 1 1 0
1  757 0 0 5.54212078842973
0

0101000
+2486 0 -2489 0 *
Wi

0101100
+2487 0 +2485 0 +2484 0 *
Fa
0  1e-07 241 0

0111000
+2483 0 *
Ve
1e-07
26.729017 29.580322 0
0 0

0101101
*
Ve
1e-07
26.294777 28.082165 0
0 0

0101101
*
Ed
 1e-07 1 1 0
1  758 0 0 1.55982010957963
0

0101000
+2481 0 -2480 0 *
Ve
1e-07
23.333162 28.950531 0
0 0

0101101
*
Ed
 1e-07 1 1 0
1  759 0 0 3.086295986807
0

0101000
+2480 0 -2478 0 *
Ed
 1e-07 1 1 0
1  760 0 0 3.45376141108589
0

0101000
+2478 0 -2481 0 *
Wi

0101100
+2479 0 +2477 0 +2476 0 *
Fa
0  1e-07 242 0

0111000
+2475 0 *
Ve
1e-07
26.729017 29.580322 0
0 0

0101101
*
Ve
1e-07
23.333162 28.950531 0
0 0

0101101
*
Ed
 1e-07 1 1 0
1  761 0 0 3.45376141108589
0

0101000
+2473 0 -2472 0 *
Ve
1e-07
22.822695 31.287937 0
0 0

0101101
*
Ed
 1e-07 1 1 0
1  762 0 0 2.39249730761081
0

0101000
+2472 0 -2470 0 *
Ed
 1e-07 1 1 0
1  763 0 0 4.263249999227
0

0101000
+2470 0 -2473 0 *
Wi

0101100
+2471 0 +2469 0 +2468 0 *
Fa
0  1e-07 243 0

0111000
+2467 0 *
Ve
1e-07
29.094162 37.10281 0
0 0

0101101
*
Ve
1e-07
31.074316 32.63068 0
0 0

0101101
*
Ed
 1e-07 1 1 0
1  764 0 0 4.8909054990478
0

0101000
+2465 0 -2464 0 *
Ve
1e-07
29.094162 35.342117 0
0 0

0101101
*
Ed
 1e-07 1 1 0
1  765 0 0 3.35751403104812
0

0101000
+2464 0 -2462 0 *
Ed
 1e-07 1 1 0
1  766 0 0 1.760693
0

0101000
+2462 0 -2465 0 *
Wi

0101100
+2463 0 +2461 0 +2460 0 *
Fa
0  1e-07 244 0

0111000
+2459 0 *
Ve
1e-07
23.333162 28.950531 0
0 0

0101101
*
Ve
1e-07
25.456585 25.190353 0
0 0

0101101
*
Ed
 1e-07 1 1 0
1  767 0 0 4.31831724501721
0

0101000
+2457 0 -2456 0 *
Ve
1e-07
23.537453 22.859539 0
0 0

0101101
*
Ed
 1e-07 1 1 0
1  768 0 0 3.01923194472038
0

0101000
+2456 0 -2454 0 *
Ed
 1e-07 1 1 0
1  769 0 0 6.09441698251318
0

0101000
+2454 0 -2457 0 *
Wi

0101100
+2455 0 +2453 0 +2452 0 *
Fa
0  1e-07 245 0

0111000
+2451 0 *
Ve
1e-07
21.566561 19.298523 0
0 0

0101101
*
Ve
1e-07
21.41073 18.760897 0
0 0

0101101
*
Ed
 1e-07 1 1 0
1  770 0 0 0.55975442511605
0

0101000
+2449 0 -2448 0 *
Ve
1e-07
14.863894 23.10445 0
0 0

0101101
*
Ed
 1e-07 1 1 0
1  771 0 0 7.85668596004098
0

0101000
+2448 0 -2446 0 *
Ed
 1e-07 1 1 0
1  772 0 0 7.70784180184168
0

0101000
+2446 0 -2449 0 *
Wi

0101100
+2447 0 +2445 0 +2444 0 *
Fa
0  1e-07 246 0

0111000
+2443 0 *
Ve
1e-07
20.806286 16.675524 0
0 0

0101101
*
Ve
1e-07
17.587557 15.705888 0
0 0

0101101
*
Ed
 1e-07 1 1 0
1  773 0 0 3.36160829781475
0

0101000
+2441 0 -2440 0 *
Ve
1e-07
20.962116 17.21315 0
0 0

0101101
*
Ed
 1e-07 1 1 0
1  774 0 0 3.69587434595997
0

0101000
+2440 0 -2438 0 *
Ed
 1e-07 1 1 0
1  775 0 0 0.559754146725149
0

0101000
+2438 0 -2441 0 *
Wi

0101100
+2439 0 +2437 0 +2436 0 *
Fa
0  1e-07 247 0

0111000
+2435 0 *
Ve
1e-07
28.687559 17.234501 0
0 0

0101101
*
Ve
1e-07
21.566561 19.298523 0
0 0

0101101
*
Ed
 1e-07 1 1 0
1  776 0 0 7.41409464010866
0

0101000
+2433 0 -2432 0 *
Ve
1e-07
23.930914 21.057905 0
0 0

0101101
*
Ed
 1e-07 1 1 0
1  777 0 0 2.94713252680177
0

0101000
+2432 0 -2430 0 *
Ed
 1e-07 1 1 0
1  778 0 0 6.10279360647572
0

0101000
+2430 0 -2433 0 *
Wi

0101100
+2431 0 +2429 0 +2428 0 *
Fa
0  1e-07 248 0

0111000
+2427 0 *
Ve
1e-07
20.962116 17.21315 0
0 0

0101101
*
Ve
1e-07
17.587557 15.705888 0
0 0

0101101
*
Ed
 1e-07 1 1 0
1  779 0 0 3.69587434595997
0

0101000
+2425 0 -2424 0 *
Ve
1e-07
21.41073 18.760897 0
0 0

0101101
*
Ed
 1e-07 1 1 0
1  780 0 0 4.89384631736735
0

0101000
+2424 0 -2422 0 *
Ed
 1e-07 1 1 0
1  781 0 0 1.61145130146865
0

0101000
+2422 0 -2425 0 *
Wi

0101100
+2423 0 +2421 0 +2420 0 *
Fa
0  1e-07 249 0

0111000
+2419 0 *
Ve
1e-07
25.456585 25.190353 0
0 0

0101101
*
Ve
1e-07
24.612123 23.094238 0
0 0

0101101
*
Ed
 1e-07 1 1 0
1  782 0 0 2.25982613549561
0

0101000
+2417 0 -2416 0 *
Ve
1e-07
23.537453 22.859539 0
0 0

0101101
*
Ed
 1e-07 1 1 0
1  783 0 0 1.09999964977313
0

0101000
+2416 0 -2414 0 *
Ed
 1e-07 1 1 0
1  784 0 0 3.01923194472038
0

0101000
+2414 0 -2417 0 *
Wi

0101100
+2415 0 +2413 0 +2412 0 *
Fa
0  1e-07 250 0

0111000
+2411 0 *
Ve
1e-07
21.41073 18.760897 0
0 0

0101101
*
Ve
1e-07
28.531727 16.696875 0
0 0

0101101
*
Ed
 1e-07 1 1 0
1  785 0 0 7.41409367964102
0

0101000
+2409 0 -2408 0 *
Ve
1e-07
28.083113 15.149129 0
0 0

0101101
*
Ed
 1e-07 1 1 0
1  786 0 0 1.61145034100092
0

0101000
+2408 0 -2406 0 *
Ed
 1e-07 1 1 0
1  787 0 0 7.58719730760397
0

0101000
+2406 0 -2409 0 *
Wi

0101100
+2407 0 +2405 0 +2404 0 *
Fa
0  1e-07 251 0

0111000
+2403 0 *
Ve
1e-07
24.612123 23.094238 0
0 0

0101101
*
Ve
1e-07
25.456585 25.190353 0
0 0

0101101
*
Ed
 1e-07 1 1 0
1  788 0 0 2.25982613549561
0

0101000
+2401 0 -2400 0 *
Ve
1e-07
24.81661 22.157904 0
0 0

0101101
*
Ed
 1e-07 1 1 0
1  789 0 0 3.09924425275357
0

0101000
+2400 0 -2398 0 *
Ed
 1e-07 1 1 0
1  790 0 0 0.958402990774238
0

0101000
+2398 0 -2401 0 *
Wi

0101100
+2399 0 +2397 0 +2396 0 *
Fa
0  1e-07 252 0

0111000
+2395 0 *
Ve
1e-07
21.566561 19.298523 0
0 0

0101101
*
Ve
1e-07
23.537453 22.859539 0
0 0

0101101
*
Ed
 1e-07 1 1 0
1  791 0 0 4.07004302531558
0

0101000
+2393 0 -2392 0 *
Ve
1e-07
23.930914 21.057905 0
0 0

0101101
*
Ed
 1e-07 1 1 0
1  792 0 0 1.84409778170167
0

0101000
+2392 0 -2390 0 *
Ed
 1e-07 1 1 0
1  793 0 0 2.94713252680177
0

0101000
+2390 0 -2393 0 *
Wi

0101100
+2391 0 +2389 0 +2388 0 *
Fa
0  1e-07 253 0

0111000
+2387 0 *
Ve
1e-07
23.537453 22.859539 0
0 0

0101101
*
Ve
1e-07
21.566561 19.298523 0
0 0

0101101
*
Ed
 1e-07 1 1 0
1  794 0 0 4.07004302531558
0

0101000
+2385 0 -2384 0 *
Ve
1e-07
19.719664 29.281914 0
0 0

0101101
*
Ed
 1e-07 1 1 0
1  795 0 0 10.1527889955169
0

0101000
+2384 0 -2382 0 *
Ed
 1e-07 1 1 0
1  796 0 0 7.47143985381305
0

0101000
+2382 0 -2385 0 *
Wi

0101100
+2383 0 +2381 0 +2380 0 *
Fa
0  1e-07 254 0

0111000
+2379 0 *
Ve
1e-07
20.806286 16.675524 0
0 0

0101101
*
Ve
1e-07
27.927282 14.611503 0
0 0

0101101
*
Ed
 1e-07 1 1 0
1  797 0 0 7.41409244078174
0

0101000
+2377 0 -2376 0 *
Ve
1e-07
22.146601 14.408213 0
0 0

0101101
*
Ed
 1e-07 1 1 0
1  798 0 0 5.78425445912099
0

0101000
+2376 0 -2374 0 *
Ed
 1e-07 1 1 0
1  799 0 0 2.63384575667331
0

0101000
+2374 0 -2377 0 *
Wi

0101100
+2375 0 +2373 0 +2372 0 *
Fa
0  1e-07 255 0

0111000
+2371 0 *
Ve
1e-07
25.691545 7.955019 0
0 0

0101101
*
Ve
1e-07
15.89917 10.79334 0
0 0

0101101
*
Ed
 1e-07 1 1 0
1  800 0 0 10.1954241814486
0

0101000
+2369 0 -2368 0 *
Ve
1e-07
16.425701 12.6099 0
0 0

0101101
*
Ed
 1e-07 1 1 0
1  801 0 0 1.89132893161422
0

0101000
+2368 0 -2366 0 *
Ed
 1e-07 1 1 0
1  802 0 0 10.3693674906668
0

0101000
+2366 0 -2369 0 *
Wi

0101100
+2367 0 +2365 0 +2364 0 *
Fa
0  1e-07 256 0

0111000
+2363 0 *
Ve
1e-07
20.806286 16.675524 0
0 0

0101101
*
Ve
1e-07
22.146601 14.408213 0
0 0

0101101
*
Ed
 1e-07 1 1 0
1  803 0 0 2.63384575667331
0

0101000
+2361 0 -2360 0 *
Ve
1e-07
21.845461 13.350236 0
0 0

0101101
*
Ed
 1e-07 1 1 0
1  804 0 0 1.10000028733133
0

0101000
+2360 0 -2358 0 *
Ed
 1e-07 1 1 0
1  805 0 0 3.48388073325839
0

0101000
+2358 0 -2361 0 *
Wi

0101100
+2359 0 +2357 0 +2356 0 *
Fa
0  1e-07 257 0

0111000
+2355 0 *
Ve
1e-07
26.205263 5.547123 0
0 0

0101101
*
Ve
1e-07
25.535715 7.417393 0
0 0

0101101
*
Ed
 1e-07 1 1 0
1  806 0 0 1.98650557442057
0

0101000
+2353 0 -2352 0 *
Ve
1e-07
25.691545 7.955019 0
0 0

0101101
*
Ed
 1e-07 1 1 0
1  807 0 0 0.55975414672515
0

0101000
+2352 0 -2350 0 *
Ed
 1e-07 1 1 0
1  808 0 0 2.462086377514
0

0101000
+2350 0 -2353 0 *
Wi

0101100
+2351 0 +2349 0 +2348 0 *
Fa
0  1e-07 258 0

0111000
+2347 0 *
Ve
1e-07
15.74334 10.255713 0
0 0

0101101
*
Ve
1e-07
25.535715 7.417393 0
0 0

0101101
*
Ed
 1e-07 1 1 0
1  809 0 0 10.1954239030569
0

0101000
+2345 0 -2344 0 *
Ve
1e-07
26.205263 5.547123 0
0 0

0101101
*
Ed
 1e-07 1 1 0
1  810 0 0 1.98650557442057
0

0101000
+2344 0 -2342 0 *
Ed
 1e-07 1 1 0
1  811 0 0 11.4726916042413
0

0101000
+2342 0 -2345 0 *
Wi

0101100
+2343 0 +2341 0 +2340 0 *
Fa
0  1e-07 259 0

0111000
+2339 0 *
Ve
1e-07
26.218077 9.771579 0
0 0

0101101
*
Ve
1e-07
28.070192 7.991047 0
0 0

0101101
*
Ed
 1e-07 1 1 0
1  812 0 0 2.5691679929987
0

0101000
+2337 0 -2336 0 *
Ve
1e-07
25.691545 7.955019 0
0 0

0101101
*
Ed
 1e-07 1 1 0
1  813 0 0 2.37891983206517
0

0101000
+2336 0 -2334 0 *
Ed
 1e-07 1 1 0
1  814 0 0 1.89132921000655
0

0101000
+2334 0 -2337 0 *
Wi

0101100
+2335 0 +2333 0 +2332 0 *
Fa
0  1e-07 260 0

0111000
+2331 0 *
Ve
1e-07
25.691545 7.955019 0
0 0

0101101
*
Ve
1e-07
28.070192 7.356659 0
0 0

0101101
*
Ed
 1e-07 1 1 0
1  815 0 0 2.45275278823794
0

0101000
+2329 0 -2328 0 *
Ve
1e-07
26.205263 5.547123 0
0 0

0101101
*
Ed
 1e-07 1 1 0
1  816 0 0 2.59853433887971
0

0101000
+2328 0 -2326 0 *
Ed
 1e-07 1 1 0
1  817 0 0 2.462086377514
0

0101000
+2326 0 -2329 0 *
Wi

0101100
+2327 0 +2325 0 +2324 0 *
Fa
0  1e-07 261 0

0111000
+2323 0 *
Ve
1e-07
26.373907 10.309205 0
0 0

0101101
*
Ve
1e-07
25.864927 12.206145 0
0 0

0101101
*
Ed
 1e-07 1 1 0
1  818 0 0 1.96403716970937
0

0101000
+2321 0 -2320 0 *
Ve
1e-07
26.166067 13.264122 0
0 0

0101101
*
Ed
 1e-07 1 1 0
1  819 0 0 1.10000028733133
0

0101000
+2320 0 -2318 0 *
Ed
 1e-07 1 1 0
1  820 0 0 2.96221740297518
0

0101000
+2318 0 -2321 0 *
Wi

0101100
+2319 0 +2317 0 +2316 0 *
Fa
0  1e-07 262 0

0111000
+2315 0 *
Ve
1e-07
26.373907 10.309205 0
0 0

0101101
*
Ve
1e-07
21.845461 13.350236 0
0 0

0101101
*
Ed
 1e-07 1 1 0
1  821 0 0 5.45478622109767
0

0101000
+2313 0 -2312 0 *
Ve
1e-07
25.864927 12.206145 0
0 0

0101101
*
Ed
 1e-07 1 1 0
1  822 0 0 4.17912085748151
0

0101000
+2312 0 -2310 0 *
Ed
 1e-07 1 1 0
1  823 0 0 1.96403716970937
0

0101000
+2310 0 -2313 0 *
Wi

0101100
+2311 0 +2309 0 +2308 0 *
Fa
0  1e-07 263 0

0111000
+2307 0 *
Ve
1e-07
17.286417 14.647911 0
0 0

0101101
*
Ve
1e-07
20.806286 16.675524 0
0 0

0101101
*
Ed
 1e-07 1 1 0
1  824 0 0 4.06210441211572
0

0101000
+2305 0 -2304 0 *
Ve
1e-07
21.845461 13.350236 0
0 0

0101101
*
Ed
 1e-07 1 1 0
1  825 0 0 3.48388073325839
0

0101000
+2304 0 -2302 0 *
Ed
 1e-07 1 1 0
1  826 0 0 4.74013107409078
0

0101000
+2302 0 -2305 0 *
Wi

0101100
+2303 0 +2301 0 +2300 0 *
Fa
0  1e-07 264 0

0111000
+2299 0 *
Ve
1e-07
27.992434 21.057905 0
0 0

0101101
*
Ve
1e-07
28.687559 17.234501 0
0 0

0101101
*
Ed
 1e-07 1 1 0
1  827 0 0 3.88607989017738
0

0101000
+2297 0 -2296 0 *
Ve
1e-07
23.930914 21.057905 0
0 0

0101101
*
Ed
 1e-07 1 1 0
1  828 0 0 6.10279360647572
0

0101000
+2296 0 -2294 0 *
Ed
 1e-07 1 1 0
1  829 0 0 4.06152
0

0101000
+2294 0 -2297 0 *
Wi

0101100
+2295 0 +2293 0 +2292 0 *
Fa
0  1e-07 265 0

0111000
+2291 0 *
Ve
1e-07
21.41073 18.760897 0
0 0

0101101
*
Ve
1e-07
28.083113 15.149129 0
0 0

0101101
*
Ed
 1e-07 1 1 0
1  830 0 0 7.58719730760397
0

0101000
+2289 0 -2288 0 *
Ve
1e-07
20.962116 17.21315 0
0 0

0101101
*
Ed
 1e-07 1 1 0
1  831 0 0 7.41409340124941
0

0101000
+2288 0 -2286 0 *
Ed
 1e-07 1 1 0
1  832 0 0 1.61145130146865
0

0101000
+2286 0 -2289 0 *
Wi

0101100
+2287 0 +2285 0 +2284 0 *
Fa
0  1e-07 266 0

0111000
+2283 0 *
Ve
1e-07
28.531727 16.696875 0
0 0

0101101
*
Ve
1e-07
29.639433 14.954176 0
0 0

0101101
*
Ed
 1e-07 1 1 0
1  833 0 0 2.06494851922197
0

0101000
+2281 0 -2280 0 *
Ve
1e-07
28.083113 15.149129 0
0 0

0101101
*
Ed
 1e-07 1 1 0
1  834 0 0 1.56848290223674
0

0101000
+2280 0 -2278 0 *
Ed
 1e-07 1 1 0
1  835 0 0 1.61145034100092
0

0101000
+2278 0 -2281 0 *
Wi

0101100
+2279 0 +2277 0 +2276 0 *
Fa
0  1e-07 267 0

0111000
+2275 0 *
Ve
1e-07
30.564436 23.709843 0
0 0

0101101
*
Ve
1e-07
27.992434 21.057905 0
0 0

0101101
*
Ed
 1e-07 1 1 0
1  836 0 0 3.6943158289253
0

0101000
+2273 0 -2272 0 *
Ve
1e-07
27.992434 22.157904 0
0 0

0101101
*
Ed
 1e-07 1 1 0
1  837 0 0 1.099999
0

0101000
+2272 0 -2270 0 *
Ed
 1e-07 1 1 0
1  838 0 0 3.00394889232906
0

0101000
+2270 0 -2273 0 *
Wi

0101100
+2271 0 +2269 0 +2268 0 *
Fa
0  1e-07 268 0

0111000
+2267 0 *
Ve
1e-07
27.927282 14.611503 0
0 0

0101101
*
Ve
1e-07
26.166067 13.264122 0
0 0

0101101
*
Ed
 1e-07 1 1 0
1  839 0 0 2.21750171034568
0

0101000
+2265 0 -2264 0 *
Ve
1e-07
22.146601 14.408213 0
0 0

0101101
*
Ed
 1e-07 1 1 0
1  840 0 0 4.17912085748151
0

0101000
+2264 0 -2262 0 *
Ed
 1e-07 1 1 0
1  841 0 0 5.78425445912099
0

0101000
+2262 0 -2265 0 *
Wi

0101100
+2263 0 +2261 0 +2260 0 *
Fa
0  1e-07 269 0

0111000
+2259 0 *
Ve
1e-07
28.687559 17.234501 0
0 0

0101101
*
Ve
1e-07
27.992434 21.057905 0
0 0

0101101
*
Ed
 1e-07 1 1 0
1  842 0 0 3.88607989017738
0

0101000
+2257 0 -2256 0 *
Ve
1e-07
30.631287 17.042461 0
0 0

0101101
*
Ed
 1e-07 1 1 0
1  843 0 0 4.80492826926116
0

0101000
+2256 0 -2254 0 *
Ed
 1e-07 1 1 0
1  844 0 0 1.95319172115387
0

0101000
+2254 0 -2257 0 *
Wi

0101100
+2255 0 +2253 0 +2252 0 *
Fa
0  1e-07 270 0

0111000
+2251 0 *
Ve
1e-07
30.564436 23.709843 0
0 0

0101101
*
Ve
1e-07
30.631287 17.042461 0
0 0

0101101
*
Ed
 1e-07 1 1 0
1  845 0 0 6.66771713483146
0

0101000
+2249 0 -2248 0 *
Ve
1e-07
27.992434 21.057905 0
0 0

0101101
*
Ed
 1e-07 1 1 0
1  846 0 0 4.80492826926116
0

0101000
+2248 0 -2246 0 *
Ed
 1e-07 1 1 0
1  847 0 0 3.6943158289253
0

0101000
+2246 0 -2249 0 *
Wi

0101100
+2247 0 +2245 0 +2244 0 *
Fa
0  1e-07 271 0

0111000
+2243 0 *
Ve
1e-07
28.687559 17.234501 0
0 0

0101101
*
Ve
1e-07
30.631287 17.042461 0
0 0

0101101
*
Ed
 1e-07 1 1 0
1  848 0 0 1.95319172115387
0

0101000
+2241 0 -2240 0 *
Ve
1e-07
30.631287 16.408072 0
0 0

0101101
*
Ed
 1e-07 1 1 0
1  849 0 0 0.634388999999999
0

0101000
+2240 0 -2238 0 *
Ed
 1e-07 1 1 0
1  850 0 0 2.11212296754356
0

0101000
+2238 0 -2241 0 *
Wi

0101100
+2239 0 +2237 0 +2236 0 *
Fa
0  1e-07 272 0

0111000
+2235 0 *
Ve
1e-07
33.983551 21.057905 0
0 0

0101101
*
Ve
1e-07
30.631287 17.042461 0
0 0

0101101
*
Ed
 1e-07 1 1 0
1  851 0 0 5.2308187163036
0

0101000
+2233 0 -2232 0 *
Ve
1e-07
30.564436 23.709843 0
0 0

0101101
*
Ed
 1e-07 1 1 0
1  852 0 0 6.66771713483146
0

0101000
+2232 0 -2230 0 *
Ed
 1e-07 1 1 0
1  853 0 0 4.32702236405926
0

0101000
+2230 0 -2233 0 *
Wi

0101100
+2231 0 +2229 0 +2228 0 *
Fa
0  1e-07 273 0

0111000
+2227 0 *
Ve
1e-07
28.531727 16.696875 0
0 0

0101101
*
Ve
1e-07
28.687559 17.234501 0
0 0

0101101
*
Ed
 1e-07 1 1 0
1  854 0 0 0.559754703508602
0

0101000
+2225 0 -2224 0 *
Ve
1e-07
30.631287 16.408072 0
0 0

0101101
*
Ed
 1e-07 1 1 0
1  855 0 0 2.11212296754356
0

0101000
+2224 0 -2222 0 *
Ed
 1e-07 1 1 0
1  856 0 0 2.1193299333537
0

0101000
+2222 0 -2225 0 *
Wi

0101100
+2223 0 +2221 0 +2220 0 *
Fa
0  1e-07 274 0

0111000
+2219 0 *
Ve
1e-07
24.81661 22.157904 0
0 0

0101101
*
Ve
1e-07
25.456585 25.190353 0
0 0

0101101
*
Ed
 1e-07 1 1 0
1  857 0 0 3.09924425275357
0

0101000
+2217 0 -2216 0 *
Ve
1e-07
27.992434 22.157904 0
0 0

0101101
*
Ed
 1e-07 1 1 0
1  858 0 0 3.95300861223474
0

0101000
+2216 0 -2214 0 *
Ed
 1e-07 1 1 0
1  859 0 0 3.175824
0

0101000
+2214 0 -2217 0 *
Wi

0101100
+2215 0 +2213 0 +2212 0 *
Fa
0  1e-07 275 0

0111000
+2211 0 *
Ve
1e-07
30.631287 16.408072 0
0 0

0101101
*
Ve
1e-07
29.639433 14.954176 0
0 0

0101101
*
Ed
 1e-07 1 1 0
1  860 0 0 1.75999657276144
0

0101000
+2209 0 -2208 0 *
Ve
1e-07
28.531727 16.696875 0
0 0

0101101
*
Ed
 1e-07 1 1 0
1  861 0 0 2.06494851922197
0

0101000
+2208 0 -2206 0 *
Ed
 1e-07 1 1 0
1  862 0 0 2.1193299333537
0

0101000
+2206 0 -2209 0 *
Wi

0101100
+2207 0 +2205 0 +2204 0 *
Fa
0  1e-07 276 0

0111000
+2203 0 *
Ve
1e-07
28.737888 9.595676 0
0 0

0101101
*
Ve
1e-07
28.070192 7.991047 0
0 0

0101101
*
Ed
 1e-07 1 1 0
1  863 0 0 1.73800235214369
0

0101000
+2201 0 -2200 0 *
Ve
1e-07
26.373907 10.309205 0
0 0

0101101
*
Ed
 1e-07 1 1 0
1  864 0 0 2.87249705207664
0

0101000
+2200 0 -2198 0 *
Ed
 1e-07 1 1 0
1  865 0 0 2.46931767948193
0

0101000
+2198 0 -2201 0 *
Wi

0101100
+2199 0 +2197 0 +2196 0 *
Fa
0  1e-07 277 0

0111000
+2195 0 *
Ve
1e-07
28.737888 10.230064 0
0 0

0101101
*
Ve
1e-07
26.166067 13.264122 0
0 0

0101101
*
Ed
 1e-07 1 1 0
1  866 0 0 3.97740759834908
0

0101000
+2193 0 -2192 0 *
Ve
1e-07
27.927282 14.611503 0
0 0

0101101
*
Ed
 1e-07 1 1 0
1  867 0 0 2.21750171034568
0

0101000
+2192 0 -2190 0 *
Ed
 1e-07 1 1 0
1  868 0 0 4.45579283606823
0

0101000
+2190 0 -2193 0 *
Wi

0101100
+2191 0 +2189 0 +2188 0 *
Fa
0  1e-07 278 0

0111000
+2187 0 *
Ve
1e-07
28.070192 7.991047 0
0 0

0101101
*
Ve
1e-07
28.070192 7.356659 0
0 0

0101101
*
Ed
 1e-07 1 1 0
1  869 0 0 0.634388
0

0101000
+2185 0 -2184 0 *
Ve
1e-07
25.691545 7.955019 0
0 0

0101101
*
Ed
 1e-07 1 1 0
1  870 0 0 2.45275278823794
0

0101000
+2184 0 -2182 0 *
Ed
 1e-07 1 1 0
1  871 0 0 2.37891983206517
0

0101000
+2182 0 -2185 0 *
Wi

0101100
+2183 0 +2181 0 +2180 0 *
Fa
0  1e-07 279 0

0111000
+2179 0 *
Ve
1e-07
34.11554 7.991047 0
0 0

0101101
*
Ve
1e-07
28.070192 7.991047 0
0 0

0101101
*
Ed
 1e-07 1 1 0
1  872 0 0 6.045348
0

0101000
+2177 0 -2176 0 *
Ve
1e-07
28.737888 9.595676 0
0 0

0101101
*
Ed
 1e-07 1 1 0
1  873 0 0 1.73800235214369
0

0101000
+2176 0 -2174 0 *
Ve
1e-07
34.11554 9.595676 0
0 0

0101101
*
Ed
 1e-07 1 1 0
1  874 0 0 5.377652
0

0101000
+2174 0 -2172 0 *
Ed
 1e-07 1 1 0
1  875 0 0 1.604629
0

0101000
+2172 0 -2177 0 *
Wi

0101100
+2175 0 +2173 0 +2171 0 +2170 0 *
Fa
0  1e-07 280 0

0111000
+2169 0 *
Ve
1e-07
26.373907 10.309205 0
0 0

0101101
*
Ve
1e-07
26.166067 13.264122 0
0 0

0101101
*
Ed
 1e-07 1 1 0
1  876 0 0 2.96221740297518
0

0101000
+2167 0 -2166 0 *
Ve
1e-07
28.737888 10.230064 0
0 0

0101101
*
Ed
 1e-07 1 1 0
1  877 0 0 3.97740759834908
0

0101000
+2166 0 -2164 0 *
Ed
 1e-07 1 1 0
1  878 0 0 2.36530536426949
0

0101000
+2164 0 -2167 0 *
Wi

0101100
+2165 0 +2163 0 +2162 0 *
Fa
0  1e-07 281 0

0111000
+2161 0 *
Ve
1e-07
26.373907 10.309205 0
0 0

0101101
*
Ve
1e-07
28.070192 7.991047 0
0 0

0101101
*
Ed
 1e-07 1 1 0
1  879 0 0 2.87249705207664
0

0101000
+2159 0 -2158 0 *
Ve
1e-07
26.218077 9.771579 0
0 0

0101101
*
Ed
 1e-07 1 1 0
1  880 0 0 2.5691679929987
0

0101000
+2158 0 -2156 0 *
Ed
 1e-07 1 1 0
1  881 0 0 0.55975414672515
0

0101000
+2156 0 -2159 0 *
Wi

0101100
+2157 0 +2155 0 +2154 0 *
Fa
0  1e-07 282 0

0111000
+2153 0 *
Ve
1e-07
27.927282 14.611503 0
0 0

0101101
*
Ve
1e-07
29.639433 14.319788 0
0 0

0101101
*
Ed
 1e-07 1 1 0
1  882 0 0 1.73682431121458
0

0101000
+2151 0 -2150 0 *
Ve
1e-07
28.737888 10.230064 0
0 0

0101101
*
Ed
 1e-07 1 1 0
1  883 0 0 4.18791425213089
0

0101000
+2150 0 -2148 0 *
Ed
 1e-07 1 1 0
1  884 0 0 4.45579283606823
0

0101000
+2148 0 -2151 0 *
Wi

0101100
+2149 0 +2147 0 +2146 0 *
Fa
0  1e-07 283 0

0111000
+2145 0 *
Ve
1e-07
35.017082 14.954176 0
0 0

0101101
*
Ve
1e-07
29.639433 14.954176 0
0 0

0101101
*
Ed
 1e-07 1 1 0
1  885 0 0 5.377649
0

0101000
+2143 0 -2142 0 *
Ve
1e-07
30.631287 16.408072 0
0 0

0101101
*
Ed
 1e-07 1 1 0
1  886 0 0 1.75999657276144
0

0101000
+2142 0 -2140 0 *
Ve
1e-07
35.017082 16.408072 0
0 0

0101101
*
Ed
 1e-07 1 1 0
1  887 0 0 4.385795
0

0101000
+2140 0 -2138 0 *
Ed
 1e-07 1 1 0
1  888 0 0 1.453896
0

0101000
+2138 0 -2143 0 *
Wi

0101100
+2141 0 +2139 0 +2137 0 +2136 0 *
Fa
0  1e-07 284 0

0111000
+2135 0 *
Ve
1e-07
26.373907 10.309205 0
0 0

0101101
*
Ve
1e-07
28.737888 10.230064 0
0 0

0101101
*
Ed
 1e-07 1 1 0
1  889 0 0 2.36530536426949
0

0101000
+2133 0 -2132 0 *
Ve
1e-07
28.737888 9.595676 0
0 0

0101101
*
Ed
 1e-07 1 1 0
1  890 0 0 0.634388000000001
0

0101000
+2132 0 -2130 0 *
Ed
 1e-07 1 1 0
1  891 0 0 2.46931767948193
0

0101000
+2130 0 -2133 0 *
Wi

0101100
+2131 0 +2129 0 +2128 0 *
Fa
0  1e-07 285 0

0111000
+2127 0 *
Ve
1e-07
32.032684 11.60568 0
0 0

0101101
*
Ve
1e-07
34.11554 10.230064 0
0 0

0101101
*
Ed
 1e-07 1 1 0
1  892 0 0 2.49611868631922
0

0101000
+2125 0 -2124 0 *
Ve
1e-07
28.737888 10.230064 0
0 0

0101101
*
Ed
 1e-07 1 1 0
1  893 0 0 5.377652
0

0101000
+2124 0 -2122 0 *
Ed
 1e-07 1 1 0
1  894 0 0 3.57043415582363
0

0101000
+2122 0 -2125 0 *
Wi

0101100
+2123 0 +2121 0 +2120 0 *
Fa
0  1e-07 286 0

0111000
+2119 0 *
Ve
1e-07
29.639433 14.319788 0
0 0

0101101
*
Ve
1e-07
32.032684 11.60568 0
0 0

0101101
*
Ed
 1e-07 1 1 0
1  895 0 0 3.61856775322295
0

0101000
+2117 0 -2116 0 *
Ve
1e-07
28.737888 10.230064 0
0 0

0101101
*
Ed
 1e-07 1 1 0
1  896 0 0 3.57043415582363
0

0101000
+2116 0 -2114 0 *
Ed
 1e-07 1 1 0
1  897 0 0 4.18791425213089
0

0101000
+2114 0 -2117 0 *
Wi

0101100
+2115 0 +2113 0 +2112 0 *
Fa
0  1e-07 287 0

0111000
+2111 0 *
Ve
1e-07
29.639433 14.319788 0
0 0

0101101
*
Ve
1e-07
27.927282 14.611503 0
0 0

0101101
*
Ed
 1e-07 1 1 0
1  898 0 0 1.73682431121458
0

0101000
+2109 0 -2108 0 *
Ve
1e-07
28.083113 15.149129 0
0 0

0101101
*
Ed
 1e-07 1 1 0
1  899 0 0 0.55975442511605
0

0101000
+2108 0 -2106 0 *
Ed
 1e-07 1 1 0
1  900 0 0 1.76350175409071
0

0101000
+2106 0 -2109 0 *
Wi

0101100
+2107 0 +2105 0 +2104 0 *
Fa
0  1e-07 288 0

0111000
+2103 0 *
Ve
1e-07
29.639433 14.319788 0
0 0

0101101
*
Ve
1e-07
28.083113 15.149129 0
0 0

0101101
*
Ed
 1e-07 1 1 0
1  901 0 0 1.76350175409071
0

0101000
+2101 0 -2100 0 *
Ve
1e-07
29.639433 14.954176 0
0 0

0101101
*
Ed
 1e-07 1 1 0
1  902 0 0 1.56848290223674
0

0101000
+2100 0 -2098 0 *
Ed
 1e-07 1 1 0
1  903 0 0 0.634388
0

0101000
+2098 0 -2101 0 *
Wi

0101100
+2099 0 +2097 0 +2096 0 *
Fa
0  1e-07 289 0

0111000
+2095 0 *
Ve
1e-07
25.456585 25.190353 0
0 0

0101101
*
Ve
1e-07
30.564436 23.709843 0
0 0

0101101
*
Ed
 1e-07 1 1 0
1  904 0 0 5.31808722176508
0

0101000
+2093 0 -2092 0 *
Ve
1e-07
27.992434 22.157904 0
0 0

0101101
*
Ed
 1e-07 1 1 0
1  905 0 0 3.00394889232906
0

0101000
+2092 0 -2090 0 *
Ed
 1e-07 1 1 0
1  906 0 0 3.95300861223474
0

0101000
+2090 0 -2093 0 *
Wi

0101100
+2091 0 +2089 0 +2088 0 *
Fa
0  1e-07 290 0

0111000
+2087 0 *
Ve
1e-07
34.11554 7.356659 0
0 0

0101101
*
Ve
1e-07
26.205263 5.547123 0
0 0

0101101
*
Ed
 1e-07 1 1 0
1  907 0 0 8.11461044980134
0

0101000
+2085 0 -2084 0 *
Ve
1e-07
28.070192 7.356659 0
0 0

0101101
*
Ed
 1e-07 1 1 0
1  908 0 0 2.59853433887971
0

0101000
+2084 0 -2082 0 *
Ed
 1e-07 1 1 0
1  909 0 0 6.045348
0

0101000
+2082 0 -2085 0 *
Wi

0101100
+2083 0 +2081 0 +2080 0 *
Fa
0  1e-07 291 0

0111000
+2079 0 *
Ve
1e-07
30.720266 24.247469 0
0 0

0101101
*
Ve
1e-07
33.983551 22.157904 0
0 0

0101101
*
Ed
 1e-07 1 1 0
1  910 0 0 3.87495946823318
0

0101000
+2077 0 -2076 0 *
Ve
1e-07
30.564436 23.709843 0
0 0

0101101
*
Ed
 1e-07 1 1 0
1  911 0 0 3.75484514233889
0

0101000
+2076 0 -2074 0 *
Ed
 1e-07 1 1 0
1  912 0 0 0.559754146725148
0

0101000
+2074 0 -2077 0 *
Wi

0101100
+2075 0 +2073 0 +2072 0 *
Fa
0  1e-07 292 0

0111000
+2071 0 *
Ve
1e-07
18.866453 33.449608 0
0 0

0101101
*
Ve
1e-07
17.338326 33.136772 0
0 0

0101101
*
Ed
 1e-07 1 1 0
1  913 0 0 1.55982001879223
0

0101000
+2069 0 -2068 0 *
Ve
1e-07
18.275782 34.960293 0
0 0

0101101
*
Ed
 1e-07 1 1 0
1  914 0 0 2.050378645367
0

0101000
+2068 0 -2066 0 *
Ed
 1e-07 1 1 0
1  915 0 0 1.62205468448693
0

0101000
+2066 0 -2069 0 *
Wi

0101100
+2067 0 +2065 0 +2064 0 *
Fa
0  1e-07 293 0

0111000
+2063 0 *
Ve
1e-07
32.330917 57.904514 0
0 0

0101101
*
Ve
1e-07
29.133223 46.635494 0
0 0

0101101
*
Ed
 1e-07 1 1 0
1  916 0 0 11.7139258439703
0

0101000
+2061 0 -2060 0 *
Ve
1e-07
31.196768 59.429089 0
0 0

0101101
*
Ed
 1e-07 1 1 0
1  917 0 0 12.9589463688623
0

0101000
+2060 0 -2058 0 *
Ed
 1e-07 1 1 0
1  918 0 0 1.90016390998935
0

0101000
+2058 0 -2061 0 *
Wi

0101100
+2059 0 +2057 0 +2056 0 *
Fa
0  1e-07 294 0

0111000
+2055 0 *
Ve
1e-07
35.83392 61.871212 0
0 0

0101101
*
Ve
1e-07
35.16312 60.506371 0
0 0

0101101
*
Ed
 1e-07 1 1 0
1  919 0 0 1.5207772996994
0

0101000
+2053 0 -2052 0 *
Ve
1e-07
29.909477 66.677261 0
0 0

0101101
*
Ed
 1e-07 1 1 0
1  920 0 0 8.10435982441235
0

0101000
+2052 0 -2050 0 *
Ed
 1e-07 1 1 0
1  921 0 0 7.62870446738173
0

0101000
+2050 0 -2053 0 *
Wi

0101100
+2051 0 +2049 0 +2048 0 *
Fa
0  1e-07 295 0

0111000
+2047 0 *
Ve
1e-07
38.594196 69.579727 0
0 0

0101101
*
Ve
1e-07
37.526615 66.586578 0
0 0

0101101
*
Ed
 1e-07 1 1 0
1  922 0 0 3.17784048179924
0

0101000
+2045 0 -2044 0 *
Ve
1e-07
34.503941 76.66111 0
0 0

0101101
*
Ed
 1e-07 1 1 0
1  923 0 0 10.5182105478689
0

0101000
+2044 0 -2042 0 *
Ed
 1e-07 1 1 0
1  924 0 0 8.17778522325659
0

0101000
+2042 0 -2045 0 *
Wi

0101100
+2043 0 +2041 0 +2040 0 *
Fa
0  1e-07 296 0

0111000
+2039 0 *
Ve
1e-07
35.16312 60.506371 0
0 0

0101101
*
Ve
1e-07
36.778774 59.668747 0
0 0

0101101
*
Ed
 1e-07 1 1 0
1  925 0 0 1.8198768675633
0

0101000
+2037 0 -2036 0 *
Ve
1e-07
35.16312 59.429089 0
0 0

0101101
*
Ed
 1e-07 1 1 0
1  926 0 0 1.63333211707846
0

0101000
+2036 0 -2034 0 *
Ed
 1e-07 1 1 0
1  927 0 0 1.077282
0

0101000
+2034 0 -2037 0 *
Wi

0101100
+2035 0 +2033 0 +2032 0 *
Fa
0  1e-07 297 0

0111000
+2031 0 *
Ve
1e-07
36.312302 57.904514 0
0 0

0101101
*
Ve
1e-07
32.330917 57.904514 0
0 0

0101101
*
Ed
 1e-07 1 1 0
1  928 0 0 3.981385
0

0101000
+2029 0 -2028 0 *
Ve
1e-07
31.196768 59.429089 0
0 0

0101101
*
Ed
 1e-07 1 1 0
1  929 0 0 1.90016390998935
0

0101000
+2028 0 -2026 0 *
Ve
1e-07
35.16312 59.429089 0
0 0

0101101
*
Ed
 1e-07 1 1 0
1  930 0 0 3.966352
0

0101000
+2026 0 -2024 0 *
Ed
 1e-07 1 1 0
1  931 0 0 1.9091747431152
0

0101000
+2024 0 -2029 0 *
Wi

0101100
+2027 0 +2025 0 +2023 0 +2022 0 *
Fa
0  1e-07 298 0

0111000
+2021 0 *
Ve
1e-07
30.738361 47.041019 0
0 0

0101101
*
Ve
1e-07
29.133223 46.635494 0
0 0

0101101
*
Ed
 1e-07 1 1 0
1  932 0 0 1.65557196299919
0

0101000
+2019 0 -2018 0 *
Ve
1e-07
32.330917 57.904514 0
0 0

0101101
*
Ed
 1e-07 1 1 0
1  933 0 0 11.7139258439703
0

0101000
+2018 0 -2016 0 *
Ed
 1e-07 1 1 0
1  934 0 0 10.97960646964
0

0101000
+2016 0 -2019 0 *
Wi

0101100
+2017 0 +2015 0 +2014 0 *
Fa
0  1e-07 299 0

0111000
+2013 0 *
Ve
1e-07
30.738361 47.041019 0
0 0

0101101
*
Ve
1e-07
34.884792 47.041019 0
0 0

0101101
*
Ed
 1e-07 1 1 0
1  935 0 0 4.146431
0

0101000
+2011 0 -2010 0 *
Ve
1e-07
34.884792 45.903481 0
0 0

0101101
*
Ed
 1e-07 1 1 0
1  936 0 0 1.137538
0

0101000
+2010 0 -2008 0 *
Ed
 1e-07 1 1 0
1  937 0 0 4.29963751253579
0

0101000
+2008 0 -2011 0 *
Wi

0101100
+2009 0 +2007 0 +2006 0 *
Fa
0  1e-07 300 0

0111000
+2005 0 *
Ve
1e-07
34.934769 41.020527 0
0 0

0101101
*
Ve
1e-07
30.738361 47.041019 0
0 0

0101101
*
Ed
 1e-07 1 1 0
1  938 0 0 7.33867590403936
0

0101000
+2003 0 -2002 0 *
Ve
1e-07
34.884792 45.903481 0
0 0

0101101
*
Ed
 1e-07 1 1 0
1  939 0 0 4.29963751253579
0

0101000
+2002 0 -2000 0 *
Ed
 1e-07 1 1 0
1  940 0 0 4.88320975042492
0

0101000
+2000 0 -2003 0 *
Wi

0101100
+2001 0 +1999 0 +1998 0 *
Fa
0  1e-07 301 0

0111000
+1997 0 *
Ve
1e-07
36.034771 41.020527 0
0 0

0101101
*
Ve
1e-07
34.934769 41.020527 0
0 0

0101101
*
Ed
 1e-07 1 1 0
1  941 0 0 1.100002
0

0101000
+1995 0 -1994 0 *
Ve
1e-07
34.884792 45.903481 0
0 0

0101101
*
Ed
 1e-07 1 1 0
1  942 0 0 4.88320975042492
0

0101000
+1994 0 -1992 0 *
Ve
1e-07
36.084793 45.903481 0
0 0

0101101
*
Ed
 1e-07 1 1 0
1  943 0 0 1.200001
0

0101000
+1992 0 -1990 0 *
Ed
 1e-07 1 1 0
1  944 0 0 4.8832102111828
0

0101000
+1990 0 -1995 0 *
Wi

0101100
+1993 0 +1991 0 +1989 0 +1988 0 *
Fa
0  1e-07 302 0

0111000
+1987 0 *
Ve
1e-07
36.034771 40.001289 0
0 0

0101101
*
Ve
1e-07
36.034771 41.020527 0
0 0

0101101
*
Ed
 1e-07 1 1 0
1  945 0 0 1.019238
0

0101000
+1985 0 -1984 0 *
Ve
1e-07
37.100075 40.001289 0
0 0

0101101
*
Ed
 1e-07 1 1 0
1  946 0 0 1.47435365942504
0

0101000
+1984 0 -1982 0 *
Ed
 1e-07 1 1 0
1  947 0 0 1.065304
0

0101000
+1982 0 -1985 0 *
Wi

0101100
+1983 0 +1981 0 +1980 0 *
Fa
0  1e-07 303 0

0111000
+1979 0 *
Ve
1e-07
36.084793 51.989315 0
0 0

0101101
*
Ve
1e-07
37.506718 49.202343 0
0 0

0101101
*
Ed
 1e-07 1 1 0
1  948 0 0 3.12875113014906
0

0101000
+1977 0 -1976 0 *
Ve
1e-07
36.084793 45.903481 0
0 0

0101101
*
Ed
 1e-07 1 1 0
1  949 0 0 3.59226407724557
0

0101000
+1976 0 -1974 0 *
Ed
 1e-07 1 1 0
1  950 0 0 6.085834
0

0101000
+1974 0 -1977 0 *
Wi

0101100
+1975 0 +1973 0 +1972 0 *
Fa
0  1e-07 304 0

0111000
+1971 0 *
Ve
1e-07
29.094162 40.229492 0
0 0

0101101
*
Ve
1e-07
34.934769 41.020527 0
0 0

0101101
*
Ed
 1e-07 1 1 0
1  951 0 0 5.89393132804192
0

0101000
+1969 0 -1968 0 *
Ve
1e-07
34.934769 38.901291 0
0 0

0101101
*
Ed
 1e-07 1 1 0
1  952 0 0 2.119236
0

0101000
+1968 0 -1966 0 *
Ed
 1e-07 1 1 0
1  953 0 0 5.98972520445221
0

0101000
+1966 0 -1969 0 *
Wi

0101100
+1967 0 +1965 0 +1964 0 *
Fa
0  1e-07 305 0

0111000
+1963 0 *
Ve
1e-07
35.83392 61.871212 0
0 0

0101101
*
Ve
1e-07
36.778774 59.668747 0
0 0

0101101
*
Ed
 1e-07 1 1 0
1  954 0 0 2.39658113936102
0

0101000
+1961 0 -1960 0 *
Ve
1e-07
35.16312 60.506371 0
0 0

0101101
*
Ed
 1e-07 1 1 0
1  955 0 0 1.8198768675633
0

0101000
+1960 0 -1958 0 *
Ed
 1e-07 1 1 0
1  956 0 0 1.5207772996994
0

0101000
+1958 0 -1961 0 *
Wi

0101100
+1959 0 +1957 0 +1956 0 *
Fa
0  1e-07 306 0

0111000
+1955 0 *
Ve
1e-07
39.128815 69.579727 0
0 0

0101101
*
Ve
1e-07
38.594196 69.579727 0
0 0

0101101
*
Ed
 1e-07 1 1 0
1  957 0 0 0.534619000000006
0

0101000
+1953 0 -1952 0 *
Ve
1e-07
37.004177 76.66111 0
0 0

0101101
*
Ed
 1e-07 1 1 0
1  958 0 0 7.25769561314401
0

0101000
+1952 0 -1950 0 *
Ed
 1e-07 1 1 0
1  959 0 0 7.39324501310033
0

0101000
+1950 0 -1953 0 *
Wi

0101100
+1951 0 +1949 0 +1948 0 *
Fa
0  1e-07 307 0

0111000
+1947 0 *
Ve
1e-07
38.594196 68.526924 0
0 0

0101101
*
Ve
1e-07
37.526615 66.586578 0
0 0

0101101
*
Ed
 1e-07 1 1 0
1  960 0 0 2.21464936079664
0

0101000
+1945 0 -1944 0 *
Ve
1e-07
38.594196 69.579727 0
0 0

0101101
*
Ed
 1e-07 1 1 0
1  961 0 0 3.17784048179924
0

0101000
+1944 0 -1942 0 *
Ed
 1e-07 1 1 0
1  962 0 0 1.05280300000001
0

0101000
+1942 0 -1945 0 *
Wi

0101100
+1943 0 +1941 0 +1940 0 *
Fa
0  1e-07 308 0

0111000
+1939 0 *
Ve
1e-07
37.526615 66.586578 0
0 0

0101101
*
Ve
1e-07
39.206078 67.037346 0
0 0

0101101
*
Ed
 1e-07 1 1 0
1  963 0 0 1.73890418315472
0

0101000
+1937 0 -1936 0 *
Ve
1e-07
36.778774 59.668747 0
0 0

0101101
*
Ed
 1e-07 1 1 0
1  964 0 0 7.7580961537749
0

0101000
+1936 0 -1934 0 *
Ed
 1e-07 1 1 0
1  965 0 0 6.95813566308117
0

0101000
+1934 0 -1937 0 *
Wi

0101100
+1935 0 +1933 0 +1932 0 *
Fa
0  1e-07 309 0

0111000
+1931 0 *
Ve
1e-07
38.594196 68.526924 0
0 0

0101101
*
Ve
1e-07
44.813046 68.526924 0
0 0

0101101
*
Ed
 1e-07 1 1 0
1  966 0 0 6.21885
0

0101000
+1929 0 -1928 0 *
Ve
1e-07
45.361031 67.037346 0
0 0

0101101
*
Ed
 1e-07 1 1 0
1  967 0 0 1.58717679491258
0

0101000
+1928 0 -1926 0 *
Ve
1e-07
39.206078 67.037346 0
0 0

0101101
*
Ed
 1e-07 1 1 0
1  968 0 0 6.154953
0

0101000
+1926 0 -1924 0 *
Ed
 1e-07 1 1 0
1  969 0 0 1.61035468143139
0

0101000
+1924 0 -1929 0 *
Wi

0101100
+1927 0 +1925 0 +1923 0 +1922 0 *
Fa
0  1e-07 310 0

0111000
+1921 0 *
Ve
1e-07
37.526615 66.586578 0
0 0

0101101
*
Ve
1e-07
38.594196 68.526924 0
0 0

0101101
*
Ed
 1e-07 1 1 0
1  970 0 0 2.21464936079664
0

0101000
+1919 0 -1918 0 *
Ve
1e-07
39.206078 67.037346 0
0 0

0101101
*
Ed
 1e-07 1 1 0
1  971 0 0 1.61035468143139
0

0101000
+1918 0 -1916 0 *
Ed
 1e-07 1 1 0
1  972 0 0 1.73890418315472
0

0101000
+1916 0 -1919 0 *
Wi

0101100
+1917 0 +1915 0 +1914 0 *
Fa
0  1e-07 311 0

0111000
+1913 0 *
Ve
1e-07
36.778774 59.668747 0
0 0

0101101
*
Ve
1e-07
36.312302 57.904514 0
0 0

0101101
*
Ed
 1e-07 1 1 0
1  973 0 0 1.82486005081842
0

0101000
+1911 0 -1910 0 *
Ve
1e-07
35.16312 59.429089 0
0 0

0101101
*
Ed
 1e-07 1 1 0
1  974 0 0 1.9091747431152
0

0101000
+1910 0 -1908 0 *
Ed
 1e-07 1 1 0
1  975 0 0 1.63333211707846
0

0101000
+1908 0 -1911 0 *
Wi

0101100
+1909 0 +1907 0 +1906 0 *
Fa
0  1e-07 312 0

0111000
+1905 0 *
Ve
1e-07
37.506718 49.202343 0
0 0

0101101
*
Ve
1e-07
36.084793 51.989315 0
0 0

0101101
*
Ed
 1e-07 1 1 0
1  976 0 0 3.12875113014906
0

0101000
+1903 0 -1902 0 *
Ve
1e-07
37.506718 51.989315 0
0 0

0101101
*
Ed
 1e-07 1 1 0
1  977 0 0 1.421925
0

0101000
+1902 0 -1900 0 *
Ed
 1e-07 1 1 0
1  978 0 0 2.786972
0

0101000
+1900 0 -1903 0 *
Wi

0101100
+1901 0 +1899 0 +1898 0 *
Fa
0  1e-07 313 0

0111000
+1897 0 *
Ve
1e-07
36.084793 45.903481 0
0 0

0101101
*
Ve
1e-07
37.506718 49.202343 0
0 0

0101101
*
Ed
 1e-07 1 1 0
1  979 0 0 3.59226407724557
0

0101000
+1895 0 -1894 0 *
Ve
1e-07
40.634949 49.202343 0
0 0

0101101
*
Ed
 1e-07 1 1 0
1  980 0 0 3.128231
0

0101000
+1894 0 -1892 0 *
Ed
 1e-07 1 1 0
1  981 0 0 5.62017883339845
0

0101000
+1892 0 -1895 0 *
Wi

0101100
+1893 0 +1891 0 +1890 0 *
Fa
0  1e-07 314 0

0111000
+1889 0 *
Ve
1e-07
36.084793 45.903481 0
0 0

0101101
*
Ve
1e-07
40.634949 49.202343 0
0 0

0101101
*
Ed
 1e-07 1 1 0
1  982 0 0 5.62017883339845
0

0101000
+1887 0 -1886 0 *
Ve
1e-07
42.080482 41.897411 0
0 0

0101101
*
Ed
 1e-07 1 1 0
1  983 0 0 7.44658291961575
0

0101000
+1886 0 -1884 0 *
Ed
 1e-07 1 1 0
1  984 0 0 7.21088645241492
0

0101000
+1884 0 -1887 0 *
Wi

0101100
+1885 0 +1883 0 +1882 0 *
Fa
0  1e-07 315 0

0111000
+1881 0 *
Ve
1e-07
40.634949 56.368839 0
0 0

0101101
*
Ve
1e-07
36.312302 57.904514 0
0 0

0101101
*
Ed
 1e-07 1 1 0
1  985 0 0 4.58732763079268
0

0101000
+1879 0 -1878 0 *
Ve
1e-07
36.778774 59.668747 0
0 0

0101101
*
Ed
 1e-07 1 1 0
1  986 0 0 1.82486005081842
0

0101000
+1878 0 -1876 0 *
Ed
 1e-07 1 1 0
1  987 0 0 5.07537963497205
0

0101000
+1876 0 -1879 0 *
Wi

0101100
+1877 0 +1875 0 +1874 0 *
Fa
0  1e-07 316 0

0111000
+1873 0 *
Ve
1e-07
37.526615 66.586578 0
0 0

0101101
*
Ve
1e-07
36.778774 59.668747 0
0 0

0101101
*
Ed
 1e-07 1 1 0
1  988 0 0 6.95813566308117
0

0101000
+1871 0 -1870 0 *
Ve
1e-07
35.83392 61.871212 0
0 0

0101101
*
Ed
 1e-07 1 1 0
1  989 0 0 2.39658113936102
0

0101000
+1870 0 -1868 0 *
Ed
 1e-07 1 1 0
1  990 0 0 5.00997932899738
0

0101000
+1868 0 -1871 0 *
Wi

0101100
+1869 0 +1867 0 +1866 0 *
Fa
0  1e-07 317 0

0111000
+1865 0 *
Ve
1e-07
37.100075 40.001289 0
0 0

0101101
*
Ve
1e-07
36.034771 41.020527 0
0 0

0101101
*
Ed
 1e-07 1 1 0
1  991 0 0 1.47435365942504
0

0101000
+1863 0 -1862 0 *
Ve
1e-07
36.084793 45.903481 0
0 0

0101101
*
Ed
 1e-07 1 1 0
1  992 0 0 4.8832102111828
0

0101000
+1862 0 -1860 0 *
Ed
 1e-07 1 1 0
1  993 0 0 5.98887868840136
0

0101000
+1860 0 -1863 0 *
Wi

0101100
+1861 0 +1859 0 +1858 0 *
Fa
0  1e-07 318 0

0111000
+1857 0 *
Ve
1e-07
42.458271 58.51482 0
0 0

0101101
*
Ve
1e-07
38.143398 60.295563 0
0 0

0101101
*
Ed
 1e-07 1 1 0
1  994 0 0 4.66788759913711
0

0101000
+1855 0 -1854 0 *
Ve
1e-07
40.001869 65.937347 0
0 0

0101101
*
Ed
 1e-07 1 1 0
1  995 0 0 5.94000346468729
0

0101000
+1854 0 -1852 0 *
Ed
 1e-07 1 1 0
1  996 0 0 7.81842809337869
0

0101000
+1852 0 -1855 0 *
Wi

0101100
+1853 0 +1851 0 +1850 0 *
Fa
0  1e-07 319 0

0111000
+1849 0 *
Ve
1e-07
38.594196 69.579727 0
0 0

0101101
*
Ve
1e-07
34.503941 76.66111 0
0 0

0101101
*
Ed
 1e-07 1 1 0
1  997 0 0 8.17778522325659
0

0101000
+1847 0 -1846 0 *
Ve
1e-07
37.004177 76.66111 0
0 0

0101101
*
Ed
 1e-07 1 1 0
1  998 0 0 2.500236
0

0101000
+1846 0 -1844 0 *
Ed
 1e-07 1 1 0
1  999 0 0 7.25769561314401
0

0101000
+1844 0 -1847 0 *
Wi

0101100
+1845 0 +1843 0 +1842 0 *
Fa
0  1e-07 320 0

0111000
+1841 0 *
Ve
1e-07
37.100075 40.001289 0
0 0

0101101
*
Ve
1e-07
36.084793 45.903481 0
0 0

0101101
*
Ed
 1e-07 1 1 0
1  1000 0 0 5.98887868840136
0

0101000
+1839 0 -1838 0 *
Ve
1e-07
42.080482 41.897411 0
0 0

0101101
*
Ed
 1e-07 1 1 0
1  1001 0 0 7.21088645241492
0

0101000
+1838 0 -1836 0 *
Ed
 1e-07 1 1 0
1  1002 0 0 5.3291399422921
0

0101000
+1836 0 -1839 0 *
Wi

0101100
+1837 0 +1835 0 +1834 0 *
Fa
0  1e-07 321 0

0111000
+1833 0 *
Ve
1e-07
31.992699 28.637436 0
0 0

0101101
*
Ve
1e-07
30.747402 31.580383 0
0 0

0101101
*
Ed
 1e-07 1 1 0
1  1003 0 0 3.19557532582444
0

0101000
+1831 0 -1830 0 *
Ve
1e-07
31.074316 32.63068 0
0 0

0101101
*
Ed
 1e-07 1 1 0
1  1004 0 0 1.09999843254661
0

0101000
+1830 0 -1828 0 *
Ed
 1e-07 1 1 0
1  1005 0 0 4.09749008274883
0

0101000
+1828 0 -1831 0 *
Wi

0101100
+1829 0 +1827 0 +1826 0 *
Fa
0  1e-07 322 0

0111000
+1825 0 *
Ve
1e-07
31.992699 28.637436 0
0 0

0101101
*
Ve
1e-07
34.3554 27.554979 0
0 0

0101101
*
Ed
 1e-07 1 1 0
1  1006 0 0 2.59885920593056
0

0101000
+1823 0 -1822 0 *
Ve
1e-07
31.836868 28.099812 0
0 0

0101101
*
Ed
 1e-07 1 1 0
1  1007 0 0 2.57678994737891
0

0101000
+1822 0 -1820 0 *
Ed
 1e-07 1 1 0
1  1008 0 0 0.559752504181091
0

0101000
+1820 0 -1823 0 *
Wi

0101100
+1821 0 +1819 0 +1818 0 *
Fa
0  1e-07 323 0

0111000
+1817 0 *
Ve
1e-07
31.402628 26.601654 0
0 0

0101101
*
Ve
1e-07
26.729017 29.580322 0
0 0

0101101
*
Ed
 1e-07 1 1 0
1  1009 0 0 5.54212078842973
0

0101000
+1815 0 -1814 0 *
Ve
1e-07
31.836868 28.099812 0
0 0

0101101
*
Ed
 1e-07 1 1 0
1  1010 0 0 5.31808722176508
0

0101000
+1814 0 -1812 0 *
Ed
 1e-07 1 1 0
1  1011 0 0 1.55982107004746
0

0101000
+1812 0 -1815 0 *
Wi

0101100
+1813 0 +1811 0 +1810 0 *
Fa
0  1e-07 324 0

0111000
+1809 0 *
Ve
1e-07
31.992699 28.637436 0
0 0

0101101
*
Ve
1e-07
31.074316 32.63068 0
0 0

0101101
*
Ed
 1e-07 1 1 0
1  1012 0 0 4.09749008274883
0

0101000
+1807 0 -1806 0 *
Ve
1e-07
35.459255 30.113779 0
0 0

0101101
*
Ed
 1e-07 1 1 0
1  1013 0 0 5.05593519316872
0

0101000
+1806 0 -1804 0 *
Ed
 1e-07 1 1 0
1  1014 0 0 3.76783746395528
0

0101000
+1804 0 -1807 0 *
Wi

0101100
+1805 0 +1803 0 +1802 0 *
Fa
0  1e-07 325 0

0111000
+1801 0 *
Ve
1e-07
35.786167 31.164078 0
0 0

0101101
*
Ve
1e-07
35.459255 30.113779 0
0 0

0101101
*
Ed
 1e-07 1 1 0
1  1015 0 0 1.09999974779315
0

0101000
+1799 0 -1798 0 *
Ve
1e-07
31.074316 32.63068 0
0 0

0101101
*
Ed
 1e-07 1 1 0
1  1016 0 0 5.05593519316872
0

0101000
+1798 0 -1796 0 *
Ed
 1e-07 1 1 0
1  1017 0 0 4.9348213009799
0

0101000
+1796 0 -1799 0 *
Wi

0101100
+1797 0 +1795 0 +1794 0 *
Fa
0  1e-07 326 0

0111000
+1793 0 *
Ve
1e-07
37.100075 38.901291 0
0 0

0101101
*
Ve
1e-07
35.786167 31.164078 0
0 0

0101101
*
Ed
 1e-07 1 1 0
1  1018 0 0 7.84798185776656
0

0101000
+1791 0 -1790 0 *
Ve
1e-07
34.934769 38.901291 0
0 0

0101101
*
Ed
 1e-07 1 1 0
1  1019 0 0 7.78391569595747
0

0101000
+1790 0 -1788 0 *
Ed
 1e-07 1 1 0
1  1020 0 0 2.16530599999999
0

0101000
+1788 0 -1791 0 *
Wi

0101100
+1789 0 +1787 0 +1786 0 *
Fa
0  1e-07 327 0

0111000
+1785 0 *
Ve
1e-07
39.733051 28.189367 0
0 0

0101101
*
Ve
1e-07
34.3554 28.189367 0
0 0

0101101
*
Ed
 1e-07 1 1 0
1  1021 0 0 5.377651
0

0101000
+1783 0 -1782 0 *
Ve
1e-07
36.582581 29.764135 0
0 0

0101101
*
Ed
 1e-07 1 1 0
1  1022 0 0 2.72767840123886
0

0101000
+1782 0 -1780 0 *
Ed
 1e-07 1 1 0
1  1023 0 0 3.52212371655569
0

0101000
+1780 0 -1783 0 *
Wi

0101100
+1781 0 +1779 0 +1778 0 *
Fa
0  1e-07 328 0

0111000
+1777 0 *
Ve
1e-07
35.459255 30.113779 0
0 0

0101101
*
Ve
1e-07
34.3554 28.189367 0
0 0

0101101
*
Ed
 1e-07 1 1 0
1  1024 0 0 2.21852595359374
0

0101000
+1775 0 -1774 0 *
Ve
1e-07
31.992699 28.637436 0
0 0

0101101
*
Ed
 1e-07 1 1 0
1  1025 0 0 2.40481222638318
0

0101000
+1774 0 -1772 0 *
Ed
 1e-07 1 1 0
1  1026 0 0 3.76783746395528
0

0101000
+1772 0 -1775 0 *
Wi

0101100
+1773 0 +1771 0 +1770 0 *
Fa
0  1e-07 329 0

0111000
+1769 0 *
Ve
1e-07
35.459255 30.113779 0
0 0

0101101
*
Ve
1e-07
36.582581 29.764135 0
0 0

0101101
*
Ed
 1e-07 1 1 0
1  1027 0 0 1.17648299138237
0

0101000
+1767 0 -1766 0 *
Ve
1e-07
34.3554 28.189367 0
0 0

0101101
*
Ed
 1e-07 1 1 0
1  1028 0 0 2.72767840123886
0

0101000
+1766 0 -1764 0 *
Ed
 1e-07 1 1 0
1  1029 0 0 2.21852595359374
0

0101000
+1764 0 -1767 0 *
Wi

0101100
+1765 0 +1763 0 +1762 0 *
Fa
0  1e-07 330 0

0111000
+1761 0 *
Ve
1e-07
34.934769 38.901291 0
0 0

0101101
*
Ve
1e-07
35.786167 31.164078 0
0 0

0101101
*
Ed
 1e-07 1 1 0
1  1030 0 0 7.78391569595747
0

0101000
+1759 0 -1758 0 *
Ve
1e-07
31.074316 32.63068 0
0 0

0101101
*
Ed
 1e-07 1 1 0
1  1031 0 0 4.9348213009799
0

0101000
+1758 0 -1756 0 *
Ed
 1e-07 1 1 0
1  1032 0 0 7.36367161669571
0

0101000
+1756 0 -1759 0 *
Wi

0101100
+1757 0 +1755 0 +1754 0 *
Fa
0  1e-07 331 0

0111000
+1753 0 *
Ve
1e-07
31.074316 32.63068 0
0 0

0101101
*
Ve
1e-07
29.094162 37.10281 0
0 0

0101101
*
Ed
 1e-07 1 1 0
1  1033 0 0 4.8909054990478
0

0101000
+1751 0 -1750 0 *
Ve
1e-07
34.934769 38.901291 0
0 0

0101101
*
Ed
 1e-07 1 1 0
1  1034 0 0 6.11123752081442
0

0101000
+1750 0 -1748 0 *
Ed
 1e-07 1 1 0
1  1035 0 0 7.36367161669571
0

0101000
+1748 0 -1751 0 *
Wi

0101100
+1749 0 +1747 0 +1746 0 *
Fa
0  1e-07 332 0

0111000
+1745 0 *
Ve
1e-07
34.3554 28.189367 0
0 0

0101101
*
Ve
1e-07
34.3554 27.554979 0
0 0

0101101
*
Ed
 1e-07 1 1 0
1  1036 0 0 0.634388000000001
0

0101000
+1743 0 -1742 0 *
Ve
1e-07
31.992699 28.637436 0
0 0

0101101
*
Ed
 1e-07 1 1 0
1  1037 0 0 2.59885920593056
0

0101000
+1742 0 -1740 0 *
Ed
 1e-07 1 1 0
1  1038 0 0 2.40481222638318
0

0101000
+1740 0 -1743 0 *
Wi

0101100
+1741 0 +1739 0 +1738 0 *
Fa
0  1e-07 333 0

0111000
+1737 0 *
Ve
1e-07
33.687702 25.95035 0
0 0

0101101
*
Ve
1e-07
31.246798 26.064028 0
0 0

0101101
*
Ed
 1e-07 1 1 0
1  1039 0 0 2.44354967719095
0

0101000
+1735 0 -1734 0 *
Ve
1e-07
31.402628 26.601654 0
0 0

0101101
*
Ed
 1e-07 1 1 0
1  1040 0 0 0.559754146725149
0

0101000
+1734 0 -1732 0 *
Ed
 1e-07 1 1 0
1  1041 0 0 2.37608082478101
0

0101000
+1732 0 -1735 0 *
Wi

0101100
+1733 0 +1731 0 +1730 0 *
Fa
0  1e-07 334 0

0111000
+1729 0 *
Ve
1e-07
31.246798 26.064028 0
0 0

0101101
*
Ve
1e-07
33.687702 25.95035 0
0 0

0101101
*
Ed
 1e-07 1 1 0
1  1042 0 0 2.44354967719095
0

0101000
+1727 0 -1726 0 *
Ve
1e-07
33.687702 25.315962 0
0 0

0101101
*
Ed
 1e-07 1 1 0
1  1043 0 0 0.634388000000001
0

0101000
+1726 0 -1724 0 *
Ed
 1e-07 1 1 0
1  1044 0 0 2.55296202039357
0

0101000
+1724 0 -1727 0 *
Wi

0101100
+1725 0 +1723 0 +1722 0 *
Fa
0  1e-07 335 0

0111000
+1721 0 *
Ve
1e-07
39.733051 25.95035 0
0 0

0101101
*
Ve
1e-07
33.687702 25.95035 0
0 0

0101101
*
Ed
 1e-07 1 1 0
1  1045 0 0 6.045349
0

0101000
+1719 0 -1718 0 *
Ve
1e-07
34.3554 27.554979 0
0 0

0101101
*
Ed
 1e-07 1 1 0
1  1046 0 0 1.73800312049346
0

0101000
+1718 0 -1716 0 *
Ve
1e-07
39.733051 27.554979 0
0 0

0101101
*
Ed
 1e-07 1 1 0
1  1047 0 0 5.377651
0

0101000
+1716 0 -1714 0 *
Ed
 1e-07 1 1 0
1  1048 0 0 1.604629
0

0101000
+1714 0 -1719 0 *
Wi

0101100
+1717 0 +1715 0 +1713 0 +1712 0 *
Fa
0  1e-07 336 0

0111000
+1711 0 *
Ve
1e-07
31.402628 26.601654 0
0 0

0101101
*
Ve
1e-07
31.836868 28.099812 0
0 0

0101101
*
Ed
 1e-07 1 1 0
1  1049 0 0 1.55982107004746
0

0101000
+1709 0 -1708 0 *
Ve
1e-07
33.687702 25.95035 0
0 0

0101101
*
Ed
 1e-07 1 1 0
1  1050 0 0 2.83650725100431
0

0101000
+1708 0 -1706 0 *
Ed
 1e-07 1 1 0
1  1051 0 0 2.37608082478101
0

0101000
+1706 0 -1709 0 *
Wi

0101100
+1707 0 +1705 0 +1704 0 *
Fa
0  1e-07 337 0

0111000
+1703 0 *
Ve
1e-07
30.720266 24.247469 0
0 0

0101101
*
Ve
1e-07
33.687702 25.315962 0
0 0

0101101
*
Ed
 1e-07 1 1 0
1  1052 0 0 3.15394256528952
0

0101000
+1701 0 -1700 0 *
Ve
1e-07
33.983551 22.157904 0
0 0

0101101
*
Ed
 1e-07 1 1 0
1  1053 0 0 3.17188539549666
0

0101000
+1700 0 -1698 0 *
Ed
 1e-07 1 1 0
1  1054 0 0 3.87495946823318
0

0101000
+1698 0 -1701 0 *
Wi

0101100
+1699 0 +1697 0 +1696 0 *
Fa
0  1e-07 338 0

0111000
+1695 0 *
Ve
1e-07
39.244114 22.157904 0
0 0

0101101
*
Ve
1e-07
33.983551 22.157904 0
0 0

0101101
*
Ed
 1e-07 1 1 0
1  1055 0 0 5.260563
0

0101000
+1693 0 -1692 0 *
Ve
1e-07
33.687702 25.315962 0
0 0

0101101
*
Ed
 1e-07 1 1 0
1  1056 0 0 3.17188539549666
0

0101000
+1692 0 -1690 0 *
Ve
1e-07
39.733051 25.315962 0
0 0

0101101
*
Ed
 1e-07 1 1 0
1  1057 0 0 6.045349
0

0101000
+1690 0 -1688 0 *
Ed
 1e-07 1 1 0
1  1058 0 0 3.19568298198257
0

0101000
+1688 0 -1693 0 *
Wi

0101100
+1691 0 +1689 0 +1687 0 +1686 0 *
Fa
0  1e-07 339 0

0111000
+1685 0 *
Ve
1e-07
36.39344 21.057905 0
0 0

0101101
*
Ve
1e-07
35.017082 17.042461 0
0 0

0101101
*
Ed
 1e-07 1 1 0
1  1059 0 0 4.2447793654441
0

0101000
+1683 0 -1682 0 *
Ve
1e-07
33.983551 21.057905 0
0 0

0101101
*
Ed
 1e-07 1 1 0
1  1060 0 0 4.14632088062381
0

0101000
+1682 0 -1680 0 *
Ed
 1e-07 1 1 0
1  1061 0 0 2.409889
0

0101000
+1680 0 -1683 0 *
Wi

0101100
+1681 0 +1679 0 +1678 0 *
Fa
0  1e-07 340 0

0111000
+1677 0 *
Ve
1e-07
33.983551 22.157904 0
0 0

0101101
*
Ve
1e-07
33.983551 21.057905 0
0 0

0101101
*
Ed
 1e-07 1 1 0
1  1062 0 0 1.099999
0

0101000
+1675 0 -1674 0 *
Ve
1e-07
30.564436 23.709843 0
0 0

0101101
*
Ed
 1e-07 1 1 0
1  1063 0 0 4.32702236405926
0

0101000
+1674 0 -1672 0 *
Ed
 1e-07 1 1 0
1  1064 0 0 3.75484514233889
0

0101000
+1672 0 -1675 0 *
Wi

0101100
+1673 0 +1671 0 +1670 0 *
Fa
0  1e-07 341 0

0111000
+1669 0 *
Ve
1e-07
33.687702 25.95035 0
0 0

0101101
*
Ve
1e-07
31.836868 28.099812 0
0 0

0101101
*
Ed
 1e-07 1 1 0
1  1065 0 0 2.83650725100431
0

0101000
+1667 0 -1666 0 *
Ve
1e-07
34.3554 27.554979 0
0 0

0101101
*
Ed
 1e-07 1 1 0
1  1066 0 0 2.57678994737891
0

0101000
+1666 0 -1664 0 *
Ed
 1e-07 1 1 0
1  1067 0 0 1.73800312049346
0

0101000
+1664 0 -1667 0 *
Wi

0101100
+1665 0 +1663 0 +1662 0 *
Fa
0  1e-07 342 0

0111000
+1661 0 *
Ve
1e-07
33.983551 21.057905 0
0 0

0101101
*
Ve
1e-07
35.017082 17.042461 0
0 0

0101101
*
Ed
 1e-07 1 1 0
1  1068 0 0 4.14632088062381
0

0101000
+1659 0 -1658 0 *
Ve
1e-07
30.631287 17.042461 0
0 0

0101101
*
Ed
 1e-07 1 1 0
1  1069 0 0 4.385795
0

0101000
+1658 0 -1656 0 *
Ed
 1e-07 1 1 0
1  1070 0 0 5.2308187163036
0

0101000
+1656 0 -1659 0 *
Wi

0101100
+1657 0 +1655 0 +1654 0 *
Fa
0  1e-07 343 0

0111000
+1653 0 *
Ve
1e-07
31.246798 26.064028 0
0 0

0101101
*
Ve
1e-07
33.687702 25.315962 0
0 0

0101101
*
Ed
 1e-07 1 1 0
1  1071 0 0 2.55296202039357
0

0101000
+1651 0 -1650 0 *
Ve
1e-07
30.720266 24.247469 0
0 0

0101101
*
Ed
 1e-07 1 1 0
1  1072 0 0 3.15394256528952
0

0101000
+1650 0 -1648 0 *
Ed
 1e-07 1 1 0
1  1073 0 0 1.8913282495392
0

0101000
+1648 0 -1651 0 *
Wi

0101100
+1649 0 +1647 0 +1646 0 *
Fa
0  1e-07 344 0

0111000
+1645 0 *
Ve
1e-07
37.100075 38.901291 0
0 0

0101101
*
Ve
1e-07
36.746056 30.865305 0
0 0

0101101
*
Ed
 1e-07 1 1 0
1  1074 0 0 8.04378023348208
0

0101000
+1643 0 -1642 0 *
Ve
1e-07
35.786167 31.164078 0
0 0

0101101
*
Ed
 1e-07 1 1 0
1  1075 0 0 1.00531199030451
0

0101000
+1642 0 -1640 0 *
Ed
 1e-07 1 1 0
1  1076 0 0 7.84798185776656
0

0101000
+1640 0 -1643 0 *
Wi

0101100
+1641 0 +1639 0 +1638 0 *
Fa
0  1e-07 345 0

0111000
+1637 0 *
Ve
1e-07
42.080482 41.897411 0
0 0

0101101
*
Ve
1e-07
39.985348 30.887959 0
0 0

0101101
*
Ed
 1e-07 1 1 0
1  1077 0 0 11.2070343899829
0

0101000
+1635 0 -1634 0 *
Ve
1e-07
37.100075 38.901291 0
0 0

0101101
*
Ed
 1e-07 1 1 0
1  1078 0 0 8.5169413539576
0

0101000
+1634 0 -1632 0 *
Ed
 1e-07 1 1 0
1  1079 0 0 5.81215871600639
0

0101000
+1632 0 -1635 0 *
Wi

0101100
+1633 0 +1631 0 +1630 0 *
Fa
0  1e-07 346 0

0111000
+1629 0 *
Ve
1e-07
36.746056 30.865305 0
0 0

0101101
*
Ve
1e-07
37.100075 38.901291 0
0 0

0101101
*
Ed
 1e-07 1 1 0
1  1080 0 0 8.04378023348208
0

0101000
+1627 0 -1626 0 *
Ve
1e-07
39.985348 30.887959 0
0 0

0101101
*
Ed
 1e-07 1 1 0
1  1081 0 0 8.5169413539576
0

0101000
+1626 0 -1624 0 *
Ed
 1e-07 1 1 0
1  1082 0 0 3.23937121444579
0

0101000
+1624 0 -1627 0 *
Wi

0101100
+1625 0 +1623 0 +1622 0 *
Fa
0  1e-07 347 0

0111000
+1621 0 *
Ve
1e-07
36.582581 29.764135 0
0 0

0101101
*
Ve
1e-07
39.993042 29.787985 0
0 0

0101101
*
Ed
 1e-07 1 1 0
1  1083 0 0 3.41054439276504
0

0101000
+1619 0 -1618 0 *
Ve
1e-07
39.733051 28.189367 0
0 0

0101101
*
Ed
 1e-07 1 1 0
1  1084 0 0 1.61962181696994
0

0101000
+1618 0 -1616 0 *
Ed
 1e-07 1 1 0
1  1085 0 0 3.52212371655569
0

0101000
+1616 0 -1619 0 *
Wi

0101100
+1617 0 +1615 0 +1614 0 *
Fa
0  1e-07 348 0

0111000
+1613 0 *
Ve
1e-07
41.929314 29.801525 0
0 0

0101101
*
Ve
1e-07
41.113777 28.189367 0
0 0

0101101
*
Ed
 1e-07 1 1 0
1  1086 0 0 1.80669699045883
0

0101000
+1611 0 -1610 0 *
Ve
1e-07
39.993042 29.787985 0
0 0

0101101
*
Ed
 1e-07 1 1 0
1  1087 0 0 1.95233871296683
0

0101000
+1610 0 -1608 0 *
Ed
 1e-07 1 1 0
1  1088 0 0 1.93631934080719
0

0101000
+1608 0 -1611 0 *
Wi

0101100
+1609 0 +1607 0 +1606 0 *
Fa
0  1e-07 349 0

0111000
+1605 0 *
Ve
1e-07
41.113777 28.189367 0
0 0

0101101
*
Ve
1e-07
41.113777 27.554979 0
0 0

0101101
*
Ed
 1e-07 1 1 0
1  1089 0 0 0.634388000000001
0

0101000
+1603 0 -1602 0 *
Ve
1e-07
39.733051 27.554979 0
0 0

0101101
*
Ed
 1e-07 1 1 0
1  1090 0 0 1.380726
0

0101000
+1602 0 -1600 0 *
Ve
1e-07
39.733051 28.189367 0
0 0

0101101
*
Ed
 1e-07 1 1 0
1  1091 0 0 0.634388000000001
0

0101000
+1600 0 -1598 0 *
Ed
 1e-07 1 1 0
1  1092 0 0 1.380726
0

0101000
+1598 0 -1603 0 *
Wi

0101100
+1601 0 +1599 0 +1597 0 +1596 0 *
Fa
0  1e-07 350 0

0111000
+1595 0 *
Ve
1e-07
39.993042 29.787985 0
0 0

0101101
*
Ve
1e-07
41.113777 28.189367 0
0 0

0101101
*
Ed
 1e-07 1 1 0
1  1093 0 0 1.95233871296683
0

0101000
+1593 0 -1592 0 *
Ve
1e-07
39.733051 28.189367 0
0 0

0101101
*
Ed
 1e-07 1 1 0
1  1094 0 0 1.380726
0

0101000
+1592 0 -1590 0 *
Ed
 1e-07 1 1 0
1  1095 0 0 1.61962181696994
0

0101000
+1590 0 -1593 0 *
Wi

0101100
+1591 0 +1589 0 +1588 0 *
Fa
0  1e-07 351 0

0111000
+1587 0 *
Ve
1e-07
37.100075 40.001289 0
0 0

0101101
*
Ve
1e-07
42.080482 41.897411 0
0 0

0101101
*
Ed
 1e-07 1 1 0
1  1096 0 0 5.3291399422921
0

0101000
+1585 0 -1584 0 *
Ve
1e-07
37.100075 38.901291 0
0 0

0101101
*
Ed
 1e-07 1 1 0
1  1097 0 0 5.81215871600639
0

0101000
+1584 0 -1582 0 *
Ed
 1e-07 1 1 0
1  1098 0 0 1.099998
0

0101000
+1582 0 -1585 0 *
Wi

0101100
+1583 0 +1581 0 +1580 0 *
Fa
0  1e-07 352 0

0111000
+1579 0 *
Ve
1e-07
41.921623 30.901499 0
0 0

0101101
*
Ve
1e-07
39.993042 29.787985 0
0 0

0101101
*
Ed
 1e-07 1 1 0
1  1099 0 0 2.22695713963179
0

0101000
+1577 0 -1576 0 *
Ve
1e-07
39.985348 30.887959 0
0 0

0101101
*
Ed
 1e-07 1 1 0
1  1100 0 0 1.10000090832326
0

0101000
+1576 0 -1574 0 *
Ed
 1e-07 1 1 0
1  1101 0 0 1.93632234073384
0

0101000
+1574 0 -1577 0 *
Wi

0101100
+1575 0 +1573 0 +1572 0 *
Fa
0  1e-07 353 0

0111000
+1571 0 *
Ve
1e-07
39.733051 25.95035 0
0 0

0101101
*
Ve
1e-07
39.733051 27.554979 0
0 0

0101101
*
Ed
 1e-07 1 1 0
1  1102 0 0 1.604629
0

0101000
+1569 0 -1568 0 *
Ve
1e-07
41.113777 27.554979 0
0 0

0101101
*
Ed
 1e-07 1 1 0
1  1103 0 0 1.380726
0

0101000
+1568 0 -1566 0 *
Ve
1e-07
41.113777 25.95035 0
0 0

0101101
*
Ed
 1e-07 1 1 0
1  1104 0 0 1.604629
0

0101000
+1566 0 -1564 0 *
Ed
 1e-07 1 1 0
1  1105 0 0 1.380726
0

0101000
+1564 0 -1569 0 *
Wi

0101100
+1567 0 +1565 0 +1563 0 +1562 0 *
Fa
0  1e-07 354 0

0111000
+1561 0 *
Ve
1e-07
39.733051 25.315962 0
0 0

0101101
*
Ve
1e-07
41.113777 25.315962 0
0 0

0101101
*
Ed
 1e-07 1 1 0
1  1106 0 0 1.380726
0

0101000
+1559 0 -1558 0 *
Ve
1e-07
39.244114 22.157904 0
0 0

0101101
*
Ed
 1e-07 1 1 0
1  1107 0 0 3.67000954561878
0

0101000
+1558 0 -1556 0 *
Ed
 1e-07 1 1 0
1  1108 0 0 3.19568298198257
0

0101000
+1556 0 -1559 0 *
Wi

0101100
+1557 0 +1555 0 +1554 0 *
Fa
0  1e-07 355 0

0111000
+1553 0 *
Ve
1e-07
39.733051 25.315962 0
0 0

0101101
*
Ve
1e-07
39.733051 25.95035 0
0 0

0101101
*
Ed
 1e-07 1 1 0
1  1109 0 0 0.634388000000001
0

0101000
+1551 0 -1550 0 *
Ve
1e-07
41.113777 25.95035 0
0 0

0101101
*
Ed
 1e-07 1 1 0
1  1110 0 0 1.380726
0

0101000
+1550 0 -1548 0 *
Ve
1e-07
41.113777 25.315962 0
0 0

0101101
*
Ed
 1e-07 1 1 0
1  1111 0 0 0.634388000000001
0

0101000
+1548 0 -1546 0 *
Ed
 1e-07 1 1 0
1  1112 0 0 1.380726
0

0101000
+1546 0 -1551 0 *
Wi

0101100
+1549 0 +1547 0 +1545 0 +1544 0 *
Fa
0  1e-07 356 0

0111000
+1543 0 *
Ve
1e-07
39.244114 22.157904 0
0 0

0101101
*
Ve
1e-07
41.113777 25.315962 0
0 0

0101101
*
Ed
 1e-07 1 1 0
1  1113 0 0 3.67000954561878
0

0101000
+1541 0 -1540 0 *
Ve
1e-07
43.446968 22.988689 0
0 0

0101101
*
Ed
 1e-07 1 1 0
1  1114 0 0 3.29544835477815
0

0101000
+1540 0 -1538 0 *
Ed
 1e-07 1 1 0
1  1115 0 0 4.28417850486426
0

0101000
+1538 0 -1541 0 *
Wi

0101100
+1539 0 +1537 0 +1536 0 *
Fa
0  1e-07 357 0

0111000
+1535 0 *
Ve
1e-07
41.929314 29.801525 0
0 0

0101101
*
Ve
1e-07
44.715981 29.821012 0
0 0

0101101
*
Ed
 1e-07 1 1 0
1  1116 0 0 2.78673513489496
0

0101000
+1533 0 -1532 0 *
Ve
1e-07
41.113777 28.189367 0
0 0

0101101
*
Ed
 1e-07 1 1 0
1  1117 0 0 3.95450870066573
0

0101000
+1532 0 -1530 0 *
Ed
 1e-07 1 1 0
1  1118 0 0 1.80669699045883
0

0101000
+1530 0 -1533 0 *
Wi

0101100
+1531 0 +1529 0 +1528 0 *
Fa
0  1e-07 358 0

0111000
+1527 0 *
Ve
1e-07
39.864361 21.054874 0
0 0

0101101
*
Ve
1e-07
41.054268 19.917027 0
0 0

0101101
*
Ed
 1e-07 1 1 0
1  1119 0 0 1.64638223510156
0

0101000
+1525 0 -1524 0 *
Ve
1e-07
41.054268 19.679045 0
0 0

0101101
*
Ed
 1e-07 1 1 0
1  1120 0 0 0.237982000000002
0

0101000
+1524 0 -1522 0 *
Ed
 1e-07 1 1 0
1  1121 0 0 1.8190063512506
0

0101000
+1522 0 -1525 0 *
Wi

0101100
+1523 0 +1521 0 +1520 0 *
Fa
0  1e-07 359 0

0111000
+1519 0 *
Ve
1e-07
42.080482 55.681034 0
0 0

0101101
*
Ve
1e-07
40.634949 49.202343 0
0 0

0101101
*
Ed
 1e-07 1 1 0
1  1122 0 0 6.63799689119918
0

0101000
+1517 0 -1516 0 *
Ve
1e-07
40.634949 56.368839 0
0 0

0101101
*
Ed
 1e-07 1 1 0
1  1123 0 0 7.166496
0

0101000
+1516 0 -1514 0 *
Ed
 1e-07 1 1 0
1  1124 0 0 1.60082521597894
0

0101000
+1514 0 -1517 0 *
Wi

0101100
+1515 0 +1513 0 +1512 0 *
Fa
0  1e-07 360 0

0111000
+1511 0 *
Ve
1e-07
29.133223 45.105499 0
0 0

0101101
*
Ve
1e-07
30.738361 47.041019 0
0 0

0101101
*
Ed
 1e-07 1 1 0
1  1125 0 0 2.51449908917144
0

0101000
+1509 0 -1508 0 *
Ve
1e-07
34.934769 41.020527 0
0 0

0101101
*
Ed
 1e-07 1 1 0
1  1126 0 0 7.33867590403936
0

0101000
+1508 0 -1506 0 *
Ed
 1e-07 1 1 0
1  1127 0 0 7.09541628312955
0

0101000
+1506 0 -1509 0 *
Wi

0101100
+1507 0 +1505 0 +1504 0 *
Fa
0  1e-07 361 0

0111000
+1503 0 *
Ve
1e-07
47.051407 67.342712 0
0 0

0101101
*
Ve
1e-07
45.361031 67.037346 0
0 0

0101101
*
Ed
 1e-07 1 1 0
1  1128 0 0 1.7177367130419
0

0101000
+1501 0 -1500 0 *
Ve
1e-07
44.813046 68.526924 0
0 0

0101101
*
Ed
 1e-07 1 1 0
1  1129 0 0 1.58717679491258
0

0101000
+1500 0 -1498 0 *
Ed
 1e-07 1 1 0
1  1130 0 0 2.5323147567522
0

0101000
+1498 0 -1501 0 *
Wi

0101100
+1499 0 +1497 0 +1496 0 *
Fa
0  1e-07 362 0

0111000
+1495 0 *
Ve
1e-07
51.689358 60.795712 0
0 0

0101101
*
Ve
1e-07
45.361031 67.037346 0
0 0

0101101
*
Ed
 1e-07 1 1 0
1  1131 0 0 8.88851605212507
0

0101000
+1493 0 -1492 0 *
Ve
1e-07
47.051407 67.342712 0
0 0

0101101
*
Ed
 1e-07 1 1 0
1  1132 0 0 1.7177367130419
0

0101000
+1492 0 -1490 0 *
Ed
 1e-07 1 1 0
1  1133 0 0 8.02332839153434
0

0101000
+1490 0 -1493 0 *
Wi

0101100
+1491 0 +1489 0 +1488 0 *
Fa
0  1e-07 363 0

0111000
+1487 0 *
Ve
1e-07
40.001869 65.937347 0
0 0

0101101
*
Ve
1e-07
44.909832 65.937347 0
0 0

0101101
*
Ed
 1e-07 1 1 0
1  1134 0 0 4.907963
0

0101000
+1485 0 -1484 0 *
Ve
1e-07
42.458271 58.51482 0
0 0

0101101
*
Ed
 1e-07 1 1 0
1  1135 0 0 7.8169084939284
0

0101000
+1484 0 -1482 0 *
Ed
 1e-07 1 1 0
1  1136 0 0 7.81842809337869
0

0101000
+1482 0 -1485 0 *
Wi

0101100
+1483 0 +1481 0 +1480 0 *
Fa
0  1e-07 364 0

0111000
+1479 0 *
Ve
1e-07
47.400227 80.71698 0
0 0

0101101
*
Ve
1e-07
57.969219 74.553024 0
0 0

0101101
*
Ed
 1e-07 1 1 0
1  1137 0 0 12.2351111750568
0

0101000
+1477 0 -1476 0 *
Ve
1e-07
38.005413 77.761108 0
0 0

0101101
*
Ed
 1e-07 1 1 0
1  1138 0 0 20.2199246525968
0

0101000
+1476 0 -1474 0 *
Ed
 1e-07 1 1 0
1  1139 0 0 9.84884304753508
0

0101000
+1474 0 -1477 0 *
Wi

0101100
+1475 0 +1473 0 +1472 0 *
Fa
0  1e-07 365 0

0111000
+1471 0 *
Ve
1e-07
50.589359 60.335625 0
0 0

0101101
*
Ve
1e-07
46.461029 58.51482 0
0 0

0101101
*
Ed
 1e-07 1 1 0
1  1140 0 0 4.51203273890217
0

0101000
+1469 0 -1468 0 *
Ve
1e-07
44.909832 65.937347 0
0 0

0101101
*
Ed
 1e-07 1 1 0
1  1141 0 0 7.58288330376632
0

0101000
+1468 0 -1466 0 *
Ed
 1e-07 1 1 0
1  1142 0 0 7.97723738577542
0

0101000
+1466 0 -1469 0 *
Wi

0101100
+1467 0 +1465 0 +1464 0 *
Fa
0  1e-07 366 0

0111000
+1463 0 *
Ve
1e-07
48.17374 75.013 0
0 0

0101101
*
Ve
1e-07
47.051407 67.342712 0
0 0

0101101
*
Ed
 1e-07 1 1 0
1  1143 0 0 7.75196422629987
0

0101000
+1461 0 -1460 0 *
Ve
1e-07
44.813046 68.526924 0
0 0

0101101
*
Ed
 1e-07 1 1 0
1  1144 0 0 2.5323147567522
0

0101000
+1460 0 -1458 0 *
Ed
 1e-07 1 1 0
1  1145 0 0 7.3050288185203
0

0101000
+1458 0 -1461 0 *
Wi

0101100
+1459 0 +1457 0 +1456 0 *
Fa
0  1e-07 367 0

0111000
+1455 0 *
Ve
1e-07
45.830521 75.389542 0
0 0

0101101
*
Ve
1e-07
48.17374 75.013 0
0 0

0101101
*
Ed
 1e-07 1 1 0
1  1146 0 0 2.37328025309381
0

0101000
+1453 0 -1452 0 *
Ve
1e-07
44.813046 68.526924 0
0 0

0101101
*
Ed
 1e-07 1 1 0
1  1147 0 0 7.3050288185203
0

0101000
+1452 0 -1450 0 *
Ed
 1e-07 1 1 0
1  1148 0 0 6.93763512946228
0

0101000
+1450 0 -1453 0 *
Wi

0101100
+1451 0 +1449 0 +1448 0 *
Fa
0  1e-07 368 0

0111000
+1447 0 *
Ve
1e-07
42.240208 57.414822 0
0 0

0101101
*
Ve
1e-07
45.361031 57.414822 0
0 0

0101101
*
Ed
 1e-07 1 1 0
1  1149 0 0 3.12082299999999
0

0101000
+1445 0 -1444 0 *
Ve
1e-07
45.361031 55.681034 0
0 0

0101101
*
Ed
 1e-07 1 1 0
1  1150 0 0 1.733788
0

0101000
+1444 0 -1442 0 *
Ve
1e-07
42.080482 55.681034 0
0 0

0101101
*
Ed
 1e-07 1 1 0
1  1151 0 0 3.28054899999999
0

0101000
+1442 0 -1440 0 *
Ed
 1e-07 1 1 0
1  1152 0 0 1.74112986994653
0

0101000
+1440 0 -1445 0 *
Wi

0101100
+1443 0 +1441 0 +1439 0 +1438 0 *
Fa
0  1e-07 369 0

0111000
+1437 0 *
Ve
1e-07
36.778774 59.668747 0
0 0

0101101
*
Ve
1e-07
42.240208 57.414822 0
0 0

0101101
*
Ed
 1e-07 1 1 0
1  1153 0 0 5.90825179236473
0

0101000
+1435 0 -1434 0 *
Ve
1e-07
40.634949 56.368839 0
0 0

0101101
*
Ed
 1e-07 1 1 0
1  1154 0 0 1.91596891764194
0

0101000
+1434 0 -1432 0 *
Ed
 1e-07 1 1 0
1  1155 0 0 5.07537963497205
0

0101000
+1432 0 -1435 0 *
Wi

0101100
+1433 0 +1431 0 +1430 0 *
Fa
0  1e-07 370 0

0111000
+1429 0 *
Ve
1e-07
48.450157 45.152752 0
0 0

0101101
*
Ve
1e-07
43.180481 41.897411 0
0 0

0101101
*
Ed
 1e-07 1 1 0
1  1156 0 0 6.19408832446366
0

0101000
+1427 0 -1426 0 *
Ve
1e-07
43.180481 54.581032 0
0 0

0101101
*
Ed
 1e-07 1 1 0
1  1157 0 0 12.683621
0

0101000
+1426 0 -1424 0 *
Ed
 1e-07 1 1 0
1  1158 0 0 10.8010161051346
0

0101000
+1424 0 -1427 0 *
Wi

0101100
+1425 0 +1423 0 +1422 0 *
Fa
0  1e-07 371 0

0111000
+1421 0 *
Ve
1e-07
40.634949 56.368839 0
0 0

0101101
*
Ve
1e-07
42.240208 57.414822 0
0 0

0101101
*
Ed
 1e-07 1 1 0
1  1159 0 0 1.91596891764194
0

0101000
+1419 0 -1418 0 *
Ve
1e-07
42.080482 55.681034 0
0 0

0101101
*
Ed
 1e-07 1 1 0
1  1160 0 0 1.74112986994653
0

0101000
+1418 0 -1416 0 *
Ed
 1e-07 1 1 0
1  1161 0 0 1.60082521597894
0

0101000
+1416 0 -1419 0 *
Wi

0101100
+1417 0 +1415 0 +1414 0 *
Fa
0  1e-07 372 0

0111000
+1413 0 *
Ve
1e-07
50.589359 60.335625 0
0 0

0101101
*
Ve
1e-07
46.461029 54.581032 0
0 0

0101101
*
Ed
 1e-07 1 1 0
1  1162 0 0 7.08226299882665
0

0101000
+1411 0 -1410 0 *
Ve
1e-07
46.461029 58.51482 0
0 0

0101101
*
Ed
 1e-07 1 1 0
1  1163 0 0 3.933788
0

0101000
+1410 0 -1408 0 *
Ed
 1e-07 1 1 0
1  1164 0 0 4.51203273890217
0

0101000
+1408 0 -1411 0 *
Wi

0101100
+1409 0 +1407 0 +1406 0 *
Fa
0  1e-07 373 0

0111000
+1405 0 *
Ve
1e-07
46.461029 58.51482 0
0 0

0101101
*
Ve
1e-07
42.458271 58.51482 0
0 0

0101101
*
Ed
 1e-07 1 1 0
1  1165 0 0 4.002758
0

0101000
+1403 0 -1402 0 *
Ve
1e-07
44.909832 65.937347 0
0 0

0101101
*
Ed
 1e-07 1 1 0
1  1166 0 0 7.8169084939284
0

0101000
+1402 0 -1400 0 *
Ed
 1e-07 1 1 0
1  1167 0 0 7.58288330376632
0

0101000
+1400 0 -1403 0 *
Wi

0101100
+1401 0 +1399 0 +1398 0 *
Fa
0  1e-07 374 0

0111000
+1397 0 *
Ve
1e-07
52.153805 62.310211 0
0 0

0101101
*
Ve
1e-07
51.689358 60.795712 0
0 0

0101101
*
Ed
 1e-07 1 1 0
1  1168 0 0 1.58411433830074
0

0101000
+1395 0 -1394 0 *
Ve
1e-07
47.051407 67.342712 0
0 0

0101101
*
Ed
 1e-07 1 1 0
1  1169 0 0 8.02332839153434
0

0101000
+1394 0 -1392 0 *
Ed
 1e-07 1 1 0
1  1170 0 0 7.16662624010804
0

0101000
+1392 0 -1395 0 *
Wi

0101100
+1393 0 +1391 0 +1390 0 *
Fa
0  1e-07 375 0

0111000
+1389 0 *
Ve
1e-07
51.689358 60.795712 0
0 0

0101101
*
Ve
1e-07
52.153805 62.310211 0
0 0

0101101
*
Ed
 1e-07 1 1 0
1  1171 0 0 1.58411433830074
0

0101000
+1387 0 -1386 0 *
Ve
1e-07
54.459064 62.310211 0
0 0

0101101
*
Ed
 1e-07 1 1 0
1  1172 0 0 2.305259
0

0101000
+1386 0 -1384 0 *
Ed
 1e-07 1 1 0
1  1173 0 0 3.15673542563152
0

0101000
+1384 0 -1387 0 *
Wi

0101100
+1385 0 +1383 0 +1382 0 *
Fa
0  1e-07 376 0

0111000
+1381 0 *
Ve
1e-07
54.459064 72.575478 0
0 0

0101101
*
Ve
1e-07
56.869221 72.575478 0
0 0

0101101
*
Ed
 1e-07 1 1 0
1  1174 0 0 2.41015700000001
0

0101000
+1379 0 -1378 0 *
Ve
1e-07
54.459064 62.310211 0
0 0

0101101
*
Ed
 1e-07 1 1 0
1  1175 0 0 10.544409103688
0

0101000
+1378 0 -1376 0 *
Ed
 1e-07 1 1 0
1  1176 0 0 10.265267
0

0101000
+1376 0 -1379 0 *
Wi

0101100
+1377 0 +1375 0 +1374 0 *
Fa
0  1e-07 377 0

0111000
+1373 0 *
Ve
1e-07
57.969219 52.939789 0
0 0

0101101
*
Ve
1e-07
57.969219 74.553024 0
0 0

0101101
*
Ed
 1e-07 1 1 0
1  1177 0 0 21.613235
0

0101000
+1371 0 -1370 0 *
Ve
1e-07
60.915985 80.71698 0
0 0

0101101
*
Ed
 1e-07 1 1 0
1  1178 0 0 6.83211412585388
0

0101000
+1370 0 -1368 0 *
Ed
 1e-07 1 1 0
1  1179 0 0 27.9330587245514
0

0101000
+1368 0 -1371 0 *
Wi

0101100
+1369 0 +1367 0 +1366 0 *
Fa
0  1e-07 378 0

0111000
+1365 0 *
Ve
1e-07
57.969219 74.553024 0
0 0

0101101
*
Ve
1e-07
47.400227 80.71698 0
0 0

0101101
*
Ed
 1e-07 1 1 0
1  1180 0 0 12.2351111750568
0

0101000
+1363 0 -1362 0 *
Ve
1e-07
60.915985 80.71698 0
0 0

0101101
*
Ed
 1e-07 1 1 0
1  1181 0 0 13.515758
0

0101000
+1362 0 -1360 0 *
Ed
 1e-07 1 1 0
1  1182 0 0 6.83211412585388
0

0101000
+1360 0 -1363 0 *
Wi

0101100
+1361 0 +1359 0 +1358 0 *
Fa
0  1e-07 379 0

0111000
+1357 0 *
Ve
1e-07
56.869221 53.113174 0
0 0

0101101
*
Ve
1e-07
51.689358 60.795712 0
0 0

0101101
*
Ed
 1e-07 1 1 0
1  1183 0 0 9.26565544471696
0

0101000
+1355 0 -1354 0 *
Ve
1e-07
54.459064 62.310211 0
0 0

0101101
*
Ed
 1e-07 1 1 0
1  1184 0 0 3.15673542563152
0

0101000
+1354 0 -1352 0 *
Ed
 1e-07 1 1 0
1  1185 0 0 9.50759414068659
0

0101000
+1352 0 -1355 0 *
Wi

0101100
+1353 0 +1351 0 +1350 0 *
Fa
0  1e-07 380 0

0111000
+1349 0 *
Ve
1e-07
50.589359 50.999802 0
0 0

0101101
*
Ve
1e-07
50.443146 47.889561 0
0 0

0101101
*
Ed
 1e-07 1 1 0
1  1186 0 0 3.11367585330426
0

0101000
+1347 0 -1346 0 *
Ve
1e-07
49.391788 48.213055 0
0 0

0101101
*
Ed
 1e-07 1 1 0
1  1187 0 0 1.10000091463598
0

0101000
+1346 0 -1344 0 *
Ed
 1e-07 1 1 0
1  1188 0 0 3.03317245504604
0

0101000
+1344 0 -1347 0 *
Wi

0101100
+1345 0 +1343 0 +1342 0 *
Fa
0  1e-07 381 0

0111000
+1341 0 *
Ve
1e-07
48.370426 41.153225 0
0 0

0101101
*
Ve
1e-07
48.450157 45.152752 0
0 0

0101101
*
Ed
 1e-07 1 1 0
1  1189 0 0 4.00032164407939
0

0101000
+1339 0 -1338 0 *
Ve
1e-07
49.501514 44.829258 0
0 0

0101101
*
Ed
 1e-07 1 1 0
1  1190 0 0 1.09999995885682
0

0101000
+1338 0 -1336 0 *
Ed
 1e-07 1 1 0
1  1191 0 0 3.84611215135922
0

0101000
+1336 0 -1339 0 *
Wi

0101100
+1337 0 +1335 0 +1334 0 *
Fa
0  1e-07 382 0

0111000
+1333 0 *
Ve
1e-07
52.310394 39.011211 0
0 0

0101101
*
Ve
1e-07
49.501514 44.829258 0
0 0

0101101
*
Ed
 1e-07 1 1 0
1  1192 0 0 6.4606097040921
0

0101000
+1331 0 -1330 0 *
Ve
1e-07
50.443146 47.889561 0
0 0

0101101
*
Ed
 1e-07 1 1 0
1  1193 0 0 3.2018940137414
0

0101000
+1330 0 -1328 0 *
Ed
 1e-07 1 1 0
1  1194 0 0 9.07258032844041
0

0101000
+1328 0 -1331 0 *
Wi

0101100
+1329 0 +1327 0 +1326 0 *
Fa
0  1e-07 383 0

0111000
+1325 0 *
Ve
1e-07
49.391788 48.213055 0
0 0

0101101
*
Ve
1e-07
48.450157 45.152752 0
0 0

0101101
*
Ed
 1e-07 1 1 0
1  1195 0 0 3.2018937196556
0

0101000
+1323 0 -1322 0 *
Ve
1e-07
46.461029 54.581032 0
0 0

0101101
*
Ed
 1e-07 1 1 0
1  1196 0 0 9.6358234707151
0

0101000
+1322 0 -1320 0 *
Ed
 1e-07 1 1 0
1  1197 0 0 7.0100270604763
0

0101000
+1320 0 -1323 0 *
Wi

0101100
+1321 0 +1319 0 +1318 0 *
Fa
0  1e-07 384 0

0111000
+1317 0 *
Ve
1e-07
56.869221 72.575478 0
0 0

0101101
*
Ve
1e-07
56.869221 53.113174 0
0 0

0101101
*
Ed
 1e-07 1 1 0
1  1198 0 0 19.462304
0

0101000
+1315 0 -1314 0 *
Ve
1e-07
54.459064 62.310211 0
0 0

0101101
*
Ed
 1e-07 1 1 0
1  1199 0 0 9.50759414068659
0

0101000
+1314 0 -1312 0 *
Ed
 1e-07 1 1 0
1  1200 0 0 10.544409103688
0

0101000
+1312 0 -1315 0 *
Wi

0101100
+1313 0 +1311 0 +1310 0 *
Fa
0  1e-07 385 0

0111000
+1309 0 *
Ve
1e-07
50.443146 47.889561 0
0 0

0101101
*
Ve
1e-07
50.589359 50.999802 0
0 0

0101101
*
Ed
 1e-07 1 1 0
1  1201 0 0 3.11367585330426
0

0101000
+1307 0 -1306 0 *
Ve
1e-07
51.689358 50.999802 0
0 0

0101101
*
Ed
 1e-07 1 1 0
1  1202 0 0 1.099999
0

0101000
+1306 0 -1304 0 *
Ed
 1e-07 1 1 0
1  1203 0 0 3.35061836487312
0

0101000
+1304 0 -1307 0 *
Wi

0101100
+1305 0 +1303 0 +1302 0 *
Fa
0  1e-07 386 0

0111000
+1301 0 *
Ve
1e-07
56.869221 53.113174 0
0 0

0101101
*
Ve
1e-07
50.443146 47.889561 0
0 0

0101101
*
Ed
 1e-07 1 1 0
1  1204 0 0 8.28133882167576
0

0101000
+1299 0 -1298 0 *
Ve
1e-07
51.689358 50.999802 0
0 0

0101101
*
Ed
 1e-07 1 1 0
1  1205 0 0 3.35061836487312
0

0101000
+1298 0 -1296 0 *
Ed
 1e-07 1 1 0
1  1206 0 0 5.59440094283142
0

0101000
+1296 0 -1299 0 *
Wi

0101100
+1297 0 +1295 0 +1294 0 *
Fa
0  1e-07 387 0

0111000
+1293 0 *
Ve
1e-07
56.869221 53.113174 0
0 0

0101101
*
Ve
1e-07
51.689358 50.999802 0
0 0

0101101
*
Ed
 1e-07 1 1 0
1  1207 0 0 5.59440094283142
0

0101000
+1291 0 -1290 0 *
Ve
1e-07
51.689358 60.795712 0
0 0

0101101
*
Ed
 1e-07 1 1 0
1  1208 0 0 9.79591
0

0101000
+1290 0 -1288 0 *
Ed
 1e-07 1 1 0
1  1209 0 0 9.26565544471696
0

0101000
+1288 0 -1291 0 *
Wi

0101100
+1289 0 +1287 0 +1286 0 *
Fa
0  1e-07 388 0

0111000
+1285 0 *
Ve
1e-07
49.391788 48.213055 0
0 0

0101101
*
Ve
1e-07
46.461029 54.581032 0
0 0

0101101
*
Ed
 1e-07 1 1 0
1  1210 0 0 7.0100270604763
0

0101000
+1283 0 -1282 0 *
Ve
1e-07
50.589359 50.999802 0
0 0

0101101
*
Ed
 1e-07 1 1 0
1  1211 0 0 5.46519138748132
0

0101000
+1282 0 -1280 0 *
Ed
 1e-07 1 1 0
1  1212 0 0 3.03317245504604
0

0101000
+1280 0 -1283 0 *
Wi

0101100
+1281 0 +1279 0 +1278 0 *
Fa
0  1e-07 389 0

0111000
+1277 0 *
Ve
1e-07
57.969219 52.939789 0
0 0

0101101
*
Ve
1e-07
60.915985 43.529961 0
0 0

0101101
*
Ed
 1e-07 1 1 0
1  1213 0 0 9.86044080395699
0

0101000
+1275 0 -1274 0 *
Ve
1e-07
53.357059 38.672848 0
0 0

0101101
*
Ed
 1e-07 1 1 0
1  1214 0 0 8.98492676476804
0

0101000
+1274 0 -1272 0 *
Ed
 1e-07 1 1 0
1  1215 0 0 14.9939196130659
0

0101000
+1272 0 -1275 0 *
Wi

0101100
+1273 0 +1271 0 +1270 0 *
Fa
0  1e-07 390 0

0111000
+1269 0 *
Ve
1e-07
57.969219 52.939789 0
0 0

0101101
*
Ve
1e-07
60.915985 80.71698 0
0 0

0101101
*
Ed
 1e-07 1 1 0
1  1216 0 0 27.9330587245514
0

0101000
+1267 0 -1266 0 *
Ve
1e-07
60.915985 43.529961 0
0 0

0101101
*
Ed
 1e-07 1 1 0
1  1217 0 0 37.187019
0

0101000
+1266 0 -1264 0 *
Ed
 1e-07 1 1 0
1  1218 0 0 9.86044080395699
0

0101000
+1264 0 -1267 0 *
Wi

0101100
+1265 0 +1263 0 +1262 0 *
Fa
0  1e-07 391 0

0111000
+1261 0 *
Ve
1e-07
50.589359 50.999802 0
0 0

0101101
*
Ve
1e-07
46.461029 54.581032 0
0 0

0101101
*
Ed
 1e-07 1 1 0
1  1219 0 0 5.46519138748132
0

0101000
+1259 0 -1258 0 *
Ve
1e-07
50.589359 60.335625 0
0 0

0101101
*
Ed
 1e-07 1 1 0
1  1220 0 0 7.08226299882665
0

0101000
+1258 0 -1256 0 *
Ed
 1e-07 1 1 0
1  1221 0 0 9.335823
0

0101000
+1256 0 -1259 0 *
Wi

0101100
+1257 0 +1255 0 +1254 0 *
Fa
0  1e-07 392 0

0111000
+1253 0 *
Ve
1e-07
44.587067 32.798725 0
0 0

0101101
*
Ve
1e-07
41.921623 30.901499 0
0 0

0101101
*
Ed
 1e-07 1 1 0
1  1222 0 0 3.27170570379
0

0101000
+1251 0 -1250 0 *
Ve
1e-07
42.080482 41.897411 0
0 0

0101101
*
Ed
 1e-07 1 1 0
1  1223 0 0 10.9970594657674
0

0101000
+1250 0 -1248 0 *
Ed
 1e-07 1 1 0
1  1224 0 0 9.43764034538406
0

0101000
+1248 0 -1251 0 *
Wi

0101100
+1249 0 +1247 0 +1246 0 *
Fa
0  1e-07 393 0

0111000
+1245 0 *
Ve
1e-07
40.634949 49.202343 0
0 0

0101101
*
Ve
1e-07
42.080482 55.681034 0
0 0

0101101
*
Ed
 1e-07 1 1 0
1  1225 0 0 6.63799689119918
0

0101000
+1243 0 -1242 0 *
Ve
1e-07
42.080482 41.897411 0
0 0

0101101
*
Ed
 1e-07 1 1 0
1  1226 0 0 13.783623
0

0101000
+1242 0 -1240 0 *
Ed
 1e-07 1 1 0
1  1227 0 0 7.44658291961575
0

0101000
+1240 0 -1243 0 *
Wi

0101100
+1241 0 +1239 0 +1238 0 *
Fa
0  1e-07 394 0

0111000
+1237 0 *
Ve
1e-07
41.921623 30.901499 0
0 0

0101101
*
Ve
1e-07
44.587067 32.798725 0
0 0

0101101
*
Ed
 1e-07 1 1 0
1  1228 0 0 3.27170570379
0

0101000
+1235 0 -1234 0 *
Ve
1e-07
43.932053 30.915558 0
0 0

0101101
*
Ed
 1e-07 1 1 0
1  1229 0 0 1.99383080778811
0

0101000
+1234 0 -1232 0 *
Ed
 1e-07 1 1 0
1  1230 0 0 2.01047915691286
0

0101000
+1232 0 -1235 0 *
Wi

0101100
+1233 0 +1231 0 +1230 0 *
Fa
0  1e-07 395 0

0111000
+1229 0 *
Ve
1e-07
43.180481 41.897411 0
0 0

0101101
*
Ve
1e-07
44.587067 32.798725 0
0 0

0101101
*
Ed
 1e-07 1 1 0
1  1231 0 0 9.20676767937543
0

0101000
+1227 0 -1226 0 *
Ve
1e-07
42.080482 41.897411 0
0 0

0101101
*
Ed
 1e-07 1 1 0
1  1232 0 0 9.43764034538406
0

0101000
+1226 0 -1224 0 *
Ed
 1e-07 1 1 0
1  1233 0 0 1.099999
0

0101000
+1224 0 -1227 0 *
Wi

0101100
+1225 0 +1223 0 +1222 0 *
Fa
0  1e-07 396 0

0111000
+1221 0 *
Ve
1e-07
41.921623 30.901499 0
0 0

0101101
*
Ve
1e-07
41.929314 29.801525 0
0 0

0101101
*
Ed
 1e-07 1 1 0
1  1234 0 0 1.10000088734373
0

0101000
+1219 0 -1218 0 *
Ve
1e-07
39.993042 29.787985 0
0 0

0101101
*
Ed
 1e-07 1 1 0
1  1235 0 0 1.93631934080719
0

0101000
+1218 0 -1216 0 *
Ed
 1e-07 1 1 0
1  1236 0 0 2.22695713963179
0

0101000
+1216 0 -1219 0 *
Wi

0101100
+1217 0 +1215 0 +1214 0 *
Fa
0  1e-07 397 0

0111000
+1213 0 *
Ve
1e-07
45.626011 32.437351 0
0 0

0101101
*
Ve
1e-07
44.587067 32.798725 0
0 0

0101101
*
Ed
 1e-07 1 1 0
1  1237 0 0 1.09999809227653
0

0101000
+1211 0 -1210 0 *
Ve
1e-07
46.661694 39.340252 0
0 0

0101101
*
Ed
 1e-07 1 1 0
1  1238 0 0 6.8626272433273
0

0101000
+1210 0 -1208 0 *
Ed
 1e-07 1 1 0
1  1239 0 0 6.98016342876655
0

0101000
+1208 0 -1211 0 *
Wi

0101100
+1209 0 +1207 0 +1206 0 *
Fa
0  1e-07 398 0

0111000
+1205 0 *
Ve
1e-07
43.180481 41.897411 0
0 0

0101101
*
Ve
1e-07
46.661694 39.340252 0
0 0

0101101
*
Ed
 1e-07 1 1 0
1  1240 0 0 4.31947984167654
0

0101000
+1203 0 -1202 0 *
Ve
1e-07
44.587067 32.798725 0
0 0

0101101
*
Ed
 1e-07 1 1 0
1  1241 0 0 6.8626272433273
0

0101000
+1202 0 -1200 0 *
Ed
 1e-07 1 1 0
1  1242 0 0 9.20676767937543
0

0101000
+1200 0 -1203 0 *
Wi

0101100
+1201 0 +1199 0 +1198 0 *
Fa
0  1e-07 399 0

0111000
+1197 0 *
Ve
1e-07
48.315952 28.189367 0
0 0

0101101
*
Ve
1e-07
44.715981 29.821012 0
0 0

0101101
*
Ed
 1e-07 1 1 0
1  1243 0 0 3.9524747446209
0

0101000
+1195 0 -1194 0 *
Ve
1e-07
45.626011 32.437351 0
0 0

0101101
*
Ed
 1e-07 1 1 0
1  1244 0 0 2.77008742891285
0

0101000
+1194 0 -1192 0 *
Ed
 1e-07 1 1 0
1  1245 0 0 5.02803646046218
0

0101000
+1192 0 -1195 0 *
Wi

0101100
+1193 0 +1191 0 +1190 0 *
Fa
0  1e-07 400 0

0111000
+1189 0 *
Ve
1e-07
46.661694 39.340252 0
0 0

0101101
*
Ve
1e-07
43.180481 41.897411 0
0 0

0101101
*
Ed
 1e-07 1 1 0
1  1246 0 0 4.31947984167654
0

0101000
+1187 0 -1186 0 *
Ve
1e-07
47.319069 41.476719 0
0 0

0101101
*
Ed
 1e-07 1 1 0
1  1247 0 0 4.1599149501652
0

0101000
+1186 0 -1184 0 *
Ed
 1e-07 1 1 0
1  1248 0 0 2.23531499630679
0

0101000
+1184 0 -1187 0 *
Wi

0101100
+1185 0 +1183 0 +1182 0 *
Fa
0  1e-07 401 0

0111000
+1181 0 *
Ve
1e-07
47.159126 25.95035 0
0 0

0101101
*
Ve
1e-07
41.113777 25.95035 0
0 0

0101101
*
Ed
 1e-07 1 1 0
1  1249 0 0 6.045349
0

0101000
+1179 0 -1178 0 *
Ve
1e-07
41.113777 27.554979 0
0 0

0101101
*
Ed
 1e-07 1 1 0
1  1250 0 0 1.604629
0

0101000
+1178 0 -1176 0 *
Ve
1e-07
48.315952 27.554979 0
0 0

0101101
*
Ed
 1e-07 1 1 0
1  1251 0 0 7.202175
0

0101000
+1176 0 -1174 0 *
Ed
 1e-07 1 1 0
1  1252 0 0 1.97815080868901
0

0101000
+1174 0 -1179 0 *
Wi

0101100
+1177 0 +1175 0 +1173 0 +1172 0 *
Fa
0  1e-07 402 0

0111000
+1171 0 *
Ve
1e-07
41.113777 28.189367 0
0 0

0101101
*
Ve
1e-07
44.715981 29.821012 0
0 0

0101101
*
Ed
 1e-07 1 1 0
1  1253 0 0 3.95450870066573
0

0101000
+1169 0 -1168 0 *
Ve
1e-07
48.315952 28.189367 0
0 0

0101101
*
Ed
 1e-07 1 1 0
1  1254 0 0 3.9524747446209
0

0101000
+1168 0 -1166 0 *
Ed
 1e-07 1 1 0
1  1255 0 0 7.202175
0

0101000
+1166 0 -1169 0 *
Wi

0101100
+1167 0 +1165 0 +1164 0 *
Fa
0  1e-07 403 0

0111000
+1163 0 *
Ve
1e-07
39.864361 21.054874 0
0 0

0101101
*
Ve
1e-07
43.901985 21.054874 0
0 0

0101101
*
Ed
 1e-07 1 1 0
1  1256 0 0 4.037624
0

0101000
+1161 0 -1160 0 *
Ve
1e-07
43.830715 19.917027 0
0 0

0101101
*
Ed
 1e-07 1 1 0
1  1257 0 0 1.14007684315971
0

0101000
+1160 0 -1158 0 *
Ve
1e-07
41.054268 19.917027 0
0 0

0101101
*
Ed
 1e-07 1 1 0
1  1258 0 0 2.776447
0

0101000
+1158 0 -1156 0 *
Ed
 1e-07 1 1 0
1  1259 0 0 1.64638223510156
0

0101000
+1156 0 -1161 0 *
Wi

0101100
+1159 0 +1157 0 +1155 0 +1154 0 *
Fa
0  1e-07 404 0

0111000
+1153 0 *
Ve
1e-07
43.446968 22.988689 0
0 0

0101101
*
Ve
1e-07
44.242943 23.146032 0
0 0

0101101
*
Ed
 1e-07 1 1 0
1  1260 0 0 0.811377236724076
0

0101000
+1151 0 -1150 0 *
Ve
1e-07
43.901985 21.054874 0
0 0

0101101
*
Ed
 1e-07 1 1 0
1  1261 0 0 2.11877184678483
0

0101000
+1150 0 -1148 0 *
Ed
 1e-07 1 1 0
1  1262 0 0 1.98662551189549
0

0101000
+1148 0 -1151 0 *
Wi

0101100
+1149 0 +1147 0 +1146 0 *
Fa
0  1e-07 405 0

0111000
+1145 0 *
Ve
1e-07
41.113777 25.315962 0
0 0

0101101
*
Ve
1e-07
47.159126 25.315962 0
0 0

0101101
*
Ed
 1e-07 1 1 0
1  1263 0 0 6.045349
0

0101000
+1143 0 -1142 0 *
Ve
1e-07
44.242943 23.146032 0
0 0

0101101
*
Ed
 1e-07 1 1 0
1  1264 0 0 3.63493046623852
0

0101000
+1142 0 -1140 0 *
Ed
 1e-07 1 1 0
1  1265 0 0 3.80792280127315
0

0101000
+1140 0 -1143 0 *
Wi

0101100
+1141 0 +1139 0 +1138 0 *
Fa
0  1e-07 406 0

0111000
+1137 0 *
Ve
1e-07
48.315952 27.554979 0
0 0

0101101
*
Ve
1e-07
47.159126 25.315962 0
0 0

0101101
*
Ed
 1e-07 1 1 0
1  1266 0 0 2.52020703922614
0

0101000
+1135 0 -1134 0 *
Ve
1e-07
47.159126 25.95035 0
0 0

0101101
*
Ed
 1e-07 1 1 0
1  1267 0 0 0.634388000000001
0

0101000
+1134 0 -1132 0 *
Ed
 1e-07 1 1 0
1  1268 0 0 1.97815080868901
0

0101000
+1132 0 -1135 0 *
Wi

0101100
+1133 0 +1131 0 +1130 0 *
Fa
0  1e-07 407 0

0111000
+1129 0 *
Ve
1e-07
43.901985 21.054874 0
0 0

0101101
*
Ve
1e-07
44.242943 23.146032 0
0 0

0101101
*
Ed
 1e-07 1 1 0
1  1269 0 0 2.11877184678483
0

0101000
+1127 0 -1126 0 *
Ve
1e-07
44.697956 21.212215 0
0 0

0101101
*
Ed
 1e-07 1 1 0
1  1270 0 0 1.98662654257362
0

0101000
+1126 0 -1124 0 *
Ed
 1e-07 1 1 0
1  1271 0 0 0.811372924814472
0

0101000
+1124 0 -1127 0 *
Wi

0101100
+1125 0 +1123 0 +1122 0 *
Fa
0  1e-07 408 0

0111000
+1121 0 *
Ve
1e-07
50.381989 24.511078 0
0 0

0101101
*
Ve
1e-07
44.242943 23.146032 0
0 0

0101101
*
Ed
 1e-07 1 1 0
1  1272 0 0 6.28897737094291
0

0101000
+1119 0 -1118 0 *
Ve
1e-07
47.159126 25.315962 0
0 0

0101101
*
Ed
 1e-07 1 1 0
1  1273 0 0 3.63493046623852
0

0101000
+1118 0 -1116 0 *
Ed
 1e-07 1 1 0
1  1274 0 0 3.32184951047229
0

0101000
+1116 0 -1119 0 *
Wi

0101100
+1117 0 +1115 0 +1114 0 *
Fa
0  1e-07 409 0

0111000
+1113 0 *
Ve
1e-07
44.242943 23.146032 0
0 0

0101101
*
Ve
1e-07
43.446968 22.988689 0
0 0

0101101
*
Ed
 1e-07 1 1 0
1  1275 0 0 0.811377236724076
0

0101000
+1111 0 -1110 0 *
Ve
1e-07
41.113777 25.315962 0
0 0

0101101
*
Ed
 1e-07 1 1 0
1  1276 0 0 3.29544835477815
0

0101000
+1110 0 -1108 0 *
Ed
 1e-07 1 1 0
1  1277 0 0 3.80792280127315
0

0101000
+1108 0 -1111 0 *
Wi

0101100
+1109 0 +1107 0 +1106 0 *
Fa
0  1e-07 410 0

0111000
+1105 0 *
Ve
1e-07
44.697956 21.212215 0
0 0

0101101
*
Ve
1e-07
43.830715 19.917027 0
0 0

0101101
*
Ed
 1e-07 1 1 0
1  1278 0 0 1.5587234865187
0

0101000
+1103 0 -1102 0 *
Ve
1e-07
43.901985 21.054874 0
0 0

0101101
*
Ed
 1e-07 1 1 0
1  1279 0 0 1.14007684315971
0

0101000
+1102 0 -1100 0 *
Ed
 1e-07 1 1 0
1  1280 0 0 0.811372924814472
0

0101000
+1100 0 -1103 0 *
Wi

0101100
+1101 0 +1099 0 +1098 0 *
Fa
0  1e-07 411 0

0111000
+1097 0 *
Ve
1e-07
47.713051 39.016758 0
0 0

0101101
*
Ve
1e-07
45.626011 32.437351 0
0 0

0101101
*
Ed
 1e-07 1 1 0
1  1281 0 0 6.90248740913368
0

0101000
+1095 0 -1094 0 *
Ve
1e-07
46.661694 39.340252 0
0 0

0101101
*
Ed
 1e-07 1 1 0
1  1282 0 0 6.98016342876655
0

0101000
+1094 0 -1092 0 *
Ed
 1e-07 1 1 0
1  1283 0 0 1.09999995885682
0

0101000
+1092 0 -1095 0 *
Wi

0101100
+1093 0 +1091 0 +1090 0 *
Fa
0  1e-07 412 0

0111000
+1089 0 *
Ve
1e-07
41.921623 30.901499 0
0 0

0101101
*
Ve
1e-07
39.985348 30.887959 0
0 0

0101101
*
Ed
 1e-07 1 1 0
1  1284 0 0 1.93632234073384
0

0101000
+1087 0 -1086 0 *
Ve
1e-07
42.080482 41.897411 0
0 0

0101101
*
Ed
 1e-07 1 1 0
1  1285 0 0 11.2070343899829
0

0101000
+1086 0 -1084 0 *
Ed
 1e-07 1 1 0
1  1286 0 0 10.9970594657674
0

0101000
+1084 0 -1087 0 *
Wi

0101100
+1085 0 +1083 0 +1082 0 *
Fa
0  1e-07 413 0

0111000
+1081 0 *
Ve
1e-07
48.370426 41.153225 0
0 0

0101101
*
Ve
1e-07
47.319069 41.476719 0
0 0

0101101
*
Ed
 1e-07 1 1 0
1  1287 0 0 1.09999995885682
0

0101000
+1079 0 -1078 0 *
Ve
1e-07
48.450157 45.152752 0
0 0

0101101
*
Ed
 1e-07 1 1 0
1  1288 0 0 3.84611215135921
0

0101000
+1078 0 -1076 0 *
Ed
 1e-07 1 1 0
1  1289 0 0 4.00032164407939
0

0101000
+1076 0 -1079 0 *
Wi

0101100
+1077 0 +1075 0 +1074 0 *
Fa
0  1e-07 414 0

0111000
+1073 0 *
Ve
1e-07
45.626011 32.437351 0
0 0

0101101
*
Ve
1e-07
50.381989 32.731258 0
0 0

0101101
*
Ed
 1e-07 1 1 0
1  1290 0 0 4.76505068820186
0

0101000
+1071 0 -1070 0 *
Ve
1e-07
48.315952 28.189367 0
0 0

0101101
*
Ed
 1e-07 1 1 0
1  1291 0 0 4.98971770155887
0

0101000
+1070 0 -1068 0 *
Ed
 1e-07 1 1 0
1  1292 0 0 5.02803646046218
0

0101000
+1068 0 -1071 0 *
Wi

0101100
+1069 0 +1067 0 +1066 0 *
Fa
0  1e-07 415 0

0111000
+1065 0 *
Ve
1e-07
47.713051 39.016758 0
0 0

0101101
*
Ve
1e-07
52.310394 39.011211 0
0 0

0101101
*
Ed
 1e-07 1 1 0
1  1293 0 0 4.59734634641094
0

0101000
+1063 0 -1062 0 *
Ve
1e-07
50.381989 32.731258 0
0 0

0101101
*
Ed
 1e-07 1 1 0
1  1294 0 0 6.56936492564038
0

0101000
+1062 0 -1060 0 *
Ed
 1e-07 1 1 0
1  1295 0 0 6.8286704634097
0

0101000
+1060 0 -1063 0 *
Wi

0101100
+1061 0 +1059 0 +1058 0 *
Fa
0  1e-07 416 0

0111000
+1057 0 *
Ve
1e-07
52.310394 39.011211 0
0 0

0101101
*
Ve
1e-07
47.713051 39.016758 0
0 0

0101101
*
Ed
 1e-07 1 1 0
1  1296 0 0 4.59734634641094
0

0101000
+1055 0 -1054 0 *
Ve
1e-07
48.370426 41.153225 0
0 0

0101101
*
Ed
 1e-07 1 1 0
1  1297 0 0 2.23531499630678
0

0101000
+1054 0 -1052 0 *
Ed
 1e-07 1 1 0
1  1298 0 0 4.48459271475348
0

0101000
+1052 0 -1055 0 *
Wi

0101100
+1053 0 +1051 0 +1050 0 *
Fa
0  1e-07 417 0

0111000
+1049 0 *
Ve
1e-07
47.713051 39.016758 0
0 0

0101101
*
Ve
1e-07
50.381989 32.731258 0
0 0

0101101
*
Ed
 1e-07 1 1 0
1  1299 0 0 6.8286704634097
0

0101000
+1047 0 -1046 0 *
Ve
1e-07
45.626011 32.437351 0
0 0

0101101
*
Ed
 1e-07 1 1 0
1  1300 0 0 4.76505068820186
0

0101000
+1046 0 -1044 0 *
Ed
 1e-07 1 1 0
1  1301 0 0 6.90248740913368
0

0101000
+1044 0 -1047 0 *
Wi

0101100
+1045 0 +1043 0 +1042 0 *
Fa
0  1e-07 418 0

0111000
+1041 0 *
Ve
1e-07
50.443146 47.889561 0
0 0

0101101
*
Ve
1e-07
56.869221 53.113174 0
0 0

0101101
*
Ed
 1e-07 1 1 0
1  1302 0 0 8.28133882167576
0

0101000
+1039 0 -1038 0 *
Ve
1e-07
52.310394 39.011211 0
0 0

0101101
*
Ed
 1e-07 1 1 0
1  1303 0 0 14.8205352153456
0

0101000
+1038 0 -1036 0 *
Ed
 1e-07 1 1 0
1  1304 0 0 9.07258032844041
0

0101000
+1036 0 -1039 0 *
Wi

0101100
+1037 0 +1035 0 +1034 0 *
Fa
0  1e-07 419 0

0111000
+1033 0 *
Ve
1e-07
49.501514 44.829258 0
0 0

0101101
*
Ve
1e-07
52.310394 39.011211 0
0 0

0101101
*
Ed
 1e-07 1 1 0
1  1305 0 0 6.4606097040921
0

0101000
+1031 0 -1030 0 *
Ve
1e-07
48.370426 41.153225 0
0 0

0101101
*
Ed
 1e-07 1 1 0
1  1306 0 0 4.48459271475348
0

0101000
+1030 0 -1028 0 *
Ed
 1e-07 1 1 0
1  1307 0 0 3.84611215135922
0

0101000
+1028 0 -1031 0 *
Wi

0101100
+1029 0 +1027 0 +1026 0 *
Fa
0  1e-07 420 0

0111000
+1025 0 *
Ve
1e-07
53.357059 38.672848 0
0 0

0101101
*
Ve
1e-07
51.581985 32.731258 0
0 0

0101101
*
Ed
 1e-07 1 1 0
1  1308 0 0 6.20107889270698
0

0101000
+1023 0 -1022 0 *
Ve
1e-07
52.310394 39.011211 0
0 0

0101101
*
Ed
 1e-07 1 1 0
1  1309 0 0 6.32205578538264
0

0101000
+1022 0 -1020 0 *
Ed
 1e-07 1 1 0
1  1310 0 0 1.09999870090559
0

0101000
+1020 0 -1023 0 *
Wi

0101100
+1021 0 +1019 0 +1018 0 *
Fa
0  1e-07 421 0

0111000
+1017 0 *
Ve
1e-07
60.915985 43.529961 0
0 0

0101101
*
Ve
1e-07
56.138645 37.790665 0
0 0

0101101
*
Ed
 1e-07 1 1 0
1  1311 0 0 7.46742901213102
0

0101000
+1015 0 -1014 0 *
Ve
1e-07
53.357059 38.672848 0
0 0

0101101
*
Ed
 1e-07 1 1 0
1  1312 0 0 2.91812739970088
0

0101000
+1014 0 -1012 0 *
Ed
 1e-07 1 1 0
1  1313 0 0 8.98492676476804
0

0101000
+1012 0 -1015 0 *
Wi

0101100
+1013 0 +1011 0 +1010 0 *
Fa
0  1e-07 422 0

0111000
+1009 0 *
Ve
1e-07
51.581985 32.731258 0
0 0

0101101
*
Ve
1e-07
50.381989 32.731258 0
0 0

0101101
*
Ed
 1e-07 1 1 0
1  1314 0 0 1.19999600000001
0

0101000
+1007 0 -1006 0 *
Ve
1e-07
52.310394 39.011211 0
0 0

0101101
*
Ed
 1e-07 1 1 0
1  1315 0 0 6.56936492564038
0

0101000
+1006 0 -1004 0 *
Ed
 1e-07 1 1 0
1  1316 0 0 6.32205578538264
0

0101000
+1004 0 -1007 0 *
Wi

0101100
+1005 0 +1003 0 +1002 0 *
Fa
0  1e-07 423 0

0111000
+1001 0 *
Ve
1e-07
47.319069 41.476719 0
0 0

0101101
*
Ve
1e-07
43.180481 41.897411 0
0 0

0101101
*
Ed
 1e-07 1 1 0
1  1317 0 0 4.1599149501652
0

0101000
+999 0 -998 0 *
Ve
1e-07
48.450157 45.152752 0
0 0

0101101
*
Ed
 1e-07 1 1 0
1  1318 0 0 6.19408832446366
0

0101000
+998 0 -996 0 *
Ed
 1e-07 1 1 0
1  1319 0 0 3.84611215135921
0

0101000
+996 0 -999 0 *
Wi

0101100
+997 0 +995 0 +994 0 *
Fa
0  1e-07 424 0

0111000
+993 0 *
Ve
1e-07
56.138645 37.790665 0
0 0

0101101
*
Ve
1e-07
51.581985 32.731258 0
0 0

0101101
*
Ed
 1e-07 1 1 0
1  1320 0 0 6.80887285438999
0

0101000
+991 0 -990 0 *
Ve
1e-07
53.357059 38.672848 0
0 0

0101101
*
Ed
 1e-07 1 1 0
1  1321 0 0 6.20107889270698
0

0101000
+990 0 -988 0 *
Ed
 1e-07 1 1 0
1  1322 0 0 2.91812739970088
0

0101000
+988 0 -991 0 *
Wi

0101100
+989 0 +987 0 +986 0 *
Fa
0  1e-07 425 0

0111000
+985 0 *
Ve
1e-07
50.381989 24.511078 0
0 0

0101101
*
Ve
1e-07
48.315952 27.554979 0
0 0

0101101
*
Ed
 1e-07 1 1 0
1  1323 0 0 3.67883706939706
0

0101000
+983 0 -982 0 *
Ve
1e-07
48.315952 28.189367 0
0 0

0101101
*
Ed
 1e-07 1 1 0
1  1324 0 0 0.634388000000001
0

0101000
+982 0 -980 0 *
Ed
 1e-07 1 1 0
1  1325 0 0 4.21880538220122
0

0101000
+980 0 -983 0 *
Wi

0101100
+981 0 +979 0 +978 0 *
Fa
0  1e-07 426 0

0111000
+977 0 *
Ve
1e-07
48.315952 27.554979 0
0 0

0101101
*
Ve
1e-07
50.381989 24.511078 0
0 0

0101101
*
Ed
 1e-07 1 1 0
1  1326 0 0 3.67883706939706
0

0101000
+975 0 -974 0 *
Ve
1e-07
47.159126 25.315962 0
0 0

0101101
*
Ed
 1e-07 1 1 0
1  1327 0 0 3.32184951047229
0

0101000
+974 0 -972 0 *
Ed
 1e-07 1 1 0
1  1328 0 0 2.52020703922614
0

0101000
+972 0 -975 0 *
Wi

0101100
+973 0 +971 0 +970 0 *
Fa
0  1e-07 427 0

0111000
+969 0 *
Ve
1e-07
50.381989 24.511078 0
0 0

0101101
*
Ve
1e-07
48.315952 28.189367 0
0 0

0101101
*
Ed
 1e-07 1 1 0
1  1329 0 0 4.21880538220122
0

0101000
+967 0 -966 0 *
Ve
1e-07
50.381989 32.731258 0
0 0

0101101
*
Ed
 1e-07 1 1 0
1  1330 0 0 4.98971770155887
0

0101000
+966 0 -964 0 *
Ed
 1e-07 1 1 0
1  1331 0 0 8.22018
0

0101000
+964 0 -967 0 *
Wi

0101100
+965 0 +963 0 +962 0 *
Fa
0  1e-07 428 0

0111000
+961 0 *
Ve
1e-07
56.138645 37.790665 0
0 0

0101101
*
Ve
1e-07
53.867046 30.052763 0
0 0

0101101
*
Ed
 1e-07 1 1 0
1  1332 0 0 8.06444600567236
0

0101000
+959 0 -958 0 *
Ve
1e-07
51.581985 32.731258 0
0 0

0101101
*
Ed
 1e-07 1 1 0
1  1333 0 0 3.520772534366
0

0101000
+958 0 -956 0 *
Ed
 1e-07 1 1 0
1  1334 0 0 6.80887285438999
0

0101000
+956 0 -959 0 *
Wi

0101100
+957 0 +955 0 +954 0 *
Fa
0  1e-07 429 0

0111000
+953 0 *
Ve
1e-07
50.937206 23.382898 0
0 0

0101101
*
Ve
1e-07
51.581985 23.53264 0
0 0

0101101
*
Ed
 1e-07 1 1 0
1  1335 0 0 0.661938535972185
0

0101000
+951 0 -950 0 *
Ve
1e-07
53.954979 22.052694 0
0 0

0101101
*
Ed
 1e-07 1 1 0
1  1336 0 0 2.79666599488605
0

0101000
+950 0 -948 0 *
Ed
 1e-07 1 1 0
1  1337 0 0 3.29793822882494
0

0101000
+948 0 -951 0 *
Wi

0101100
+949 0 +947 0 +946 0 *
Fa
0  1e-07 430 0

0111000
+945 0 *
Ve
1e-07
53.867046 30.052763 0
0 0

0101101
*
Ve
1e-07
53.954979 22.052694 0
0 0

0101101
*
Ed
 1e-07 1 1 0
1  1338 0 0 8.00055224451725
0

0101000
+943 0 -942 0 *
Ve
1e-07
51.581985 23.53264 0
0 0

0101101
*
Ed
 1e-07 1 1 0
1  1339 0 0 2.79666599488605
0

0101000
+942 0 -940 0 *
Ed
 1e-07 1 1 0
1  1340 0 0 6.90894403717746
0

0101000
+940 0 -943 0 *
Wi

0101100
+941 0 +939 0 +938 0 *
Fa
0  1e-07 431 0

0111000
+937 0 *
Ve
1e-07
53.867046 30.052763 0
0 0

0101101
*
Ve
1e-07
51.581985 23.53264 0
0 0

0101101
*
Ed
 1e-07 1 1 0
1  1341 0 0 6.90894403717746
0

0101000
+935 0 -934 0 *
Ve
1e-07
51.581985 32.731258 0
0 0

0101101
*
Ed
 1e-07 1 1 0
1  1342 0 0 9.198618
0

0101000
+934 0 -932 0 *
Ed
 1e-07 1 1 0
1  1343 0 0 3.520772534366
0

0101000
+932 0 -935 0 *
Wi

0101100
+933 0 +931 0 +930 0 *
Fa
0  1e-07 432 0

0111000
+929 0 *
Ve
1e-07
48.450157 45.152752 0
0 0

0101101
*
Ve
1e-07
43.180481 54.581032 0
0 0

0101101
*
Ed
 1e-07 1 1 0
1  1344 0 0 10.8010161051346
0

0101000
+927 0 -926 0 *
Ve
1e-07
46.461029 54.581032 0
0 0

0101101
*
Ed
 1e-07 1 1 0
1  1345 0 0 3.280548
0

0101000
+926 0 -924 0 *
Ed
 1e-07 1 1 0
1  1346 0 0 9.6358234707151
0

0101000
+924 0 -927 0 *
Wi

0101100
+925 0 +923 0 +922 0 *
Fa
0  1e-07 433 0

0111000
+921 0 *
Ve
1e-07
38.005413 77.761108 0
0 0

0101101
*
Ve
1e-07
26.448431 84.699181 0
0 0

0101101
*
Ed
 1e-07 1 1 0
1  1347 0 0 13.4796398283357
0

0101000
+919 0 -918 0 *
Ve
1e-07
47.400227 80.71698 0
0 0

0101101
*
Ed
 1e-07 1 1 0
1  1348 0 0 21.3268769497556
0

0101000
+918 0 -916 0 *
Ed
 1e-07 1 1 0
1  1349 0 0 9.84884304753508
0

0101000
+916 0 -919 0 *
Wi

0101100
+917 0 +915 0 +914 0 *
Fa
0  1e-07 434 0

0111000
+913 0 *
Ve
1e-07
53.954979 22.052694 0
0 0

0101101
*
Ve
1e-07
50.937206 13.818213 0
0 0

0101101
*
Ed
 1e-07 1 1 0
1  1350 0 0 8.77004168854915
0

0101000
+911 0 -910 0 *
Ve
1e-07
50.937206 23.382898 0
0 0

0101101
*
Ed
 1e-07 1 1 0
1  1351 0 0 9.564685
0

0101000
+910 0 -908 0 *
Ed
 1e-07 1 1 0
1  1352 0 0 3.29793822882494
0

0101000
+908 0 -911 0 *
Wi

0101100
+909 0 +907 0 +906 0 *
Fa
0  1e-07 435 0

0111000
+905 0 *
Ve
1e-07
38.212219 17.061117 0
0 0

0101101
*
Ve
1e-07
36.869404 17.061117 0
0 0

0101101
*
Ed
 1e-07 1 1 0
1  1353 0 0 1.34281499999999
0

0101000
+903 0 -902 0 *
Ve
1e-07
36.869404 18.140862 0
0 0

0101101
*
Ed
 1e-07 1 1 0
1  1354 0 0 1.079745
0

0101000
+902 0 -900 0 *
Ed
 1e-07 1 1 0
1  1355 0 0 1.72307904323916
0

0101000
+900 0 -903 0 *
Wi

0101100
+901 0 +899 0 +898 0 *
Fa
0  1e-07 436 0

0111000
+897 0 *
Ve
1e-07
39.119595 17.061117 0
0 0

0101101
*
Ve
1e-07
39.119595 16.803305 0
0 0

0101101
*
Ed
 1e-07 1 1 0
1  1356 0 0 0.257811999999998
0

0101000
+895 0 -894 0 *
Ve
1e-07
38.212219 16.803305 0
0 0

0101101
*
Ed
 1e-07 1 1 0
1  1357 0 0 0.907375999999999
0

0101000
+894 0 -892 0 *
Ve
1e-07
38.212219 17.061117 0
0 0

0101101
*
Ed
 1e-07 1 1 0
1  1358 0 0 0.257811999999998
0

0101000
+892 0 -890 0 *
Ed
 1e-07 1 1 0
1  1359 0 0 0.907375999999999
0

0101000
+890 0 -895 0 *
Wi

0101100
+893 0 +891 0 +889 0 +888 0 *
Fa
0  1e-07 437 0

0111000
+887 0 *
Ve
1e-07
36.869404 18.140862 0
0 0

0101101
*
Ve
1e-07
39.119595 17.061117 0
0 0

0101101
*
Ed
 1e-07 1 1 0
1  1360 0 0 2.49583829634573
0

0101000
+885 0 -884 0 *
Ve
1e-07
38.212219 17.061117 0
0 0

0101101
*
Ed
 1e-07 1 1 0
1  1361 0 0 0.907375999999999
0

0101000
+884 0 -882 0 *
Ed
 1e-07 1 1 0
1  1362 0 0 1.72307904323916
0

0101000
+882 0 -885 0 *
Wi

0101100
+883 0 +881 0 +880 0 *
Fa
0  1e-07 438 0

0111000
+879 0 *
Ve
1e-07
38.573147 15.487338 0
0 0

0101101
*
Ve
1e-07
38.212219 16.803305 0
0 0

0101101
*
Ed
 1e-07 1 1 0
1  1363 0 0 1.36456519311941
0

0101000
+877 0 -876 0 *
Ve
1e-07
39.119595 16.803305 0
0 0

0101101
*
Ed
 1e-07 1 1 0
1  1364 0 0 0.907375999999999
0

0101000
+876 0 -874 0 *
Ed
 1e-07 1 1 0
1  1365 0 0 1.42491212423539
0

0101000
+874 0 -877 0 *
Wi

0101100
+875 0 +873 0 +872 0 *
Fa
0  1e-07 439 0

0111000
+871 0 *
Ve
1e-07
39.119595 16.803305 0
0 0

0101101
*
Ve
1e-07
39.634888 16.803305 0
0 0

0101101
*
Ed
 1e-07 1 1 0
1  1366 0 0 0.515293
0

0101000
+869 0 -868 0 *
Ve
1e-07
39.634888 15.121195 0
0 0

0101101
*
Ed
 1e-07 1 1 0
1  1367 0 0 1.68211
0

0101000
+868 0 -866 0 *
Ve
1e-07
39.264843 15.121195 0
0 0

0101101
*
Ed
 1e-07 1 1 0
1  1368 0 0 0.370044999999998
0

0101000
+866 0 -864 0 *
Ed
 1e-07 1 1 0
1  1369 0 0 1.68836934158495
0

0101000
+864 0 -869 0 *
Wi

0101100
+867 0 +865 0 +863 0 +862 0 *
Fa
0  1e-07 440 0

0111000
+861 0 *
Ve
1e-07
43.493576 18.528803 0
0 0

0101101
*
Ve
1e-07
39.864361 18.528803 0
0 0

0101101
*
Ed
 1e-07 1 1 0
1  1370 0 0 3.62921499999999
0

0101000
+859 0 -858 0 *
Ve
1e-07
41.054268 19.679045 0
0 0

0101101
*
Ed
 1e-07 1 1 0
1  1371 0 0 1.65497290830182
0

0101000
+858 0 -856 0 *
Ve
1e-07
43.493576 19.679045 0
0 0

0101101
*
Ed
 1e-07 1 1 0
1  1372 0 0 2.439308
0

0101000
+856 0 -854 0 *
Ed
 1e-07 1 1 0
1  1373 0 0 1.150242
0

0101000
+854 0 -859 0 *
Wi

0101100
+857 0 +855 0 +853 0 +852 0 *
Fa
0  1e-07 441 0

0111000
+851 0 *
Ve
1e-07
36.39344 13.041532 0
0 0

0101101
*
Ve
1e-07
35.017082 17.042461 0
0 0

0101101
*
Ed
 1e-07 1 1 0
1  1374 0 0 4.23105119411299
0

0101000
+849 0 -848 0 *
Ve
1e-07
36.39344 21.057905 0
0 0

0101101
*
Ed
 1e-07 1 1 0
1  1375 0 0 4.2447793654441
0

0101000
+848 0 -846 0 *
Ed
 1e-07 1 1 0
1  1376 0 0 8.016373
0

0101000
+846 0 -849 0 *
Wi

0101100
+847 0 +845 0 +844 0 *
Fa
0  1e-07 442 0

0111000
+843 0 *
Ve
1e-07
35.017082 16.408072 0
0 0

0101101
*
Ve
1e-07
35.017082 17.042461 0
0 0

0101101
*
Ed
 1e-07 1 1 0
1  1377 0 0 0.634388999999999
0

0101000
+841 0 -840 0 *
Ve
1e-07
36.39344 13.041532 0
0 0

0101101
*
Ed
 1e-07 1 1 0
1  1378 0 0 4.23105119411299
0

0101000
+840 0 -838 0 *
Ed
 1e-07 1 1 0
1  1379 0 0 3.63702528390497
0

0101000
+838 0 -841 0 *
Wi

0101100
+839 0 +837 0 +836 0 *
Fa
0  1e-07 443 0

0111000
+835 0 *
Ve
1e-07
36.869404 16.803305 0
0 0

0101101
*
Ve
1e-07
38.212219 16.803305 0
0 0

0101101
*
Ed
 1e-07 1 1 0
1  1380 0 0 1.34281499999999
0

0101000
+833 0 -832 0 *
Ve
1e-07
36.869404 15.487338 0
0 0

0101101
*
Ed
 1e-07 1 1 0
1  1381 0 0 1.88013863034458
0

0101000
+832 0 -830 0 *
Ed
 1e-07 1 1 0
1  1382 0 0 1.315967
0

0101000
+830 0 -833 0 *
Wi

0101100
+831 0 +829 0 +828 0 *
Fa
0  1e-07 444 0

0111000
+827 0 *
Ve
1e-07
39.264843 15.121195 0
0 0

0101101
*
Ve
1e-07
38.573147 15.127763 0
0 0

0101101
*
Ed
 1e-07 1 1 0
1  1383 0 0 0.691727182522127
0

0101000
+825 0 -824 0 *
Ve
1e-07
38.573147 15.487338 0
0 0

0101101
*
Ed
 1e-07 1 1 0
1  1384 0 0 0.359575
0

0101000
+824 0 -822 0 *
Ed
 1e-07 1 1 0
1  1385 0 0 0.782626381401113
0

0101000
+822 0 -825 0 *
Wi

0101100
+823 0 +821 0 +820 0 *
Fa
0  1e-07 445 0

0111000
+819 0 *
Ve
1e-07
38.3657 14.422442 0
0 0

0101101
*
Ve
1e-07
36.869404 15.127763 0
0 0

0101101
*
Ed
 1e-07 1 1 0
1  1386 0 0 1.65420054185004
0

0101000
+817 0 -816 0 *
Ve
1e-07
38.573147 15.127763 0
0 0

0101101
*
Ed
 1e-07 1 1 0
1  1387 0 0 1.703743
0

0101000
+816 0 -814 0 *
Ed
 1e-07 1 1 0
1  1388 0 0 0.735195192346903
0

0101000
+814 0 -817 0 *
Wi

0101100
+815 0 +813 0 +812 0 *
Fa
0  1e-07 446 0

0111000
+811 0 *
Ve
1e-07
36.869404 15.487338 0
0 0

0101101
*
Ve
1e-07
38.212219 16.803305 0
0 0

0101101
*
Ed
 1e-07 1 1 0
1  1389 0 0 1.88013863034458
0

0101000
+809 0 -808 0 *
Ve
1e-07
38.573147 15.487338 0
0 0

0101101
*
Ed
 1e-07 1 1 0
1  1390 0 0 1.36456519311941
0

0101000
+808 0 -806 0 *
Ed
 1e-07 1 1 0
1  1391 0 0 1.703743
0

0101000
+806 0 -809 0 *
Wi

0101100
+807 0 +805 0 +804 0 *
Fa
0  1e-07 447 0

0111000
+803 0 *
Ve
1e-07
38.573147 15.487338 0
0 0

0101101
*
Ve
1e-07
39.119595 16.803305 0
0 0

0101101
*
Ed
 1e-07 1 1 0
1  1392 0 0 1.42491212423539
0

0101000
+801 0 -800 0 *
Ve
1e-07
39.264843 15.121195 0
0 0

0101101
*
Ed
 1e-07 1 1 0
1  1393 0 0 1.68836934158495
0

0101000
+800 0 -798 0 *
Ed
 1e-07 1 1 0
1  1394 0 0 0.782626381401113
0

0101000
+798 0 -801 0 *
Wi

0101100
+799 0 +797 0 +796 0 *
Fa
0  1e-07 448 0

0111000
+795 0 *
Ve
1e-07
39.264843 15.121195 0
0 0

0101101
*
Ve
1e-07
39.264843 14.900842 0
0 0

0101101
*
Ed
 1e-07 1 1 0
1  1395 0 0 0.220352999999999
0

0101000
+793 0 -792 0 *
Ve
1e-07
38.573147 15.127763 0
0 0

0101101
*
Ed
 1e-07 1 1 0
1  1396 0 0 0.727967373346498
0

0101000
+792 0 -790 0 *
Ed
 1e-07 1 1 0
1  1397 0 0 0.691727182522127
0

0101000
+790 0 -793 0 *
Wi

0101100
+791 0 +789 0 +788 0 *
Fa
0  1e-07 449 0

0111000
+787 0 *
Ve
1e-07
40.587078 17.061117 0
0 0

0101101
*
Ve
1e-07
41.49445 17.061117 0
0 0

0101101
*
Ed
 1e-07 1 1 0
1  1398 0 0 0.907372000000002
0

0101000
+785 0 -784 0 *
Ve
1e-07
41.49445 16.803305 0
0 0

0101101
*
Ed
 1e-07 1 1 0
1  1399 0 0 0.257811999999998
0

0101000
+784 0 -782 0 *
Ve
1e-07
40.587078 16.803305 0
0 0

0101101
*
Ed
 1e-07 1 1 0
1  1400 0 0 0.907372000000002
0

0101000
+782 0 -780 0 *
Ed
 1e-07 1 1 0
1  1401 0 0 0.257811999999998
0

0101000
+780 0 -785 0 *
Wi

0101100
+783 0 +781 0 +779 0 +778 0 *
Fa
0  1e-07 450 0

0111000
+777 0 *
Ve
1e-07
43.830715 18.140862 0
0 0

0101101
*
Ve
1e-07
41.49445 17.061117 0
0 0

0101101
*
Ed
 1e-07 1 1 0
1  1402 0 0 2.57371004879143
0

0101000
+775 0 -774 0 *
Ve
1e-07
40.587078 17.061117 0
0 0

0101101
*
Ed
 1e-07 1 1 0
1  1403 0 0 0.907372000000002
0

0101000
+774 0 -772 0 *
Ed
 1e-07 1 1 0
1  1404 0 0 3.41862987946838
0

0101000
+772 0 -775 0 *
Wi

0101100
+773 0 +771 0 +770 0 *
Fa
0  1e-07 451 0

0111000
+769 0 *
Ve
1e-07
40.515781 14.922419 0
0 0

0101101
*
Ve
1e-07
40.587078 16.803305 0
0 0

0101101
*
Ed
 1e-07 1 1 0
1  1405 0 0 1.8822368095447
0

0101000
+767 0 -766 0 *
Ve
1e-07
41.49445 16.803305 0
0 0

0101101
*
Ed
 1e-07 1 1 0
1  1406 0 0 0.907372000000002
0

0101000
+766 0 -764 0 *
Ed
 1e-07 1 1 0
1  1407 0 0 2.12026535050616
0

0101000
+764 0 -767 0 *
Wi

0101100
+765 0 +763 0 +762 0 *
Fa
0  1e-07 452 0

0111000
+761 0 *
Ve
1e-07
40.587078 17.061117 0
0 0

0101101
*
Ve
1e-07
36.869404 18.140862 0
0 0

0101101
*
Ed
 1e-07 1 1 0
1  1408 0 0 3.8712981330945
0

0101000
+759 0 -758 0 *
Ve
1e-07
43.830715 18.140862 0
0 0

0101101
*
Ed
 1e-07 1 1 0
1  1409 0 0 6.96131099999999
0

0101000
+758 0 -756 0 *
Ed
 1e-07 1 1 0
1  1410 0 0 3.41862987946838
0

0101000
+756 0 -759 0 *
Wi

0101100
+757 0 +755 0 +754 0 *
Fa
0  1e-07 453 0

0111000
+753 0 *
Ve
1e-07
40.515781 14.922419 0
0 0

0101101
*
Ve
1e-07
40.515781 16.803305 0
0 0

0101101
*
Ed
 1e-07 1 1 0
1  1411 0 0 1.880886
0

0101000
+751 0 -750 0 *
Ve
1e-07
40.587078 16.803305 0
0 0

0101101
*
Ed
 1e-07 1 1 0
1  1412 0 0 0.0712970000000013
0

0101000
+750 0 -748 0 *
Ed
 1e-07 1 1 0
1  1413 0 0 1.8822368095447
0

0101000
+748 0 -751 0 *
Wi

0101100
+749 0 +747 0 +746 0 *
Fa
0  1e-07 454 0

0111000
+745 0 *
Ve
1e-07
39.901417 14.900842 0
0 0

0101101
*
Ve
1e-07
39.901417 12.452477 0
0 0

0101101
*
Ed
 1e-07 1 1 0
1  1414 0 0 2.448365
0

0101000
+743 0 -742 0 *
Ve
1e-07
39.264843 14.900842 0
0 0

0101101
*
Ed
 1e-07 1 1 0
1  1415 0 0 2.52976631938624
0

0101000
+742 0 -740 0 *
Ed
 1e-07 1 1 0
1  1416 0 0 0.636574000000003
0

0101000
+740 0 -743 0 *
Wi

0101100
+741 0 +739 0 +738 0 *
Fa
0  1e-07 455 0

0111000
+737 0 *
Ve
1e-07
42.144627 14.922419 0
0 0

0101101
*
Ve
1e-07
40.515781 14.922419 0
0 0

0101101
*
Ed
 1e-07 1 1 0
1  1417 0 0 1.628846
0

0101000
+735 0 -734 0 *
Ve
1e-07
41.49445 16.803305 0
0 0

0101101
*
Ed
 1e-07 1 1 0
1  1418 0 0 2.12026535050616
0

0101000
+734 0 -732 0 *
Ed
 1e-07 1 1 0
1  1419 0 0 1.9900910221206
0

0101000
+732 0 -735 0 *
Wi

0101100
+733 0 +731 0 +730 0 *
Fa
0  1e-07 456 0

0111000
+729 0 *
Ve
1e-07
42.144627 16.803305 0
0 0

0101101
*
Ve
1e-07
42.144627 14.922419 0
0 0

0101101
*
Ed
 1e-07 1 1 0
1  1420 0 0 1.880886
0

0101000
+727 0 -726 0 *
Ve
1e-07
41.49445 16.803305 0
0 0

0101101
*
Ed
 1e-07 1 1 0
1  1421 0 0 1.9900910221206
0

0101000
+726 0 -724 0 *
Ed
 1e-07 1 1 0
1  1422 0 0 0.650176999999999
0

0101000
+724 0 -727 0 *
Wi

0101100
+725 0 +723 0 +722 0 *
Fa
0  1e-07 457 0

0111000
+721 0 *
Ve
1e-07
38.573147 15.127763 0
0 0

0101101
*
Ve
1e-07
39.264843 14.900842 0
0 0

0101101
*
Ed
 1e-07 1 1 0
1  1423 0 0 0.727967373346498
0

0101000
+719 0 -718 0 *
Ve
1e-07
38.3657 14.422442 0
0 0

0101101
*
Ed
 1e-07 1 1 0
1  1424 0 0 1.01849138162726
0

0101000
+718 0 -716 0 *
Ed
 1e-07 1 1 0
1  1425 0 0 0.735195192346903
0

0101000
+716 0 -719 0 *
Wi

0101100
+717 0 +715 0 +714 0 *
Fa
0  1e-07 458 0

0111000
+713 0 *
Ve
1e-07
39.119595 17.061117 0
0 0

0101101
*
Ve
1e-07
36.869404 18.140862 0
0 0

0101101
*
Ed
 1e-07 1 1 0
1  1426 0 0 2.49583829634573
0

0101000
+711 0 -710 0 *
Ve
1e-07
40.587078 17.061117 0
0 0

0101101
*
Ed
 1e-07 1 1 0
1  1427 0 0 3.8712981330945
0

0101000
+710 0 -708 0 *
Ed
 1e-07 1 1 0
1  1428 0 0 1.467483
0

0101000
+708 0 -711 0 *
Wi

0101100
+709 0 +707 0 +706 0 *
Fa
0  1e-07 459 0

0111000
+705 0 *
Ve
1e-07
39.864361 18.528803 0
0 0

0101101
*
Ve
1e-07
39.864361 21.054874 0
0 0

0101101
*
Ed
 1e-07 1 1 0
1  1429 0 0 2.526071
0

0101000
+703 0 -702 0 *
Ve
1e-07
41.054268 19.679045 0
0 0

0101101
*
Ed
 1e-07 1 1 0
1  1430 0 0 1.8190063512506
0

0101000
+702 0 -700 0 *
Ed
 1e-07 1 1 0
1  1431 0 0 1.65497290830182
0

0101000
+700 0 -703 0 *
Wi

0101100
+701 0 +699 0 +698 0 *
Fa
0  1e-07 460 0

0111000
+697 0 *
Ve
1e-07
29.639433 14.319788 0
0 0

0101101
*
Ve
1e-07
35.017082 14.319788 0
0 0

0101101
*
Ed
 1e-07 1 1 0
1  1432 0 0 5.377649
0

0101000
+695 0 -694 0 *
Ve
1e-07
36.39344 13.041532 0
0 0

0101101
*
Ed
 1e-07 1 1 0
1  1433 0 0 1.8783768912814
0

0101000
+694 0 -692 0 *
Ve
1e-07
32.032684 13.041532 0
0 0

0101101
*
Ed
 1e-07 1 1 0
1  1434 0 0 4.36075599999999
0

0101000
+692 0 -690 0 *
Ed
 1e-07 1 1 0
1  1435 0 0 2.71322478805885
0

0101000
+690 0 -695 0 *
Wi

0101100
+693 0 +691 0 +689 0 +688 0 *
Fa
0  1e-07 461 0

0111000
+687 0 *
Ve
1e-07
35.194 10.230064 0
0 0

0101101
*
Ve
1e-07
34.11554 10.230064 0
0 0

0101101
*
Ed
 1e-07 1 1 0
1  1436 0 0 1.07846
0

0101000
+685 0 -684 0 *
Ve
1e-07
32.032684 11.60568 0
0 0

0101101
*
Ed
 1e-07 1 1 0
1  1437 0 0 2.49611868631922
0

0101000
+684 0 -682 0 *
Ed
 1e-07 1 1 0
1  1438 0 0 3.44764241639298
0

0101000
+682 0 -685 0 *
Wi

0101100
+683 0 +681 0 +680 0 *
Fa
0  1e-07 462 0

0111000
+679 0 *
Ve
1e-07
35.017082 14.954176 0
0 0

0101101
*
Ve
1e-07
36.39344 13.041532 0
0 0

0101101
*
Ed
 1e-07 1 1 0
1  1439 0 0 2.35638885052955
0

0101000
+677 0 -676 0 *
Ve
1e-07
35.017082 14.319788 0
0 0

0101101
*
Ed
 1e-07 1 1 0
1  1440 0 0 1.8783768912814
0

0101000
+676 0 -674 0 *
Ed
 1e-07 1 1 0
1  1441 0 0 0.634388
0

0101000
+674 0 -677 0 *
Wi

0101100
+675 0 +673 0 +672 0 *
Fa
0  1e-07 463 0

0111000
+671 0 *
Ve
1e-07
32.032684 13.041532 0
0 0

0101101
*
Ve
1e-07
32.032684 11.60568 0
0 0

0101101
*
Ed
 1e-07 1 1 0
1  1442 0 0 1.435852
0

0101000
+669 0 -668 0 *
Ve
1e-07
29.639433 14.319788 0
0 0

0101101
*
Ed
 1e-07 1 1 0
1  1443 0 0 3.61856775322295
0

0101000
+668 0 -666 0 *
Ed
 1e-07 1 1 0
1  1444 0 0 2.71322478805885
0

0101000
+666 0 -669 0 *
Wi

0101100
+667 0 +665 0 +664 0 *
Fa
0  1e-07 464 0

0111000
+663 0 *
Ve
1e-07
36.869404 13.350632 0
0 0

0101101
*
Ve
1e-07
36.869404 14.24957 0
0 0

0101101
*
Ed
 1e-07 1 1 0
1  1445 0 0 0.898938000000001
0

0101000
+661 0 -660 0 *
Ve
1e-07
38.3657 14.24957 0
0 0

0101101
*
Ed
 1e-07 1 1 0
1  1446 0 0 1.49629599999999
0

0101000
+660 0 -658 0 *
Ve
1e-07
38.3657 13.350632 0
0 0

0101101
*
Ed
 1e-07 1 1 0
1  1447 0 0 0.898938000000001
0

0101000
+658 0 -656 0 *
Ed
 1e-07 1 1 0
1  1448 0 0 1.49629599999999
0

0101000
+656 0 -661 0 *
Wi

0101100
+659 0 +657 0 +655 0 +654 0 *
Fa
0  1e-07 465 0

0111000
+653 0 *
Ve
1e-07
36.39344 13.041532 0
0 0

0101101
*
Ve
1e-07
35.017082 14.954176 0
0 0

0101101
*
Ed
 1e-07 1 1 0
1  1449 0 0 2.35638885052955
0

0101000
+651 0 -650 0 *
Ve
1e-07
35.017082 16.408072 0
0 0

0101101
*
Ed
 1e-07 1 1 0
1  1450 0 0 1.453896
0

0101000
+650 0 -648 0 *
Ed
 1e-07 1 1 0
1  1451 0 0 3.63702528390497
0

0101000
+648 0 -651 0 *
Wi

0101100
+649 0 +647 0 +646 0 *
Fa
0  1e-07 466 0

0111000
+645 0 *
Ve
1e-07
34.11554 9.595676 0
0 0

0101101
*
Ve
1e-07
34.11554 10.230064 0
0 0

0101101
*
Ed
 1e-07 1 1 0
1  1452 0 0 0.634388000000001
0

0101000
+643 0 -642 0 *
Ve
1e-07
35.194 10.230064 0
0 0

0101101
*
Ed
 1e-07 1 1 0
1  1453 0 0 1.07846
0

0101000
+642 0 -640 0 *
Ve
1e-07
35.194 9.595676 0
0 0

0101101
*
Ed
 1e-07 1 1 0
1  1454 0 0 0.634388000000001
0

0101000
+640 0 -638 0 *
Ed
 1e-07 1 1 0
1  1455 0 0 1.07846
0

0101000
+638 0 -643 0 *
Wi

0101100
+641 0 +639 0 +637 0 +636 0 *
Fa
0  1e-07 467 0

0111000
+635 0 *
Ve
1e-07
34.11554 7.356659 0
0 0

0101101
*
Ve
1e-07
34.11554 7.991047 0
0 0

0101101
*
Ed
 1e-07 1 1 0
1  1456 0 0 0.634388
0

0101000
+633 0 -632 0 *
Ve
1e-07
35.194 7.991047 0
0 0

0101101
*
Ed
 1e-07 1 1 0
1  1457 0 0 1.07846
0

0101000
+632 0 -630 0 *
Ve
1e-07
35.194 7.356659 0
0 0

0101101
*
Ed
 1e-07 1 1 0
1  1458 0 0 0.634388
0

0101000
+630 0 -628 0 *
Ed
 1e-07 1 1 0
1  1459 0 0 1.07846
0

0101000
+628 0 -633 0 *
Wi

0101100
+631 0 +629 0 +627 0 +626 0 *
Fa
0  1e-07 468 0

0111000
+625 0 *
Ve
1e-07
34.11554 7.991047 0
0 0

0101101
*
Ve
1e-07
34.11554 9.595676 0
0 0

0101101
*
Ed
 1e-07 1 1 0
1  1460 0 0 1.604629
0

0101000
+623 0 -622 0 *
Ve
1e-07
35.194 9.595676 0
0 0

0101101
*
Ed
 1e-07 1 1 0
1  1461 0 0 1.07846
0

0101000
+622 0 -620 0 *
Ve
1e-07
35.194 7.991047 0
0 0

0101101
*
Ed
 1e-07 1 1 0
1  1462 0 0 1.604629
0

0101000
+620 0 -618 0 *
Ed
 1e-07 1 1 0
1  1463 0 0 1.07846
0

0101000
+618 0 -623 0 *
Wi

0101100
+621 0 +619 0 +617 0 +616 0 *
Fa
0  1e-07 469 0

0111000
+615 0 *
Ve
1e-07
32.032684 11.60568 0
0 0

0101101
*
Ve
1e-07
42.941139 11.60568 0
0 0

0101101
*
Ed
 1e-07 1 1 0
1  1464 0 0 10.908455
0

0101000
+613 0 -612 0 *
Ve
1e-07
41.239346 10.230064 0
0 0

0101101
*
Ed
 1e-07 1 1 0
1  1465 0 0 2.18824559734619
0

0101000
+612 0 -610 0 *
Ve
1e-07
35.194 10.230064 0
0 0

0101101
*
Ed
 1e-07 1 1 0
1  1466 0 0 6.045346
0

0101000
+610 0 -608 0 *
Ed
 1e-07 1 1 0
1  1467 0 0 3.44764241639298
0

0101000
+608 0 -613 0 *
Wi

0101100
+611 0 +609 0 +607 0 +606 0 *
Fa
0  1e-07 470 0

0111000
+605 0 *
Ve
1e-07
42.941139 5.547123 0
0 0

0101101
*
Ve
1e-07
34.11554 7.356659 0
0 0

0101101
*
Ed
 1e-07 1 1 0
1  1468 0 0 9.00919631510475
0

0101000
+603 0 -602 0 *
Ve
1e-07
35.194 7.356659 0
0 0

0101101
*
Ed
 1e-07 1 1 0
1  1469 0 0 1.07846
0

0101000
+602 0 -600 0 *
Ed
 1e-07 1 1 0
1  1470 0 0 7.9556635939824
0

0101000
+600 0 -603 0 *
Wi

0101100
+601 0 +599 0 +598 0 *
Fa
0  1e-07 471 0

0111000
+597 0 *
Ve
1e-07
39.264843 14.900842 0
0 0

0101101
*
Ve
1e-07
38.3657 14.24957 0
0 0

0101101
*
Ed
 1e-07 1 1 0
1  1471 0 0 1.11023121575328
0

0101000
+595 0 -594 0 *
Ve
1e-07
38.3657 14.422442 0
0 0

0101101
*
Ed
 1e-07 1 1 0
1  1472 0 0 0.172872
0

0101000
+594 0 -592 0 *
Ed
 1e-07 1 1 0
1  1473 0 0 1.01849138162726
0

0101000
+592 0 -595 0 *
Wi

0101100
+593 0 +591 0 +590 0 *
Fa
0  1e-07 472 0

0111000
+589 0 *
Ve
1e-07
36.869404 13.177759 0
0 0

0101101
*
Ve
1e-07
38.3657 13.177759 0
0 0

0101101
*
Ed
 1e-07 1 1 0
1  1474 0 0 1.49629599999999
0

0101000
+587 0 -586 0 *
Ve
1e-07
36.869404 12.452477 0
0 0

0101101
*
Ed
 1e-07 1 1 0
1  1475 0 0 1.66280957993992
0

0101000
+586 0 -584 0 *
Ed
 1e-07 1 1 0
1  1476 0 0 0.725282
0

0101000
+584 0 -587 0 *
Wi

0101100
+585 0 +583 0 +582 0 *
Fa
0  1e-07 473 0

0111000
+581 0 *
Ve
1e-07
38.3657 13.350632 0
0 0

0101101
*
Ve
1e-07
39.901417 12.452477 0
0 0

0101101
*
Ed
 1e-07 1 1 0
1  1477 0 0 1.77907535200565
0

0101000
+579 0 -578 0 *
Ve
1e-07
38.3657 13.177759 0
0 0

0101101
*
Ed
 1e-07 1 1 0
1  1478 0 0 1.69837000786431
0

0101000
+578 0 -576 0 *
Ed
 1e-07 1 1 0
1  1479 0 0 0.172872999999999
0

0101000
+576 0 -579 0 *
Wi

0101100
+577 0 +575 0 +574 0 *
Fa
0  1e-07 474 0

0111000
+573 0 *
Ve
1e-07
38.3657 13.350632 0
0 0

0101101
*
Ve
1e-07
38.3657 14.24957 0
0 0

0101101
*
Ed
 1e-07 1 1 0
1  1480 0 0 0.898938000000001
0

0101000
+571 0 -570 0 *
Ve
1e-07
39.264843 14.900842 0
0 0

0101101
*
Ed
 1e-07 1 1 0
1  1481 0 0 1.11023121575328
0

0101000
+570 0 -568 0 *
Ed
 1e-07 1 1 0
1  1482 0 0 1.7920963083911
0

0101000
+568 0 -571 0 *
Wi

0101100
+569 0 +567 0 +566 0 *
Fa
0  1e-07 475 0

0111000
+565 0 *
Ve
1e-07
39.901417 12.452477 0
0 0

0101101
*
Ve
1e-07
38.3657 13.350632 0
0 0

0101101
*
Ed
 1e-07 1 1 0
1  1483 0 0 1.77907535200565
0

0101000
+563 0 -562 0 *
Ve
1e-07
39.264843 14.900842 0
0 0

0101101
*
Ed
 1e-07 1 1 0
1  1484 0 0 1.7920963083911
0

0101000
+562 0 -560 0 *
Ed
 1e-07 1 1 0
1  1485 0 0 2.52976631938624
0

0101000
+560 0 -563 0 *
Wi

0101100
+561 0 +559 0 +558 0 *
Fa
0  1e-07 476 0

0111000
+557 0 *
Ve
1e-07
42.144627 14.130527 0
0 0

0101101
*
Ve
1e-07
42.144627 14.448109 0
0 0

0101101
*
Ed
 1e-07 1 1 0
1  1486 0 0 0.317582
0

0101000
+555 0 -554 0 *
Ve
1e-07
42.481766 14.448109 0
0 0

0101101
*
Ed
 1e-07 1 1 0
1  1487 0 0 0.337139000000001
0

0101000
+554 0 -552 0 *
Ve
1e-07
42.481766 14.130527 0
0 0

0101101
*
Ed
 1e-07 1 1 0
1  1488 0 0 0.317582
0

0101000
+552 0 -550 0 *
Ed
 1e-07 1 1 0
1  1489 0 0 0.337139000000001
0

0101000
+550 0 -555 0 *
Wi

0101100
+553 0 +551 0 +549 0 +548 0 *
Fa
0  1e-07 477 0

0111000
+547 0 *
Ve
1e-07
40.515781 14.722641 0
0 0

0101101
*
Ve
1e-07
42.144627 14.448109 0
0 0

0101101
*
Ed
 1e-07 1 1 0
1  1490 0 0 1.65181933356527
0

0101000
+545 0 -544 0 *
Ve
1e-07
42.144627 14.130527 0
0 0

0101101
*
Ed
 1e-07 1 1 0
1  1491 0 0 0.317582
0

0101000
+544 0 -542 0 *
Ed
 1e-07 1 1 0
1  1492 0 0 1.7331296202858
0

0101000
+542 0 -545 0 *
Wi

0101100
+543 0 +541 0 +540 0 *
Fa
0  1e-07 478 0

0111000
+539 0 *
Ve
1e-07
38.3657 14.422442 0
0 0

0101101
*
Ve
1e-07
36.869404 14.422442 0
0 0

0101101
*
Ed
 1e-07 1 1 0
1  1493 0 0 1.49629599999999
0

0101000
+537 0 -536 0 *
Ve
1e-07
36.869404 15.127763 0
0 0

0101101
*
Ed
 1e-07 1 1 0
1  1494 0 0 0.705321
0

0101000
+536 0 -534 0 *
Ed
 1e-07 1 1 0
1  1495 0 0 1.65420054185004
0

0101000
+534 0 -537 0 *
Wi

0101100
+535 0 +533 0 +532 0 *
Fa
0  1e-07 479 0

0111000
+531 0 *
Ve
1e-07
40.515781 12.282899 0
0 0

0101101
*
Ve
1e-07
40.515781 14.722641 0
0 0

0101101
*
Ed
 1e-07 1 1 0
1  1496 0 0 2.439742
0

0101000
+529 0 -528 0 *
Ve
1e-07
42.144627 14.130527 0
0 0

0101101
*
Ed
 1e-07 1 1 0
1  1497 0 0 1.7331296202858
0

0101000
+528 0 -526 0 *
Ve
1e-07
42.144627 12.282899 0
0 0

0101101
*
Ed
 1e-07 1 1 0
1  1498 0 0 1.847628
0

0101000
+526 0 -524 0 *
Ed
 1e-07 1 1 0
1  1499 0 0 1.628846
0

0101000
+524 0 -529 0 *
Wi

0101100
+527 0 +525 0 +523 0 +522 0 *
Fa
0  1e-07 480 0

0111000
+521 0 *
Ve
1e-07
38.3657 13.177759 0
0 0

0101101
*
Ve
1e-07
39.901417 12.452477 0
0 0

0101101
*
Ed
 1e-07 1 1 0
1  1500 0 0 1.69837000786431
0

0101000
+519 0 -518 0 *
Ve
1e-07
36.869404 12.452477 0
0 0

0101101
*
Ed
 1e-07 1 1 0
1  1501 0 0 3.032013
0

0101000
+518 0 -516 0 *
Ed
 1e-07 1 1 0
1  1502 0 0 1.66280957993992
0

0101000
+516 0 -519 0 *
Wi

0101100
+517 0 +515 0 +514 0 *
Fa
0  1e-07 481 0

0111000
+513 0 *
Ve
1e-07
41.239346 7.991047 0
0 0

0101101
*
Ve
1e-07
41.239346 9.595676 0
0 0

0101101
*
Ed
 1e-07 1 1 0
1  1503 0 0 1.604629
0

0101000
+511 0 -510 0 *
Ve
1e-07
42.941139 11.60568 0
0 0

0101101
*
Ed
 1e-07 1 1 0
1  1504 0 0 2.63366958726128
0

0101000
+510 0 -508 0 *
Ed
 1e-07 1 1 0
1  1505 0 0 3.99520601966131
0

0101000
+508 0 -511 0 *
Wi

0101100
+509 0 +507 0 +506 0 *
Fa
0  1e-07 482 0

0111000
+505 0 *
Ve
1e-07
41.239346 9.595676 0
0 0

0101101
*
Ve
1e-07
41.239346 10.230064 0
0 0

0101101
*
Ed
 1e-07 1 1 0
1  1506 0 0 0.634388000000001
0

0101000
+503 0 -502 0 *
Ve
1e-07
42.941139 11.60568 0
0 0

0101101
*
Ed
 1e-07 1 1 0
1  1507 0 0 2.18824559734619
0

0101000
+502 0 -500 0 *
Ed
 1e-07 1 1 0
1  1508 0 0 2.63366958726128
0

0101000
+500 0 -503 0 *
Wi

0101100
+501 0 +499 0 +498 0 *
Fa
0  1e-07 483 0

0111000
+497 0 *
Ve
1e-07
41.239346 7.991047 0
0 0

0101101
*
Ve
1e-07
42.941139 5.547123 0
0 0

0101101
*
Ed
 1e-07 1 1 0
1  1509 0 0 2.97806378921356
0

0101000
+495 0 -494 0 *
Ve
1e-07
41.239346 7.356659 0
0 0

0101101
*
Ed
 1e-07 1 1 0
1  1510 0 0 2.48405312949321
0

0101000
+494 0 -492 0 *
Ed
 1e-07 1 1 0
1  1511 0 0 0.634388
0

0101000
+492 0 -495 0 *
Wi

0101100
+493 0 +491 0 +490 0 *
Fa
0  1e-07 484 0

0111000
+489 0 *
Ve
1e-07
41.239346 9.595676 0
0 0

0101101
*
Ve
1e-07
41.239346 7.991047 0
0 0

0101101
*
Ed
 1e-07 1 1 0
1  1512 0 0 1.604629
0

0101000
+487 0 -486 0 *
Ve
1e-07
35.194 7.991047 0
0 0

0101101
*
Ed
 1e-07 1 1 0
1  1513 0 0 6.045346
0

0101000
+486 0 -484 0 *
Ve
1e-07
35.194 9.595676 0
0 0

0101101
*
Ed
 1e-07 1 1 0
1  1514 0 0 1.604629
0

0101000
+484 0 -482 0 *
Ed
 1e-07 1 1 0
1  1515 0 0 6.045346
0

0101000
+482 0 -487 0 *
Wi

0101100
+485 0 +483 0 +481 0 +480 0 *
Fa
0  1e-07 485 0

0111000
+479 0 *
Ve
1e-07
42.144627 14.448109 0
0 0

0101101
*
Ve
1e-07
40.515781 14.722641 0
0 0

0101101
*
Ed
 1e-07 1 1 0
1  1516 0 0 1.65181933356527
0

0101000
+477 0 -476 0 *
Ve
1e-07
42.144627 14.722641 0
0 0

0101101
*
Ed
 1e-07 1 1 0
1  1517 0 0 1.628846
0

0101000
+476 0 -474 0 *
Ed
 1e-07 1 1 0
1  1518 0 0 0.274531999999999
0

0101000
+474 0 -477 0 *
Wi

0101100
+475 0 +473 0 +472 0 *
Fa
0  1e-07 486 0

0111000
+471 0 *
Ve
1e-07
42.941139 5.547123 0
0 0

0101101
*
Ve
1e-07
35.194 7.356659 0
0 0

0101101
*
Ed
 1e-07 1 1 0
1  1519 0 0 7.9556635939824
0

0101000
+469 0 -468 0 *
Ve
1e-07
41.239346 7.356659 0
0 0

0101101
*
Ed
 1e-07 1 1 0
1  1520 0 0 6.045346
0

0101000
+468 0 -466 0 *
Ed
 1e-07 1 1 0
1  1521 0 0 2.48405312949321
0

0101000
+466 0 -469 0 *
Wi

0101100
+467 0 +465 0 +464 0 *
Fa
0  1e-07 487 0

0111000
+463 0 *
Ve
1e-07
42.481766 14.448109 0
0 0

0101101
*
Ve
1e-07
42.481766 16.803305 0
0 0

0101101
*
Ed
 1e-07 1 1 0
1  1522 0 0 2.355196
0

0101000
+461 0 -460 0 *
Ve
1e-07
43.494015 15.839396 0
0 0

0101101
*
Ed
 1e-07 1 1 0
1  1523 0 0 1.39777272769288
0

0101000
+460 0 -458 0 *
Ve
1e-07
43.494015 15.14978 0
0 0

0101101
*
Ed
 1e-07 1 1 0
1  1524 0 0 0.689616000000001
0

0101000
+458 0 -456 0 *
Ed
 1e-07 1 1 0
1  1525 0 0 1.23166157293389
0

0101000
+456 0 -461 0 *
Wi

0101100
+459 0 +457 0 +455 0 +454 0 *
Fa
0  1e-07 488 0

0111000
+453 0 *
Ve
1e-07
41.49445 17.061117 0
0 0

0101101
*
Ve
1e-07
43.830715 18.140862 0
0 0

0101101
*
Ed
 1e-07 1 1 0
1  1526 0 0 2.57371004879143
0

0101000
+451 0 -450 0 *
Ve
1e-07
44.569645 17.061117 0
0 0

0101101
*
Ed
 1e-07 1 1 0
1  1527 0 0 1.30838328097122
0

0101000
+450 0 -448 0 *
Ed
 1e-07 1 1 0
1  1528 0 0 3.075195
0

0101000
+448 0 -451 0 *
Wi

0101100
+449 0 +447 0 +446 0 *
Fa
0  1e-07 489 0

0111000
+445 0 *
Ve
1e-07
43.830715 18.140862 0
0 0

0101101
*
Ve
1e-07
44.697956 18.140862 0
0 0

0101101
*
Ed
 1e-07 1 1 0
1  1529 0 0 0.867241
0

0101000
+443 0 -442 0 *
Ve
1e-07
44.569645 17.061117 0
0 0

0101101
*
Ed
 1e-07 1 1 0
1  1530 0 0 1.08734216222218
0

0101000
+442 0 -440 0 *
Ed
 1e-07 1 1 0
1  1531 0 0 1.30838328097122
0

0101000
+440 0 -443 0 *
Wi

0101100
+441 0 +439 0 +438 0 *
Fa
0  1e-07 490 0

0111000
+437 0 *
Ve
1e-07
44.697956 18.140862 0
0 0

0101101
*
Ve
1e-07
43.830715 19.917027 0
0 0

0101101
*
Ed
 1e-07 1 1 0
1  1532 0 0 1.97658014239393
0

0101000
+435 0 -434 0 *
Ve
1e-07
44.697956 21.212215 0
0 0

0101101
*
Ed
 1e-07 1 1 0
1  1533 0 0 1.5587234865187
0

0101000
+434 0 -432 0 *
Ed
 1e-07 1 1 0
1  1534 0 0 3.071353
0

0101000
+432 0 -435 0 *
Wi

0101100
+433 0 +431 0 +430 0 *
Fa
0  1e-07 491 0

0111000
+429 0 *
Ve
1e-07
44.569645 16.803305 0
0 0

0101101
*
Ve
1e-07
44.569645 17.061117 0
0 0

0101101
*
Ed
 1e-07 1 1 0
1  1535 0 0 0.257811999999998
0

0101000
+427 0 -426 0 *
Ve
1e-07
45.47702 17.061117 0
0 0

0101101
*
Ed
 1e-07 1 1 0
1  1536 0 0 0.907375000000002
0

0101000
+426 0 -424 0 *
Ve
1e-07
45.47702 16.803305 0
0 0

0101101
*
Ed
 1e-07 1 1 0
1  1537 0 0 0.257811999999998
0

0101000
+424 0 -422 0 *
Ed
 1e-07 1 1 0
1  1538 0 0 0.907375000000002
0

0101000
+422 0 -427 0 *
Wi

0101100
+425 0 +423 0 +421 0 +420 0 *
Fa
0  1e-07 492 0

0111000
+419 0 *
Ve
1e-07
44.344921 13.99535 0
0 0

0101101
*
Ve
1e-07
43.494015 15.14978 0
0 0

0101101
*
Ed
 1e-07 1 1 0
1  1539 0 0 1.43413724787274
0

0101000
+417 0 -416 0 *
Ve
1e-07
45.162781 13.99535 0
0 0

0101101
*
Ed
 1e-07 1 1 0
1  1540 0 0 2.02915957668588
0

0101000
+416 0 -414 0 *
Ed
 1e-07 1 1 0
1  1541 0 0 0.817860000000003
0

0101000
+414 0 -417 0 *
Wi

0101100
+415 0 +413 0 +412 0 *
Fa
0  1e-07 493 0

0111000
+411 0 *
Ve
1e-07
44.697956 18.140862 0
0 0

0101101
*
Ve
1e-07
43.830715 18.140862 0
0 0

0101101
*
Ed
 1e-07 1 1 0
1  1542 0 0 0.867241
0

0101000
+409 0 -408 0 *
Ve
1e-07
43.830715 19.917027 0
0 0

0101101
*
Ed
 1e-07 1 1 0
1  1543 0 0 1.776165
0

0101000
+408 0 -406 0 *
Ed
 1e-07 1 1 0
1  1544 0 0 1.97658014239393
0

0101000
+406 0 -409 0 *
Wi

0101100
+407 0 +405 0 +404 0 *
Fa
0  1e-07 494 0

0111000
+403 0 *
Ve
1e-07
44.569645 16.803305 0
0 0

0101101
*
Ve
1e-07
43.494015 15.839396 0
0 0

0101101
*
Ed
 1e-07 1 1 0
1  1545 0 0 1.44433391470983
0

0101000
+401 0 -400 0 *
Ve
1e-07
42.481766 16.803305 0
0 0

0101101
*
Ed
 1e-07 1 1 0
1  1546 0 0 1.39777272769288
0

0101000
+400 0 -398 0 *
Ed
 1e-07 1 1 0
1  1547 0 0 2.087879
0

0101000
+398 0 -401 0 *
Wi

0101100
+399 0 +397 0 +396 0 *
Fa
0  1e-07 495 0

0111000
+395 0 *
Ve
1e-07
43.141533 13.99535 0
0 0

0101101
*
Ve
1e-07
42.481766 14.130527 0
0 0

0101101
*
Ed
 1e-07 1 1 0
1  1548 0 0 0.673472579707595
0

0101000
+393 0 -392 0 *
Ve
1e-07
42.481766 14.448109 0
0 0

0101101
*
Ed
 1e-07 1 1 0
1  1549 0 0 0.317582
0

0101000
+392 0 -390 0 *
Ed
 1e-07 1 1 0
1  1550 0 0 0.800176984404077
0

0101000
+390 0 -393 0 *
Wi

0101100
+391 0 +389 0 +388 0 *
Fa
0  1e-07 496 0

0111000
+387 0 *
Ve
1e-07
43.141533 13.99535 0
0 0

0101101
*
Ve
1e-07
43.494015 15.14978 0
0 0

0101101
*
Ed
 1e-07 1 1 0
1  1551 0 0 1.20704274374357
0

0101000
+385 0 -384 0 *
Ve
1e-07
43.334297 13.99535 0
0 0

0101101
*
Ed
 1e-07 1 1 0
1  1552 0 0 1.1654263015841
0

0101000
+384 0 -382 0 *
Ed
 1e-07 1 1 0
1  1553 0 0 0.192763999999997
0

0101000
+382 0 -385 0 *
Wi

0101100
+383 0 +381 0 +380 0 *
Fa
0  1e-07 497 0

0111000
+379 0 *
Ve
1e-07
43.141533 13.99535 0
0 0

0101101
*
Ve
1e-07
42.481766 14.448109 0
0 0

0101101
*
Ed
 1e-07 1 1 0
1  1554 0 0 0.800176984404077
0

0101000
+377 0 -376 0 *
Ve
1e-07
43.494015 15.14978 0
0 0

0101101
*
Ed
 1e-07 1 1 0
1  1555 0 0 1.23166157293389
0

0101000
+376 0 -374 0 *
Ed
 1e-07 1 1 0
1  1556 0 0 1.20704274374357
0

0101000
+374 0 -377 0 *
Wi

0101100
+375 0 +373 0 +372 0 *
Fa
0  1e-07 498 0

0111000
+371 0 *
Ve
1e-07
42.481766 12.453232 0
0 0

0101101
*
Ve
1e-07
42.481766 14.130527 0
0 0

0101101
*
Ed
 1e-07 1 1 0
1  1557 0 0 1.677295
0

0101000
+369 0 -368 0 *
Ve
1e-07
43.141533 13.99535 0
0 0

0101101
*
Ed
 1e-07 1 1 0
1  1558 0 0 0.673472579707595
0

0101000
+368 0 -366 0 *
Ve
1e-07
43.141533 12.453232 0
0 0

0101101
*
Ed
 1e-07 1 1 0
1  1559 0 0 1.542118
0

0101000
+366 0 -364 0 *
Ed
 1e-07 1 1 0
1  1560 0 0 0.659767000000002
0

0101000
+364 0 -369 0 *
Wi

0101100
+367 0 +365 0 +363 0 +362 0 *
Fa
0  1e-07 499 0

0111000
+361 0 *
Ve
1e-07
44.152157 13.99535 0
0 0

0101101
*
Ve
1e-07
43.494015 15.14978 0
0 0

0101101
*
Ed
 1e-07 1 1 0
1  1561 0 0 1.32885646970017
0

0101000
+359 0 -358 0 *
Ve
1e-07
44.344921 13.99535 0
0 0

0101101
*
Ed
 1e-07 1 1 0
1  1562 0 0 1.43413724787274
0

0101000
+358 0 -356 0 *
Ed
 1e-07 1 1 0
1  1563 0 0 0.192763999999997
0

0101000
+356 0 -359 0 *
Wi

0101100
+357 0 +355 0 +354 0 *
Fa
0  1e-07 500 0

0111000
+353 0 *
Ve
1e-07
45.992245 15.839396 0
0 0

0101101
*
Ve
1e-07
43.494015 15.839396 0
0 0

0101101
*
Ed
 1e-07 1 1 0
1  1564 0 0 2.49823
0

0101000
+351 0 -350 0 *
Ve
1e-07
44.569645 16.803305 0
0 0

0101101
*
Ed
 1e-07 1 1 0
1  1565 0 0 1.44433391470983
0

0101000
+350 0 -348 0 *
Ve
1e-07
45.47702 16.803305 0
0 0

0101101
*
Ed
 1e-07 1 1 0
1  1566 0 0 0.907375000000002
0

0101000
+348 0 -346 0 *
Ed
 1e-07 1 1 0
1  1567 0 0 1.09296722773649
0

0101000
+346 0 -351 0 *
Wi

0101100
+349 0 +347 0 +345 0 +344 0 *
Fa
0  1e-07 501 0

0111000
+343 0 *
Ve
1e-07
43.334297 13.99535 0
0 0

0101101
*
Ve
1e-07
43.494015 15.14978 0
0 0

0101101
*
Ed
 1e-07 1 1 0
1  1568 0 0 1.1654263015841
0

0101000
+341 0 -340 0 *
Ve
1e-07
44.152157 13.99535 0
0 0

0101101
*
Ed
 1e-07 1 1 0
1  1569 0 0 1.32885646970017
0

0101000
+340 0 -338 0 *
Ed
 1e-07 1 1 0
1  1570 0 0 0.817860000000003
0

0101000
+338 0 -341 0 *
Wi

0101100
+339 0 +337 0 +336 0 *
Fa
0  1e-07 502 0

0111000
+335 0 *
Ve
1e-07
43.494015 15.14978 0
0 0

0101101
*
Ve
1e-07
46.785954 15.14978 0
0 0

0101101
*
Ed
 1e-07 1 1 0
1  1571 0 0 3.291939
0

0101000
+333 0 -332 0 *
Ve
1e-07
45.162781 13.99535 0
0 0

0101101
*
Ed
 1e-07 1 1 0
1  1572 0 0 1.99183312876079
0

0101000
+332 0 -330 0 *
Ed
 1e-07 1 1 0
1  1573 0 0 2.02915957668588
0

0101000
+330 0 -333 0 *
Wi

0101100
+331 0 +329 0 +328 0 *
Fa
0  1e-07 503 0

0111000
+327 0 *
Ve
1e-07
44.152157 13.99535 0
0 0

0101101
*
Ve
1e-07
44.152157 12.453232 0
0 0

0101101
*
Ed
 1e-07 1 1 0
1  1574 0 0 1.542118
0

0101000
+325 0 -324 0 *
Ve
1e-07
43.334297 12.453232 0
0 0

0101101
*
Ed
 1e-07 1 1 0
1  1575 0 0 0.817860000000003
0

0101000
+324 0 -322 0 *
Ve
1e-07
43.334297 13.99535 0
0 0

0101101
*
Ed
 1e-07 1 1 0
1  1576 0 0 1.542118
0

0101000
+322 0 -320 0 *
Ed
 1e-07 1 1 0
1  1577 0 0 0.817860000000003
0

0101000
+320 0 -325 0 *
Wi

0101100
+323 0 +321 0 +319 0 +318 0 *
Fa
0  1e-07 504 0

0111000
+317 0 *
Ve
1e-07
44.697956 18.140862 0
0 0

0101101
*
Ve
1e-07
45.47702 17.061117 0
0 0

0101101
*
Ed
 1e-07 1 1 0
1  1578 0 0 1.33146159581154
0

0101000
+315 0 -314 0 *
Ve
1e-07
44.569645 17.061117 0
0 0

0101101
*
Ed
 1e-07 1 1 0
1  1579 0 0 0.907375000000002
0

0101000
+314 0 -312 0 *
Ed
 1e-07 1 1 0
1  1580 0 0 1.08734216222218
0

0101000
+312 0 -315 0 *
Wi

0101100
+313 0 +311 0 +310 0 *
Fa
0  1e-07 505 0

0111000
+309 0 *
Ve
1e-07
45.992245 15.839396 0
0 0

0101101
*
Ve
1e-07
45.47702 16.803305 0
0 0

0101101
*
Ed
 1e-07 1 1 0
1  1581 0 0 1.09296722773649
0

0101000
+307 0 -306 0 *
Ve
1e-07
45.992245 16.803305 0
0 0

0101101
*
Ed
 1e-07 1 1 0
1  1582 0 0 0.515224999999994
0

0101000
+306 0 -304 0 *
Ed
 1e-07 1 1 0
1  1583 0 0 0.963909000000001
0

0101000
+304 0 -307 0 *
Wi

0101100
+305 0 +303 0 +302 0 *
Fa
0  1e-07 506 0

0111000
+301 0 *
Ve
1e-07
44.697956 18.140862 0
0 0

0101101
*
Ve
1e-07
48.281204 18.140862 0
0 0

0101101
*
Ed
 1e-07 1 1 0
1  1584 0 0 3.583248
0

0101000
+299 0 -298 0 *
Ve
1e-07
46.785954 17.061117 0
0 0

0101101
*
Ed
 1e-07 1 1 0
1  1585 0 0 1.84434861876084
0

0101000
+298 0 -296 0 *
Ve
1e-07
46.384243 17.061117 0
0 0

0101101
*
Ed
 1e-07 1 1 0
1  1586 0 0 0.401710999999999
0

0101000
+296 0 -294 0 *
Ed
 1e-07 1 1 0
1  1587 0 0 2.00235189499598
0

0101000
+294 0 -299 0 *
Wi

0101100
+297 0 +295 0 +293 0 +292 0 *
Fa
0  1e-07 507 0

0111000
+291 0 *
Ve
1e-07
44.697956 18.140862 0
0 0

0101101
*
Ve
1e-07
46.384243 17.061117 0
0 0

0101101
*
Ed
 1e-07 1 1 0
1  1588 0 0 2.00235189499598
0

0101000
+289 0 -288 0 *
Ve
1e-07
45.47702 17.061117 0
0 0

0101101
*
Ed
 1e-07 1 1 0
1  1589 0 0 0.907222999999995
0

0101000
+288 0 -286 0 *
Ed
 1e-07 1 1 0
1  1590 0 0 1.33146159581154
0

0101000
+286 0 -289 0 *
Wi

0101100
+287 0 +285 0 +284 0 *
Fa
0  1e-07 508 0

0111000
+283 0 *
Ve
1e-07
46.785954 17.061117 0
0 0

0101101
*
Ve
1e-07
46.384243 16.803305 0
0 0

0101101
*
Ed
 1e-07 1 1 0
1  1591 0 0 0.477324580201981
0

0101000
+281 0 -280 0 *
Ve
1e-07
46.384243 17.061117 0
0 0

0101101
*
Ed
 1e-07 1 1 0
1  1592 0 0 0.257811999999998
0

0101000
+280 0 -278 0 *
Ed
 1e-07 1 1 0
1  1593 0 0 0.401710999999999
0

0101000
+278 0 -281 0 *
Wi

0101100
+279 0 +277 0 +276 0 *
Fa
0  1e-07 509 0

0111000
+275 0 *
Ve
1e-07
48.281204 18.140862 0
0 0

0101101
*
Ve
1e-07
47.24099 17.061117 0
0 0

0101101
*
Ed
 1e-07 1 1 0
1  1594 0 0 1.49929797932933
0

0101000
+273 0 -272 0 *
Ve
1e-07
46.785954 17.061117 0
0 0

0101101
*
Ed
 1e-07 1 1 0
1  1595 0 0 0.455036
0

0101000
+272 0 -270 0 *
Ed
 1e-07 1 1 0
1  1596 0 0 1.84434861876084
0

0101000
+270 0 -273 0 *
Wi

0101100
+271 0 +269 0 +268 0 *
Fa
0  1e-07 510 0

0111000
+267 0 *
Ve
1e-07
47.24099 11.60568 0
0 0

0101101
*
Ve
1e-07
47.24099 17.061117 0
0 0

0101101
*
Ed
 1e-07 1 1 0
1  1597 0 0 5.455437
0

0101000
+265 0 -264 0 *
Ve
1e-07
48.281204 18.140862 0
0 0

0101101
*
Ed
 1e-07 1 1 0
1  1598 0 0 1.49929797932933
0

0101000
+264 0 -262 0 *
Ve
1e-07
48.281204 13.818213 0
0 0

0101101
*
Ed
 1e-07 1 1 0
1  1599 0 0 4.322649
0

0101000
+262 0 -260 0 *
Ed
 1e-07 1 1 0
1  1600 0 0 2.44486143613192
0

0101000
+260 0 -265 0 *
Wi

0101100
+263 0 +261 0 +259 0 +258 0 *
Fa
0  1e-07 511 0

0111000
+257 0 *
Ve
1e-07
45.355545 13.99535 0
0 0

0101101
*
Ve
1e-07
45.162781 13.99535 0
0 0

0101101
*
Ed
 1e-07 1 1 0
1  1601 0 0 0.192763999999997
0

0101000
+255 0 -254 0 *
Ve
1e-07
46.785954 15.14978 0
0 0

0101101
*
Ed
 1e-07 1 1 0
1  1602 0 0 1.99183312876079
0

0101000
+254 0 -252 0 *
Ed
 1e-07 1 1 0
1  1603 0 0 1.83814540561431
0

0101000
+252 0 -255 0 *
Wi

0101100
+253 0 +251 0 +250 0 *
Fa
0  1e-07 512 0

0111000
+249 0 *
Ve
1e-07
46.017265 13.99535 0
0 0

0101101
*
Ve
1e-07
46.017265 12.453232 0
0 0

0101101
*
Ed
 1e-07 1 1 0
1  1604 0 0 1.542118
0

0101000
+247 0 -246 0 *
Ve
1e-07
45.355545 12.453232 0
0 0

0101101
*
Ed
 1e-07 1 1 0
1  1605 0 0 0.661720000000003
0

0101000
+246 0 -244 0 *
Ve
1e-07
45.355545 13.99535 0
0 0

0101101
*
Ed
 1e-07 1 1 0
1  1606 0 0 1.542118
0

0101000
+244 0 -242 0 *
Ed
 1e-07 1 1 0
1  1607 0 0 0.661720000000003
0

0101000
+242 0 -247 0 *
Wi

0101100
+245 0 +243 0 +241 0 +240 0 *
Fa
0  1e-07 513 0

0111000
+239 0 *
Ve
1e-07
45.355545 13.99535 0
0 0

0101101
*
Ve
1e-07
46.785954 15.14978 0
0 0

0101101
*
Ed
 1e-07 1 1 0
1  1608 0 0 1.83814540561431
0

0101000
+237 0 -236 0 *
Ve
1e-07
46.017265 13.99535 0
0 0

0101101
*
Ed
 1e-07 1 1 0
1  1609 0 0 1.38693597675631
0

0101000
+236 0 -234 0 *
Ed
 1e-07 1 1 0
1  1610 0 0 0.661720000000003
0

0101000
+234 0 -237 0 *
Wi

0101100
+235 0 +233 0 +232 0 *
Fa
0  1e-07 514 0

0111000
+231 0 *
Ve
1e-07
46.785954 15.14978 0
0 0

0101101
*
Ve
1e-07
46.21003 13.99535 0
0 0

0101101
*
Ed
 1e-07 1 1 0
1  1611 0 0 1.29011514163504
0

0101000
+229 0 -228 0 *
Ve
1e-07
46.017265 13.99535 0
0 0

0101101
*
Ed
 1e-07 1 1 0
1  1612 0 0 0.192765000000001
0

0101000
+228 0 -226 0 *
Ed
 1e-07 1 1 0
1  1613 0 0 1.38693597675631
0

0101000
+226 0 -229 0 *
Wi

0101100
+227 0 +225 0 +224 0 *
Fa
0  1e-07 515 0

0111000
+223 0 *
Ve
1e-07
46.785954 15.344954 0
0 0

0101101
*
Ve
1e-07
46.384243 16.803305 0
0 0

0101101
*
Ed
 1e-07 1 1 0
1  1614 0 0 1.512666310434
0

0101000
+221 0 -220 0 *
Ve
1e-07
46.785954 17.061117 0
0 0

0101101
*
Ed
 1e-07 1 1 0
1  1615 0 0 0.477324580201981
0

0101000
+220 0 -218 0 *
Ed
 1e-07 1 1 0
1  1616 0 0 1.716163
0

0101000
+218 0 -221 0 *
Wi

0101100
+219 0 +217 0 +216 0 *
Fa
0  1e-07 516 0

0111000
+215 0 *
Ve
1e-07
46.785954 15.344954 0
0 0

0101101
*
Ve
1e-07
46.213444 15.344954 0
0 0

0101101
*
Ed
 1e-07 1 1 0
1  1617 0 0 0.572509999999994
0

0101000
+213 0 -212 0 *
Ve
1e-07
46.384243 16.803305 0
0 0

0101101
*
Ed
 1e-07 1 1 0
1  1618 0 0 1.46831874523279
0

0101000
+212 0 -210 0 *
Ed
 1e-07 1 1 0
1  1619 0 0 1.512666310434
0

0101000
+210 0 -213 0 *
Wi

0101100
+211 0 +209 0 +208 0 *
Fa
0  1e-07 517 0

0111000
+207 0 *
Ve
1e-07
46.213444 15.344954 0
0 0

0101101
*
Ve
1e-07
46.213444 16.803305 0
0 0

0101101
*
Ed
 1e-07 1 1 0
1  1620 0 0 1.458351
0

0101000
+205 0 -204 0 *
Ve
1e-07
46.384243 16.803305 0
0 0

0101101
*
Ed
 1e-07 1 1 0
1  1621 0 0 0.170798999999995
0

0101000
+204 0 -202 0 *
Ed
 1e-07 1 1 0
1  1622 0 0 1.46831874523279
0

0101000
+202 0 -205 0 *
Wi

0101100
+203 0 +201 0 +200 0 *
Fa
0  1e-07 518 0

0111000
+199 0 *
Ve
1e-07
53.954979 22.052694 0
0 0

0101101
*
Ve
1e-07
56.184589 14.306865 0
0 0

0101101
*
Ed
 1e-07 1 1 0
1  1623 0 0 8.06033669578021
0

0101000
+197 0 -196 0 *
Ve
1e-07
51.748932 13.041532 0
0 0

0101101
*
Ed
 1e-07 1 1 0
1  1624 0 0 4.61260453784388
0

0101000
+196 0 -194 0 *
Ed
 1e-07 1 1 0
1  1625 0 0 9.27726705212548
0

0101000
+194 0 -197 0 *
Wi

0101100
+195 0 +193 0 +192 0 *
Fa
0  1e-07 519 0

0111000
+191 0 *
Ve
1e-07
44.344921 12.453232 0
0 0

0101101
*
Ve
1e-07
44.344921 13.99535 0
0 0

0101101
*
Ed
 1e-07 1 1 0
1  1626 0 0 1.542118
0

0101000
+189 0 -188 0 *
Ve
1e-07
45.162781 13.99535 0
0 0

0101101
*
Ed
 1e-07 1 1 0
1  1627 0 0 0.817860000000003
0

0101000
+188 0 -186 0 *
Ve
1e-07
45.162781 12.453232 0
0 0

0101101
*
Ed
 1e-07 1 1 0
1  1628 0 0 1.542118
0

0101000
+186 0 -184 0 *
Ed
 1e-07 1 1 0
1  1629 0 0 0.817860000000003
0

0101000
+184 0 -189 0 *
Wi

0101100
+187 0 +185 0 +183 0 +182 0 *
Fa
0  1e-07 520 0

0111000
+181 0 *
Ve
1e-07
46.21003 13.99535 0
0 0

0101101
*
Ve
1e-07
46.785954 12.453232 0
0 0

0101101
*
Ed
 1e-07 1 1 0
1  1630 0 0 1.64615199167634
0

0101000
+179 0 -178 0 *
Ve
1e-07
46.21003 12.453232 0
0 0

0101101
*
Ed
 1e-07 1 1 0
1  1631 0 0 0.575923999999993
0

0101000
+178 0 -176 0 *
Ed
 1e-07 1 1 0
1  1632 0 0 1.542118
0

0101000
+176 0 -179 0 *
Wi

0101100
+177 0 +175 0 +174 0 *
Fa
0  1e-07 521 0

0111000
+173 0 *
Ve
1e-07
42.941139 5.547123 0
0 0

0101101
*
Ve
1e-07
41.239346 7.991047 0
0 0

0101101
*
Ed
 1e-07 1 1 0
1  1633 0 0 2.97806378921356
0

0101000
+171 0 -170 0 *
Ve
1e-07
42.941139 11.60568 0
0 0

0101101
*
Ed
 1e-07 1 1 0
1  1634 0 0 3.99520601966131
0

0101000
+170 0 -168 0 *
Ed
 1e-07 1 1 0
1  1635 0 0 6.058557
0

0101000
+168 0 -171 0 *
Wi

0101100
+169 0 +167 0 +166 0 *
Fa
0  1e-07 522 0

0111000
+165 0 *
Ve
1e-07
50.418983 5.547123 0
0 0

0101101
*
Ve
1e-07
43.200794 5.547123 0
0 0

0101101
*
Ed
 1e-07 1 1 0
1  1636 0 0 7.218189
0

0101000
+163 0 -162 0 *
Ve
1e-07
47.24099 11.60568 0
0 0

0101101
*
Ed
 1e-07 1 1 0
1  1637 0 0 7.28212171284338
0

0101000
+162 0 -160 0 *
Ed
 1e-07 1 1 0
1  1638 0 0 6.84147297226979
0

0101000
+160 0 -163 0 *
Wi

0101100
+161 0 +159 0 +158 0 *
Fa
0  1e-07 523 0

0111000
+157 0 *
Ve
1e-07
47.24099 11.60568 0
0 0

0101101
*
Ve
1e-07
43.200794 5.547123 0
0 0

0101101
*
Ed
 1e-07 1 1 0
1  1639 0 0 7.28212171284338
0

0101000
+155 0 -154 0 *
Ve
1e-07
43.200794 11.60568 0
0 0

0101101
*
Ed
 1e-07 1 1 0
1  1640 0 0 6.058557
0

0101000
+154 0 -152 0 *
Ed
 1e-07 1 1 0
1  1641 0 0 4.04019599999999
0

0101000
+152 0 -155 0 *
Wi

0101100
+153 0 +151 0 +150 0 *
Fa
0  1e-07 524 0

0111000
+149 0 *
Ve
1e-07
46.21003 13.99535 0
0 0

0101101
*
Ve
1e-07
46.785954 15.14978 0
0 0

0101101
*
Ed
 1e-07 1 1 0
1  1642 0 0 1.29011514163504
0

0101000
+147 0 -146 0 *
Ve
1e-07
46.785954 12.453232 0
0 0

0101101
*
Ed
 1e-07 1 1 0
1  1643 0 0 2.696548
0

0101000
+146 0 -144 0 *
Ed
 1e-07 1 1 0
1  1644 0 0 1.64615199167634
0

0101000
+144 0 -147 0 *
Wi

0101100
+145 0 +143 0 +142 0 *
Fa
0  1e-07 525 0

0111000
+141 0 *
Ve
1e-07
48.281204 13.818213 0
0 0

0101101
*
Ve
1e-07
50.937206 13.818213 0
0 0

0101101
*
Ed
 1e-07 1 1 0
1  1645 0 0 2.656002
0

0101000
+139 0 -138 0 *
Ve
1e-07
51.748932 13.041532 0
0 0

0101101
*
Ed
 1e-07 1 1 0
1  1646 0 0 1.12344669425701
0

0101000
+138 0 -136 0 *
Ve
1e-07
49.494961 13.041532 0
0 0

0101101
*
Ed
 1e-07 1 1 0
1  1647 0 0 2.253971
0

0101000
+136 0 -134 0 *
Ed
 1e-07 1 1 0
1  1648 0 0 1.44098557619776
0

0101000
+134 0 -139 0 *
Wi

0101100
+137 0 +135 0 +133 0 +132 0 *
Fa
0  1e-07 526 0

0111000
+131 0 *
Ve
1e-07
49.494961 11.60568 0
0 0

0101101
*
Ve
1e-07
48.281204 13.818213 0
0 0

0101101
*
Ed
 1e-07 1 1 0
1  1649 0 0 2.52359036516191
0

0101000
+129 0 -128 0 *
Ve
1e-07
49.494961 13.041532 0
0 0

0101101
*
Ed
 1e-07 1 1 0
1  1650 0 0 1.44098557619776
0

0101000
+128 0 -126 0 *
Ed
 1e-07 1 1 0
1  1651 0 0 1.435852
0

0101000
+126 0 -129 0 *
Wi

0101100
+127 0 +125 0 +124 0 *
Fa
0  1e-07 527 0

0111000
+123 0 *
Ve
1e-07
56.442417 12.705679 0
0 0

0101101
*
Ve
1e-07
51.748932 11.60568 0
0 0

0101101
*
Ed
 1e-07 1 1 0
1  1652 0 0 4.82066377641357
0

0101000
+121 0 -120 0 *
Ve
1e-07
51.748932 13.041532 0
0 0

0101101
*
Ed
 1e-07 1 1 0
1  1653 0 0 1.435852
0

0101000
+120 0 -118 0 *
Ed
 1e-07 1 1 0
1  1654 0 0 4.70548601983195
0

0101000
+118 0 -121 0 *
Wi

0101100
+119 0 +117 0 +116 0 *
Fa
0  1e-07 528 0

0111000
+115 0 *
Ve
1e-07
50.937206 13.818213 0
0 0

0101101
*
Ve
1e-07
53.954979 22.052694 0
0 0

0101101
*
Ed
 1e-07 1 1 0
1  1655 0 0 8.77004168854915
0

0101000
+113 0 -112 0 *
Ve
1e-07
51.748932 13.041532 0
0 0

0101101
*
Ed
 1e-07 1 1 0
1  1656 0 0 9.27726705212548
0

0101000
+112 0 -110 0 *
Ed
 1e-07 1 1 0
1  1657 0 0 1.12344669425701
0

0101000
+110 0 -113 0 *
Wi

0101100
+111 0 +109 0 +108 0 *
Fa
0  1e-07 529 0

0111000
+107 0 *
Ve
1e-07
56.184589 14.306865 0
0 0

0101101
*
Ve
1e-07
56.442417 12.705679 0
0 0

0101101
*
Ed
 1e-07 1 1 0
1  1658 0 0 1.62181129734011
0

0101000
+105 0 -104 0 *
Ve
1e-07
51.748932 13.041532 0
0 0

0101101
*
Ed
 1e-07 1 1 0
1  1659 0 0 4.70548601983195
0

0101000
+104 0 -102 0 *
Ed
 1e-07 1 1 0
1  1660 0 0 4.61260453784388
0

0101000
+102 0 -105 0 *
Wi

0101100
+103 0 +101 0 +100 0 *
Fa
0  1e-07 530 0

0111000
+99 0 *
Ve
1e-07
56.442417 12.705679 0
0 0

0101101
*
Ve
1e-07
56.184589 14.306865 0
0 0

0101101
*
Ed
 1e-07 1 1 0
1  1661 0 0 1.62181129734011
0

0101000
+97 0 -96 0 *
Ve
1e-07
57.50853 12.705679 0
0 0

0101101
*
Ed
 1e-07 1 1 0
1  1662 0 0 2.07764683670661
0

0101000
+96 0 -94 0 *
Ed
 1e-07 1 1 0
1  1663 0 0 1.066113
0

0101000
+94 0 -97 0 *
Wi

0101100
+95 0 +93 0 +92 0 *
Fa
0  1e-07 531 0

0111000
+91 0 *
Ve
1e-07
49.494961 11.60568 0
0 0

0101101
*
Ve
1e-07
50.418983 11.60568 0
0 0

0101101
*
Ed
 1e-07 1 1 0
1  1664 0 0 0.924021999999994
0

0101000
+89 0 -88 0 *
Ve
1e-07
50.418983 5.547123 0
0 0

0101101
*
Ed
 1e-07 1 1 0
1  1665 0 0 6.058557
0

0101000
+88 0 -86 0 *
Ed
 1e-07 1 1 0
1  1666 0 0 6.12861563313714
0

0101000
+86 0 -89 0 *
Wi

0101100
+87 0 +85 0 +84 0 *
Fa
0  1e-07 532 0

0111000
+83 0 *
Ve
1e-07
50.678638 5.547123 0
0 0

0101101
*
Ve
1e-07
50.678638 11.60568 0
0 0

0101101
*
Ed
 1e-07 1 1 0
1  1667 0 0 6.058557
0

0101000
+81 0 -80 0 *
Ve
1e-07
51.748932 11.60568 0
0 0

0101101
*
Ed
 1e-07 1 1 0
1  1668 0 0 1.070294
0

0101000
+80 0 -78 0 *
Ed
 1e-07 1 1 0
1  1669 0 0 6.15236882580076
0

0101000
+78 0 -81 0 *
Wi

0101100
+79 0 +77 0 +76 0 *
Fa
0  1e-07 533 0

0111000
+75 0 *
Ve
1e-07
49.494961 11.60568 0
0 0

0101101
*
Ve
1e-07
50.418983 5.547123 0
0 0

0101101
*
Ed
 1e-07 1 1 0
1  1670 0 0 6.12861563313714
0

0101000
+73 0 -72 0 *
Ve
1e-07
47.24099 11.60568 0
0 0

0101101
*
Ed
 1e-07 1 1 0
1  1671 0 0 6.84147297226979
0

0101000
+72 0 -70 0 *
Ed
 1e-07 1 1 0
1  1672 0 0 2.25397100000001
0

0101000
+70 0 -73 0 *
Wi

0101100
+71 0 +69 0 +68 0 *
Fa
0  1e-07 534 0

0111000
+67 0 *
Ve
1e-07
50.678638 5.547123 0
0 0

0101101
*
Ve
1e-07
56.442417 11.60568 0
0 0

0101101
*
Ed
 1e-07 1 1 0
1  1673 0 0 8.36225216572007
0

0101000
+65 0 -64 0 *
Ve
1e-07
60.915985 5.547123 0
0 0

0101101
*
Ed
 1e-07 1 1 0
1  1674 0 0 7.53119668929666
0

0101000
+64 0 -62 0 *
Ed
 1e-07 1 1 0
1  1675 0 0 10.237347
0

0101000
+62 0 -65 0 *
Wi

0101100
+63 0 +61 0 +60 0 *
Fa
0  1e-07 535 0

0111000
+59 0 *
Ve
1e-07
58.418064 11.60568 0
0 0

0101101
*
Ve
1e-07
60.915985 5.547123 0
0 0

0101101
*
Ed
 1e-07 1 1 0
1  1676 0 0 6.5532985773952
0

0101000
+57 0 -56 0 *
Ve
1e-07
56.442417 11.60568 0
0 0

0101101
*
Ed
 1e-07 1 1 0
1  1677 0 0 7.53119668929666
0

0101000
+56 0 -54 0 *
Ed
 1e-07 1 1 0
1  1678 0 0 1.975647
0

0101000
+54 0 -57 0 *
Wi

0101100
+55 0 +53 0 +52 0 *
Fa
0  1e-07 536 0

0111000
+51 0 *
Ve
1e-07
60.915985 5.547123 0
0 0

0101101
*
Ve
1e-07
58.418064 11.60568 0
0 0

0101101
*
Ed
 1e-07 1 1 0
1  1679 0 0 6.5532985773952
0

0101000
+49 0 -48 0 *
Ve
1e-07
60.915985 8.584668 0
0 0

0101101
*
Ed
 1e-07 1 1 0
1  1680 0 0 3.91996464606315
0

0101000
+48 0 -46 0 *
Ed
 1e-07 1 1 0
1  1681 0 0 3.037545
0

0101000
+46 0 -49 0 *
Wi

0101100
+47 0 +45 0 +44 0 *
Fa
0  1e-07 537 0

0111000
+43 0 *
Ve
1e-07
51.748932 11.60568 0
0 0

0101101
*
Ve
1e-07
56.442417 11.60568 0
0 0

0101101
*
Ed
 1e-07 1 1 0
1  1682 0 0 4.693485
0

0101000
+41 0 -40 0 *
Ve
1e-07
50.678638 5.547123 0
0 0

0101101
*
Ed
 1e-07 1 1 0
1  1683 0 0 8.36225216572007
0

0101000
+40 0 -38 0 *
Ed
 1e-07 1 1 0
1  1684 0 0 6.15236882580076
0

0101000
+38 0 -41 0 *
Wi

0101100
+39 0 +37 0 +36 0 *
Fa
0  1e-07 538 0

0111000
+35 0 *
Ve
1e-07
51.748932 11.60568 0
0 0

0101101
*
Ve
1e-07
56.442417 12.705679 0
0 0

0101101
*
Ed
 1e-07 1 1 0
1  1685 0 0 4.82066377641357
0

0101000
+33 0 -32 0 *
Ve
1e-07
56.442417 11.60568 0
0 0

0101101
*
Ed
 1e-07 1 1 0
1  1686 0 0 1.099999
0

0101000
+32 0 -30 0 *
Ed
 1e-07 1 1 0
1  1687 0 0 4.693485
0

0101000
+30 0 -33 0 *
Wi

0101100
+31 0 +29 0 +28 0 *
Fa
0  1e-07 539 0

0111000
+27 0 *
Ve
1e-07
48.281204 13.818213 0
0 0

0101101
*
Ve
1e-07
49.494961 11.60568 0
0 0

0101101
*
Ed
 1e-07 1 1 0
1  1688 0 0 2.52359036516191
0

0101000
+25 0 -24 0 *
Ve
1e-07
47.24099 11.60568 0
0 0

0101101
*
Ed
 1e-07 1 1 0
1  1689 0 0 2.25397100000001
0

0101000
+24 0 -22 0 *
Ed
 1e-07 1 1 0
1  1690 0 0 2.44486143613192
0

0101000
+22 0 -25 0 *
Wi

0101100
+23 0 +21 0 +20 0 *
Fa
0  1e-07 540 0

0111000
+19 0 *
Ve
1e-07
26.205263 5.547123 0
0 0

0101101
*
Ve
1e-07
34.11554 7.356659 0
0 0

0101101
*
Ed
 1e-07 1 1 0
1  1691 0 0 8.11461044980134
0

0101000
+17 0 -16 0 *
Ve
1e-07
42.941139 5.547123 0
0 0

0101101
*
Ed
 1e-07 1 1 0
1  1692 0 0 9.00919631510475
0

0101000
+16 0 -14 0 *
Ed
 1e-07 1 1 0
1  1693 0 0 16.735876
0

0101000
+14 0 -17 0 *
Wi

0101100
+15 0 +13 0 +12 0 *
Fa
0  1e-07 541 0

0111000
+11 0 *
Ve
1e-07
26.884848 30.117947 0
0 0

0101101
*
Ve
1e-07
30.747402 31.580383 0
0 0

0101101
*
Ed
 1e-07 1 1 0
1  1694 0 0 4.130138309671
0

0101000
+9 0 -8 0 *
Ve
1e-07
31.992699 28.637436 0
0 0

0101101
*
Ed
 1e-07 1 1 0
1  1695 0 0 3.19557532582444
0

0101000
+8 0 -6 0 *
Ed
 1e-07 1 1 0
1  1696 0 0 5.31808750015661
0

0101000
+6 0 -9 0 *
Wi

0101100
+7 0 +5 0 +4 0 *
Fa
0  1e-07 542 0

0111000
+3 0 *
Co

1100000
+4470 0 +4462 0 +4452 0 +4442 0 +4434 0 +4426 0 +4418 0 +4410 0 +4402 0 +4394 0 
+4386 0 +4378 0 +4370 0 +4362 0 +4354 0 +4346 0 +4336 0 +4328 0 +4320 0 +4312 0 
+4302 0 +4294 0 +4284 0 +4274 0 +4266 0 +4258 0 +4250 0 +4242 0 +4234 0 +4226 0 
+4218 0 +4208 0 +4198 0 +4190 0 +4182 0 +4174 0 +4166 0 +4158 0 +4150 0 +4142 0 
+4132 0 +4124 0 +4114 0 +4106 0 +4098 0 +4090 0 +4082 0 +4074 0 +4066 0 +4056 0 
+4048 0 +4040 0 +4032 0 +4024 0 +4016 0 +4008 0 +4000 0 +3992 0 +3984 0 +3976 0 
+3968 0 +3960 0 +3952 0 +3942 0 +3932 0 +3924 0 +3916 0 +3906 0 +3898 0 +3890 0 
+3880 0 +3872 0 +3864 0 +3856 0 +3848 0 +3840 0 +3832 0 +3824 0 +3816 0 +3808 0 
+3800 0 +3790 0 +3782 0 +3774 0 +3766 0 +3758 0 +3750 0 +3742 0 +3734 0 +3726 0 
+3718 0 +3710 0 +3702 0 +3692 0 +3682 0 +3674 0 +3664 0 +3654 0 +3646 0 +3636 0 
+3628 0 +3620 0 +3610 0 +3602 0 +3594 0 +3586 0 +3578 0 +3568 0 +3560 0 +3552 0 
+3544 0 +3536 0 +3526 0 +3518 0 +3510 0 +3502 0 +3494 0 +3484 0 +3476 0 +3466 0 
+3456 0 +3448 0 +3440 0 +3432 0 +3424 0 +3416 0 +3408 0 +3400 0 +3392 0 +3382 0 
+3374 0 +3366 0 +3356 0 +3348 0 +3340 0 +3330 0 +3322 0 +3314 0 +3306 0 +3298 0 
+3290 0 +3282 0 +3274 0 +3266 0 +3258 0 +3250 0 +3242 0 +3234 0 +3226 0 +3218 0 
+3210 0 +3202 0 +3194 0 +3186 0 +3178 0 +3170 0 +3162 0 +3154 0 +3146 0 +3138 0 
+3130 0 +3122 0 +3114 0 +3106 0 +3096 0 +3088 0 +3080 0 +3072 0 +3064 0 +3056 0 
+3046 0 +3038 0 +3030 0 +3022 0 +3014 0 +3006 0 +2998 0 +2990 0 +2982 0 +2974 0 
+2966 0 +2958 0 +2950 0 +2942 0 +2934 0 +2926 0 +2918 0 +2910 0 +2902 0 +2894 0 
+2886 0 +2878 0 +2870 0 +2862 0 +2854 0 +2846 0 +2838 0 +2830 0 +2822 0 +2814 0 
+2806 0 +2798 0 +2790 0 +2782 0 +2774 0 +2766 0 +2758 0 +2750 0 +2742 0 +2734 0 
+2726 0 +2716 0 +2708 0 +2700 0 +2692 0 +2684 0 +2676 0 +2668 0 +2660 0 +2652 0 
+2644 0 +2636 0 +2628 0 +2620 0 +2612 0 +2604 0 +2594 0 +2586 0 +2578 0 +2570 0 
+2562 0 +2554 0 +2546 0 +2538 0 +2530 0 +2522 0 +2514 0 +2506 0 +2498 0 +2490 0 
+2482 0 +2474 0 +2466 0 +2458 0 +2450 0 +2442 0 +2434 0 +2426 0 +2418 0 +2410 0 
+2402 0 +2394 0 +2386 0 +2378 0 +2370 0 +2362 0 +2354 0 +2346 0 +2338 0 +2330 0 
+2322 0 +2314 0 +2306 0 +2298 0 +2290 0 +2282 0 +2274 0 +2266 0 +2258 0 +2250 0 
+2242 0 +2234 0 +2226 0 +2218 0 +2210 0 +2202 0 +2194 0 +2186 0 +2178 0 +2168 0 
+2160 0 +2152 0 +2144 0 +2134 0 +2126 0 +2118 0 +2110 0 +2102 0 +2094 0 +2086 0 
+2078 0 +2070 0 +2062 0 +2054 0 +2046 0 +2038 0 +2030 0 +2020 0 +2012 0 +2004 0 
+1996 0 +1986 0 +1978 0 +1970 0 +1962 0 +1954 0 +1946 0 +1938 0 +1930 0 +1920 0 
+1912 0 +1904 0 +1896 0 +1888 0 +1880 0 +1872 0 +1864 0 +1856 0 +1848 0 +1840 0 
+1832 0 +1824 0 +1816 0 +1808 0 +1800 0 +1792 0 +1784 0 +1776 0 +1768 0 +1760 0 
+1752 0 +1744 0 +1736 0 +1728 0 +1720 0 +1710 0 +1702 0 +1694 0 +1684 0 +1676 0 
+1668 0 +1660 0 +1652 0 +1644 0 +1636 0 +1628 0 +1620 0 +1612 0 +1604 0 +1594 0 
+1586 0 +1578 0 +1570 0 +1560 0 +1552 0 +1542 0 +1534 0 +1526 0 +1518 0 +1510 0 
+1502 0 +1494 0 +1486 0 +1478 0 +1470 0 +1462 0 +1454 0 +1446 0 +1436 0 +1428 0 
+1420 0 +1412 0 +1404 0 +1396 0 +1388 0 +1380 0 +1372 0 +1364 0 +1356 0 +1348 0 
+1340 0 +1332 0 +1324 0 +1316 0 +1308 0 +1300 0 +1292 0 +1284 0 +1276 0 +1268 0 
+1260 0 +1252 0 +1244 0 +1236 0 +1228 0 +1220 0 +1212 0 +1204 0 +1196 0 +1188 0 
+1180 0 +1170 0 +1162 0 +1152 0 +1144 0 +1136 0 +1128 0 +1120 0 +1112 0 +1104 0 
+1096 0 +1088 0 +1080 0 +1072 0 +1064 0 +1056 0 +1048 0 +1040 0 +1032 0 +1024 0 
+1016 0 +1008 0 +1000 0 +992 0 +984 0 +976 0 +968 0 +960 0 +952 0 +944 0 
+936 0 +928 0 +920 0 +912 0 +904 0 +896 0 +886 0 +878 0 +870 0 +860 0 
+850 0 +842 0 +834 0 +826 0 +818 0 +810 0 +802 0 +794 0 +786 0 +776 0 
+768 0 +760 0 +752 0 +744 0 +736 0 +728 0 +720 0 +712 0 +704 0 +696 0 
+686 0 +678 0 +670 0 +662 0 +652 0 +644 0 +634 0 +624 0 +614 0 +604 0 
+596 0 +588 0 +580 0 +572 0 +564 0 +556 0 +546 0 +538 0 +530 0 +520 0 
+512 0 +504 0 +496 0 +488 0 +478 0 +470 0 +462 0 +452 0 +444 0 +436 0 
+428 0 +418 0 +410 0 +402 0 +394 0 +386 0 +378 0 +370 0 +360 0 +352 0 
+342 0 +334 0 +326 0 +316 0 +308 0 +300 0 +290 0 +282 0 +274 0 +266 0 
+256 0 +248 0 +238 0 +230 0 +222 0 +214 0 +206 0 +198 0 +190 0 +180 0 
+172 0 +164 0 +156 0 +148 0 +140 0 +130 0 +122 0 +114 0 +106 0 +98 0 
+90 0 +82 0 +74 0 +66 0 +58 0 +50 0 +42 0 +34 0 +26 0 +18 0 
+10 0 +2 0 *

+1 0 